-193,79,mmRGqlBsNV2QspYld6PkZUvohgQ=,myc+gNkowygPNs1xi4NPoj9XEkQ=
-205,64,mmRGqlBsNV2QspYld6PkZUvohgQ=,myc+gNkowygPNs1xi4NPoj9XEkQ=
-194,79,mmRGqlBsNV2QspYld6PkZUvohgQ=,myc+gNkowygPNs1xi4NPoj9XEkQ=
-195,79,mmRGqlBsNV2QspYld6PkZUvohgQ=,myc+gNkowygPNs1xi4NPoj9XEkQ=
-195,66,mmRGqlBsNV2QspYld6PkZUvohgQ=,myc+gNkowygPNs1xi4NPoj9XEkQ=
-196,79,mmRGqlBsNV2QspYld6PkZUvohgQ=,myc+gNkowygPNs1xi4NPoj9XEkQ=
-197,79,mmRGqlBsNV2QspYld6PkZUvohgQ=,myc+gNkowygPNs1xi4NPoj9XEkQ=
-198,79,mmRGqlBsNV2QspYld6PkZUvohgQ=,myc+gNkowygPNs1xi4NPoj9XEkQ=
-199,79,mmRGqlBsNV2QspYld6PkZUvohgQ=,myc+gNkowygPNs1xi4NPoj9XEkQ=
-194,66,mmRGqlBsNV2QspYld6PkZUvohgQ=,myc+gNkowygPNs1xi4NPoj9XEkQ=
-200,79,mmRGqlBsNV2QspYld6PkZUvohgQ=,myc+gNkowygPNs1xi4NPoj9XEkQ=
-201,79,mmRGqlBsNV2QspYld6PkZUvohgQ=,myc+gNkowygPNs1xi4NPoj9XEkQ=
-202,79,mmRGqlBsNV2QspYld6PkZUvohgQ=,myc+gNkowygPNs1xi4NPoj9XEkQ=
-205,79,mmRGqlBsNV2QspYld6PkZUvohgQ=,myc+gNkowygPNs1xi4NPoj9XEkQ=
-207,79,mmRGqlBsNV2QspYld6PkZUvohgQ=,myc+gNkowygPNs1xi4NPoj9XEkQ=
-204,79,mmRGqlBsNV2QspYld6PkZUvohgQ=,myc+gNkowygPNs1xi4NPoj9XEkQ=
-193,66,mmRGqlBsNV2QspYld6PkZUvohgQ=,myc+gNkowygPNs1xi4NPoj9XEkQ=
-206,79,mmRGqlBsNV2QspYld6PkZUvohgQ=,myc+gNkowygPNs1xi4NPoj9XEkQ=
-203,79,mmRGqlBsNV2QspYld6PkZUvohgQ=,myc+gNkowygPNs1xi4NPoj9XEkQ=
-194,65,mmRGqlBsNV2QspYld6PkZUvohgQ=,myc+gNkowygPNs1xi4NPoj9XEkQ=
-208,67,mmRGqlBsNV2QspYld6PkZUvohgQ=,myc+gNkowygPNs1xi4NPoj9XEkQ=
-193,65,mmRGqlBsNV2QspYld6PkZUvohgQ=,myc+gNkowygPNs1xi4NPoj9XEkQ=
-196,65,mmRGqlBsNV2QspYld6PkZUvohgQ=,myc+gNkowygPNs1xi4NPoj9XEkQ=
-199,65,mmRGqlBsNV2QspYld6PkZUvohgQ=,myc+gNkowygPNs1xi4NPoj9XEkQ=
-197,65,mmRGqlBsNV2QspYld6PkZUvohgQ=,myc+gNkowygPNs1xi4NPoj9XEkQ=
-207,65,mmRGqlBsNV2QspYld6PkZUvohgQ=,myc+gNkowygPNs1xi4NPoj9XEkQ=
-198,65,mmRGqlBsNV2QspYld6PkZUvohgQ=,myc+gNkowygPNs1xi4NPoj9XEkQ=
-207,67,mmRGqlBsNV2QspYld6PkZUvohgQ=,myc+gNkowygPNs1xi4NPoj9XEkQ=
-200,65,mmRGqlBsNV2QspYld6PkZUvohgQ=,myc+gNkowygPNs1xi4NPoj9XEkQ=
-195,65,mmRGqlBsNV2QspYld6PkZUvohgQ=,myc+gNkowygPNs1xi4NPoj9XEkQ=
-201,65,mmRGqlBsNV2QspYld6PkZUvohgQ=,myc+gNkowygPNs1xi4NPoj9XEkQ=
-202,65,mmRGqlBsNV2QspYld6PkZUvohgQ=,myc+gNkowygPNs1xi4NPoj9XEkQ=
-205,65,mmRGqlBsNV2QspYld6PkZUvohgQ=,myc+gNkowygPNs1xi4NPoj9XEkQ=
-206,67,mmRGqlBsNV2QspYld6PkZUvohgQ=,myc+gNkowygPNs1xi4NPoj9XEkQ=
-203,65,mmRGqlBsNV2QspYld6PkZUvohgQ=,myc+gNkowygPNs1xi4NPoj9XEkQ=
-204,65,mmRGqlBsNV2QspYld6PkZUvohgQ=,myc+gNkowygPNs1xi4NPoj9XEkQ=
-206,65,mmRGqlBsNV2QspYld6PkZUvohgQ=,myc+gNkowygPNs1xi4NPoj9XEkQ=
-208,79,mmRGqlBsNV2QspYld6PkZUvohgQ=,myc+gNkowygPNs1xi4NPoj9XEkQ=
-205,67,mmRGqlBsNV2QspYld6PkZUvohgQ=,myc+gNkowygPNs1xi4NPoj9XEkQ=
-194,78,mmRGqlBsNV2QspYld6PkZUvohgQ=,myc+gNkowygPNs1xi4NPoj9XEkQ=
-193,78,mmRGqlBsNV2QspYld6PkZUvohgQ=,myc+gNkowygPNs1xi4NPoj9XEkQ=
-196,66,mmRGqlBsNV2QspYld6PkZUvohgQ=,myc+gNkowygPNs1xi4NPoj9XEkQ=
-206,64,mmRGqlBsNV2QspYld6PkZUvohgQ=,myc+gNkowygPNs1xi4NPoj9XEkQ=
-196,78,mmRGqlBsNV2QspYld6PkZUvohgQ=,myc+gNkowygPNs1xi4NPoj9XEkQ=
-195,78,mmRGqlBsNV2QspYld6PkZUvohgQ=,myc+gNkowygPNs1xi4NPoj9XEkQ=
-204,67,mmRGqlBsNV2QspYld6PkZUvohgQ=,myc+gNkowygPNs1xi4NPoj9XEkQ=
-198,78,mmRGqlBsNV2QspYld6PkZUvohgQ=,myc+gNkowygPNs1xi4NPoj9XEkQ=
-197,78,mmRGqlBsNV2QspYld6PkZUvohgQ=,myc+gNkowygPNs1xi4NPoj9XEkQ=
-199,78,mmRGqlBsNV2QspYld6PkZUvohgQ=,myc+gNkowygPNs1xi4NPoj9XEkQ=
-201,78,mmRGqlBsNV2QspYld6PkZUvohgQ=,myc+gNkowygPNs1xi4NPoj9XEkQ=
-202,78,mmRGqlBsNV2QspYld6PkZUvohgQ=,myc+gNkowygPNs1xi4NPoj9XEkQ=
-208,66,mmRGqlBsNV2QspYld6PkZUvohgQ=,myc+gNkowygPNs1xi4NPoj9XEkQ=
-200,78,mmRGqlBsNV2QspYld6PkZUvohgQ=,myc+gNkowygPNs1xi4NPoj9XEkQ=
-206,78,mmRGqlBsNV2QspYld6PkZUvohgQ=,myc+gNkowygPNs1xi4NPoj9XEkQ=
-205,78,mmRGqlBsNV2QspYld6PkZUvohgQ=,myc+gNkowygPNs1xi4NPoj9XEkQ=
-204,64,mmRGqlBsNV2QspYld6PkZUvohgQ=,myc+gNkowygPNs1xi4NPoj9XEkQ=
-204,78,mmRGqlBsNV2QspYld6PkZUvohgQ=,myc+gNkowygPNs1xi4NPoj9XEkQ=
-203,78,mmRGqlBsNV2QspYld6PkZUvohgQ=,myc+gNkowygPNs1xi4NPoj9XEkQ=
-207,78,mmRGqlBsNV2QspYld6PkZUvohgQ=,myc+gNkowygPNs1xi4NPoj9XEkQ=
-208,78,mmRGqlBsNV2QspYld6PkZUvohgQ=,myc+gNkowygPNs1xi4NPoj9XEkQ=
-208,65,mmRGqlBsNV2QspYld6PkZUvohgQ=,myc+gNkowygPNs1xi4NPoj9XEkQ=
-193,77,mmRGqlBsNV2QspYld6PkZUvohgQ=,myc+gNkowygPNs1xi4NPoj9XEkQ=
-194,77,mmRGqlBsNV2QspYld6PkZUvohgQ=,myc+gNkowygPNs1xi4NPoj9XEkQ=
-195,77,mmRGqlBsNV2QspYld6PkZUvohgQ=,myc+gNkowygPNs1xi4NPoj9XEkQ=
-203,67,mmRGqlBsNV2QspYld6PkZUvohgQ=,myc+gNkowygPNs1xi4NPoj9XEkQ=
-197,66,mmRGqlBsNV2QspYld6PkZUvohgQ=,myc+gNkowygPNs1xi4NPoj9XEkQ=
-193,64,mmRGqlBsNV2QspYld6PkZUvohgQ=,myc+gNkowygPNs1xi4NPoj9XEkQ=
-196,77,mmRGqlBsNV2QspYld6PkZUvohgQ=,myc+gNkowygPNs1xi4NPoj9XEkQ=
-197,77,mmRGqlBsNV2QspYld6PkZUvohgQ=,myc+gNkowygPNs1xi4NPoj9XEkQ=
-202,67,mmRGqlBsNV2QspYld6PkZUvohgQ=,myc+gNkowygPNs1xi4NPoj9XEkQ=
-198,77,mmRGqlBsNV2QspYld6PkZUvohgQ=,myc+gNkowygPNs1xi4NPoj9XEkQ=
-199,77,mmRGqlBsNV2QspYld6PkZUvohgQ=,myc+gNkowygPNs1xi4NPoj9XEkQ=
-200,77,mmRGqlBsNV2QspYld6PkZUvohgQ=,myc+gNkowygPNs1xi4NPoj9XEkQ=
-204,77,mmRGqlBsNV2QspYld6PkZUvohgQ=,myc+gNkowygPNs1xi4NPoj9XEkQ=
-201,77,mmRGqlBsNV2QspYld6PkZUvohgQ=,myc+gNkowygPNs1xi4NPoj9XEkQ=
-203,77,mmRGqlBsNV2QspYld6PkZUvohgQ=,myc+gNkowygPNs1xi4NPoj9XEkQ=
-206,77,mmRGqlBsNV2QspYld6PkZUvohgQ=,myc+gNkowygPNs1xi4NPoj9XEkQ=
-202,77,mmRGqlBsNV2QspYld6PkZUvohgQ=,myc+gNkowygPNs1xi4NPoj9XEkQ=
-201,67,mmRGqlBsNV2QspYld6PkZUvohgQ=,myc+gNkowygPNs1xi4NPoj9XEkQ=
-205,77,mmRGqlBsNV2QspYld6PkZUvohgQ=,myc+gNkowygPNs1xi4NPoj9XEkQ=
-207,77,mmRGqlBsNV2QspYld6PkZUvohgQ=,myc+gNkowygPNs1xi4NPoj9XEkQ=
-194,76,mmRGqlBsNV2QspYld6PkZUvohgQ=,myc+gNkowygPNs1xi4NPoj9XEkQ=
-208,77,mmRGqlBsNV2QspYld6PkZUvohgQ=,myc+gNkowygPNs1xi4NPoj9XEkQ=
-195,76,mmRGqlBsNV2QspYld6PkZUvohgQ=,myc+gNkowygPNs1xi4NPoj9XEkQ=
-207,64,mmRGqlBsNV2QspYld6PkZUvohgQ=,myc+gNkowygPNs1xi4NPoj9XEkQ=
-193,76,mmRGqlBsNV2QspYld6PkZUvohgQ=,myc+gNkowygPNs1xi4NPoj9XEkQ=
-200,67,mmRGqlBsNV2QspYld6PkZUvohgQ=,myc+gNkowygPNs1xi4NPoj9XEkQ=
-194,64,mmRGqlBsNV2QspYld6PkZUvohgQ=,myc+gNkowygPNs1xi4NPoj9XEkQ=
-196,76,mmRGqlBsNV2QspYld6PkZUvohgQ=,myc+gNkowygPNs1xi4NPoj9XEkQ=
-198,66,mmRGqlBsNV2QspYld6PkZUvohgQ=,myc+gNkowygPNs1xi4NPoj9XEkQ=
-197,76,mmRGqlBsNV2QspYld6PkZUvohgQ=,myc+gNkowygPNs1xi4NPoj9XEkQ=
-200,76,mmRGqlBsNV2QspYld6PkZUvohgQ=,myc+gNkowygPNs1xi4NPoj9XEkQ=
-199,76,mmRGqlBsNV2QspYld6PkZUvohgQ=,myc+gNkowygPNs1xi4NPoj9XEkQ=
-198,76,mmRGqlBsNV2QspYld6PkZUvohgQ=,myc+gNkowygPNs1xi4NPoj9XEkQ=
-201,76,mmRGqlBsNV2QspYld6PkZUvohgQ=,myc+gNkowygPNs1xi4NPoj9XEkQ=
-208,64,mmRGqlBsNV2QspYld6PkZUvohgQ=,myc+gNkowygPNs1xi4NPoj9XEkQ=
-202,76,mmRGqlBsNV2QspYld6PkZUvohgQ=,myc+gNkowygPNs1xi4NPoj9XEkQ=
-203,76,mmRGqlBsNV2QspYld6PkZUvohgQ=,myc+gNkowygPNs1xi4NPoj9XEkQ=
-204,76,mmRGqlBsNV2QspYld6PkZUvohgQ=,myc+gNkowygPNs1xi4NPoj9XEkQ=
-205,76,mmRGqlBsNV2QspYld6PkZUvohgQ=,myc+gNkowygPNs1xi4NPoj9XEkQ=
-206,76,mmRGqlBsNV2QspYld6PkZUvohgQ=,myc+gNkowygPNs1xi4NPoj9XEkQ=
-199,67,mmRGqlBsNV2QspYld6PkZUvohgQ=,myc+gNkowygPNs1xi4NPoj9XEkQ=
-207,76,mmRGqlBsNV2QspYld6PkZUvohgQ=,myc+gNkowygPNs1xi4NPoj9XEkQ=
-193,75,mmRGqlBsNV2QspYld6PkZUvohgQ=,myc+gNkowygPNs1xi4NPoj9XEkQ=
-208,76,mmRGqlBsNV2QspYld6PkZUvohgQ=,myc+gNkowygPNs1xi4NPoj9XEkQ=
-194,75,mmRGqlBsNV2QspYld6PkZUvohgQ=,myc+gNkowygPNs1xi4NPoj9XEkQ=
-195,75,mmRGqlBsNV2QspYld6PkZUvohgQ=,myc+gNkowygPNs1xi4NPoj9XEkQ=
-197,74,mmRGqlBsNV2QspYld6PkZUvohgQ=,myc+gNkowygPNs1xi4NPoj9XEkQ=
-196,64,mmRGqlBsNV2QspYld6PkZUvohgQ=,myc+gNkowygPNs1xi4NPoj9XEkQ=
-196,74,mmRGqlBsNV2QspYld6PkZUvohgQ=,myc+gNkowygPNs1xi4NPoj9XEkQ=
-195,67,mmRGqlBsNV2QspYld6PkZUvohgQ=,myc+gNkowygPNs1xi4NPoj9XEkQ=
-194,74,mmRGqlBsNV2QspYld6PkZUvohgQ=,myc+gNkowygPNs1xi4NPoj9XEkQ=
-195,74,mmRGqlBsNV2QspYld6PkZUvohgQ=,myc+gNkowygPNs1xi4NPoj9XEkQ=
-194,67,mmRGqlBsNV2QspYld6PkZUvohgQ=,myc+gNkowygPNs1xi4NPoj9XEkQ=
-198,74,mmRGqlBsNV2QspYld6PkZUvohgQ=,myc+gNkowygPNs1xi4NPoj9XEkQ=
-198,67,mmRGqlBsNV2QspYld6PkZUvohgQ=,myc+gNkowygPNs1xi4NPoj9XEkQ=
-200,74,mmRGqlBsNV2QspYld6PkZUvohgQ=,myc+gNkowygPNs1xi4NPoj9XEkQ=
-200,66,mmRGqlBsNV2QspYld6PkZUvohgQ=,myc+gNkowygPNs1xi4NPoj9XEkQ=
-201,74,mmRGqlBsNV2QspYld6PkZUvohgQ=,myc+gNkowygPNs1xi4NPoj9XEkQ=
-196,75,mmRGqlBsNV2QspYld6PkZUvohgQ=,myc+gNkowygPNs1xi4NPoj9XEkQ=
-203,74,mmRGqlBsNV2QspYld6PkZUvohgQ=,myc+gNkowygPNs1xi4NPoj9XEkQ=
-193,67,mmRGqlBsNV2QspYld6PkZUvohgQ=,myc+gNkowygPNs1xi4NPoj9XEkQ=
-199,74,mmRGqlBsNV2QspYld6PkZUvohgQ=,myc+gNkowygPNs1xi4NPoj9XEkQ=
-195,64,mmRGqlBsNV2QspYld6PkZUvohgQ=,myc+gNkowygPNs1xi4NPoj9XEkQ=
-205,75,mmRGqlBsNV2QspYld6PkZUvohgQ=,myc+gNkowygPNs1xi4NPoj9XEkQ=
-207,66,mmRGqlBsNV2QspYld6PkZUvohgQ=,myc+gNkowygPNs1xi4NPoj9XEkQ=
-206,74,mmRGqlBsNV2QspYld6PkZUvohgQ=,myc+gNkowygPNs1xi4NPoj9XEkQ=
-199,75,mmRGqlBsNV2QspYld6PkZUvohgQ=,myc+gNkowygPNs1xi4NPoj9XEkQ=
-202,74,mmRGqlBsNV2QspYld6PkZUvohgQ=,myc+gNkowygPNs1xi4NPoj9XEkQ=
-204,74,mmRGqlBsNV2QspYld6PkZUvohgQ=,myc+gNkowygPNs1xi4NPoj9XEkQ=
-205,74,mmRGqlBsNV2QspYld6PkZUvohgQ=,myc+gNkowygPNs1xi4NPoj9XEkQ=
-208,68,mmRGqlBsNV2QspYld6PkZUvohgQ=,myc+gNkowygPNs1xi4NPoj9XEkQ=
-193,73,mmRGqlBsNV2QspYld6PkZUvohgQ=,myc+gNkowygPNs1xi4NPoj9XEkQ=
-194,73,mmRGqlBsNV2QspYld6PkZUvohgQ=,myc+gNkowygPNs1xi4NPoj9XEkQ=
-208,74,mmRGqlBsNV2QspYld6PkZUvohgQ=,myc+gNkowygPNs1xi4NPoj9XEkQ=
-195,73,mmRGqlBsNV2QspYld6PkZUvohgQ=,myc+gNkowygPNs1xi4NPoj9XEkQ=
-207,68,mmRGqlBsNV2QspYld6PkZUvohgQ=,myc+gNkowygPNs1xi4NPoj9XEkQ=
-197,75,mmRGqlBsNV2QspYld6PkZUvohgQ=,myc+gNkowygPNs1xi4NPoj9XEkQ=
-196,73,mmRGqlBsNV2QspYld6PkZUvohgQ=,myc+gNkowygPNs1xi4NPoj9XEkQ=
-200,75,mmRGqlBsNV2QspYld6PkZUvohgQ=,myc+gNkowygPNs1xi4NPoj9XEkQ=
-197,73,mmRGqlBsNV2QspYld6PkZUvohgQ=,myc+gNkowygPNs1xi4NPoj9XEkQ=
-198,75,mmRGqlBsNV2QspYld6PkZUvohgQ=,myc+gNkowygPNs1xi4NPoj9XEkQ=
-198,73,mmRGqlBsNV2QspYld6PkZUvohgQ=,myc+gNkowygPNs1xi4NPoj9XEkQ=
-199,66,mmRGqlBsNV2QspYld6PkZUvohgQ=,myc+gNkowygPNs1xi4NPoj9XEkQ=
-206,68,mmRGqlBsNV2QspYld6PkZUvohgQ=,myc+gNkowygPNs1xi4NPoj9XEkQ=
-197,64,mmRGqlBsNV2QspYld6PkZUvohgQ=,myc+gNkowygPNs1xi4NPoj9XEkQ=
-199,73,mmRGqlBsNV2QspYld6PkZUvohgQ=,myc+gNkowygPNs1xi4NPoj9XEkQ=
-197,67,mmRGqlBsNV2QspYld6PkZUvohgQ=,myc+gNkowygPNs1xi4NPoj9XEkQ=
-201,73,mmRGqlBsNV2QspYld6PkZUvohgQ=,myc+gNkowygPNs1xi4NPoj9XEkQ=
-202,73,mmRGqlBsNV2QspYld6PkZUvohgQ=,myc+gNkowygPNs1xi4NPoj9XEkQ=
-202,75,mmRGqlBsNV2QspYld6PkZUvohgQ=,myc+gNkowygPNs1xi4NPoj9XEkQ=
-201,66,mmRGqlBsNV2QspYld6PkZUvohgQ=,myc+gNkowygPNs1xi4NPoj9XEkQ=
-203,73,mmRGqlBsNV2QspYld6PkZUvohgQ=,myc+gNkowygPNs1xi4NPoj9XEkQ=
-203,75,mmRGqlBsNV2QspYld6PkZUvohgQ=,myc+gNkowygPNs1xi4NPoj9XEkQ=
-205,68,mmRGqlBsNV2QspYld6PkZUvohgQ=,myc+gNkowygPNs1xi4NPoj9XEkQ=
-204,75,mmRGqlBsNV2QspYld6PkZUvohgQ=,myc+gNkowygPNs1xi4NPoj9XEkQ=
-201,75,mmRGqlBsNV2QspYld6PkZUvohgQ=,myc+gNkowygPNs1xi4NPoj9XEkQ=
-205,73,mmRGqlBsNV2QspYld6PkZUvohgQ=,myc+gNkowygPNs1xi4NPoj9XEkQ=
-204,73,mmRGqlBsNV2QspYld6PkZUvohgQ=,myc+gNkowygPNs1xi4NPoj9XEkQ=
-208,75,mmRGqlBsNV2QspYld6PkZUvohgQ=,myc+gNkowygPNs1xi4NPoj9XEkQ=
-200,73,mmRGqlBsNV2QspYld6PkZUvohgQ=,myc+gNkowygPNs1xi4NPoj9XEkQ=
-207,74,mmRGqlBsNV2QspYld6PkZUvohgQ=,myc+gNkowygPNs1xi4NPoj9XEkQ=
-206,75,mmRGqlBsNV2QspYld6PkZUvohgQ=,myc+gNkowygPNs1xi4NPoj9XEkQ=
-207,73,mmRGqlBsNV2QspYld6PkZUvohgQ=,myc+gNkowygPNs1xi4NPoj9XEkQ=
-207,75,mmRGqlBsNV2QspYld6PkZUvohgQ=,myc+gNkowygPNs1xi4NPoj9XEkQ=
-193,74,mmRGqlBsNV2QspYld6PkZUvohgQ=,myc+gNkowygPNs1xi4NPoj9XEkQ=
-196,67,mmRGqlBsNV2QspYld6PkZUvohgQ=,myc+gNkowygPNs1xi4NPoj9XEkQ=
-208,73,mmRGqlBsNV2QspYld6PkZUvohgQ=,myc+gNkowygPNs1xi4NPoj9XEkQ=
-206,66,mmRGqlBsNV2QspYld6PkZUvohgQ=,myc+gNkowygPNs1xi4NPoj9XEkQ=
-195,72,mmRGqlBsNV2QspYld6PkZUvohgQ=,myc+gNkowygPNs1xi4NPoj9XEkQ=
-206,73,mmRGqlBsNV2QspYld6PkZUvohgQ=,myc+gNkowygPNs1xi4NPoj9XEkQ=
-193,72,mmRGqlBsNV2QspYld6PkZUvohgQ=,myc+gNkowygPNs1xi4NPoj9XEkQ=
-194,72,mmRGqlBsNV2QspYld6PkZUvohgQ=,myc+gNkowygPNs1xi4NPoj9XEkQ=
-204,68,mmRGqlBsNV2QspYld6PkZUvohgQ=,myc+gNkowygPNs1xi4NPoj9XEkQ=
-198,72,mmRGqlBsNV2QspYld6PkZUvohgQ=,myc+gNkowygPNs1xi4NPoj9XEkQ=
-199,72,mmRGqlBsNV2QspYld6PkZUvohgQ=,myc+gNkowygPNs1xi4NPoj9XEkQ=
-197,72,mmRGqlBsNV2QspYld6PkZUvohgQ=,myc+gNkowygPNs1xi4NPoj9XEkQ=
-196,72,mmRGqlBsNV2QspYld6PkZUvohgQ=,myc+gNkowygPNs1xi4NPoj9XEkQ=
-198,64,mmRGqlBsNV2QspYld6PkZUvohgQ=,myc+gNkowygPNs1xi4NPoj9XEkQ=
-200,72,mmRGqlBsNV2QspYld6PkZUvohgQ=,myc+gNkowygPNs1xi4NPoj9XEkQ=
-202,66,mmRGqlBsNV2QspYld6PkZUvohgQ=,myc+gNkowygPNs1xi4NPoj9XEkQ=
-201,72,mmRGqlBsNV2QspYld6PkZUvohgQ=,myc+gNkowygPNs1xi4NPoj9XEkQ=
-203,64,mmRGqlBsNV2QspYld6PkZUvohgQ=,myc+gNkowygPNs1xi4NPoj9XEkQ=
-203,72,mmRGqlBsNV2QspYld6PkZUvohgQ=,myc+gNkowygPNs1xi4NPoj9XEkQ=
-202,72,mmRGqlBsNV2QspYld6PkZUvohgQ=,myc+gNkowygPNs1xi4NPoj9XEkQ=
-204,72,mmRGqlBsNV2QspYld6PkZUvohgQ=,myc+gNkowygPNs1xi4NPoj9XEkQ=
-205,72,mmRGqlBsNV2QspYld6PkZUvohgQ=,myc+gNkowygPNs1xi4NPoj9XEkQ=
-206,72,mmRGqlBsNV2QspYld6PkZUvohgQ=,myc+gNkowygPNs1xi4NPoj9XEkQ=
-207,72,mmRGqlBsNV2QspYld6PkZUvohgQ=,myc+gNkowygPNs1xi4NPoj9XEkQ=
-203,68,mmRGqlBsNV2QspYld6PkZUvohgQ=,myc+gNkowygPNs1xi4NPoj9XEkQ=
-195,71,mmRGqlBsNV2QspYld6PkZUvohgQ=,myc+gNkowygPNs1xi4NPoj9XEkQ=
-208,72,mmRGqlBsNV2QspYld6PkZUvohgQ=,myc+gNkowygPNs1xi4NPoj9XEkQ=
-194,71,mmRGqlBsNV2QspYld6PkZUvohgQ=,myc+gNkowygPNs1xi4NPoj9XEkQ=
-193,71,mmRGqlBsNV2QspYld6PkZUvohgQ=,myc+gNkowygPNs1xi4NPoj9XEkQ=
-202,68,mmRGqlBsNV2QspYld6PkZUvohgQ=,myc+gNkowygPNs1xi4NPoj9XEkQ=
-196,71,mmRGqlBsNV2QspYld6PkZUvohgQ=,myc+gNkowygPNs1xi4NPoj9XEkQ=
-198,71,mmRGqlBsNV2QspYld6PkZUvohgQ=,myc+gNkowygPNs1xi4NPoj9XEkQ=
-199,71,mmRGqlBsNV2QspYld6PkZUvohgQ=,myc+gNkowygPNs1xi4NPoj9XEkQ=
-199,64,mmRGqlBsNV2QspYld6PkZUvohgQ=,myc+gNkowygPNs1xi4NPoj9XEkQ=
-197,71,mmRGqlBsNV2QspYld6PkZUvohgQ=,myc+gNkowygPNs1xi4NPoj9XEkQ=
-201,68,mmRGqlBsNV2QspYld6PkZUvohgQ=,myc+gNkowygPNs1xi4NPoj9XEkQ=
-200,71,mmRGqlBsNV2QspYld6PkZUvohgQ=,myc+gNkowygPNs1xi4NPoj9XEkQ=
-201,71,mmRGqlBsNV2QspYld6PkZUvohgQ=,myc+gNkowygPNs1xi4NPoj9XEkQ=
-203,66,mmRGqlBsNV2QspYld6PkZUvohgQ=,myc+gNkowygPNs1xi4NPoj9XEkQ=
-202,71,mmRGqlBsNV2QspYld6PkZUvohgQ=,myc+gNkowygPNs1xi4NPoj9XEkQ=
-203,71,mmRGqlBsNV2QspYld6PkZUvohgQ=,myc+gNkowygPNs1xi4NPoj9XEkQ=
-204,71,mmRGqlBsNV2QspYld6PkZUvohgQ=,myc+gNkowygPNs1xi4NPoj9XEkQ=
-205,71,mmRGqlBsNV2QspYld6PkZUvohgQ=,myc+gNkowygPNs1xi4NPoj9XEkQ=
-200,68,mmRGqlBsNV2QspYld6PkZUvohgQ=,myc+gNkowygPNs1xi4NPoj9XEkQ=
-206,71,mmRGqlBsNV2QspYld6PkZUvohgQ=,myc+gNkowygPNs1xi4NPoj9XEkQ=
-208,71,mmRGqlBsNV2QspYld6PkZUvohgQ=,myc+gNkowygPNs1xi4NPoj9XEkQ=
-207,71,mmRGqlBsNV2QspYld6PkZUvohgQ=,myc+gNkowygPNs1xi4NPoj9XEkQ=
-193,70,mmRGqlBsNV2QspYld6PkZUvohgQ=,myc+gNkowygPNs1xi4NPoj9XEkQ=
-195,70,mmRGqlBsNV2QspYld6PkZUvohgQ=,myc+gNkowygPNs1xi4NPoj9XEkQ=
-194,70,mmRGqlBsNV2QspYld6PkZUvohgQ=,myc+gNkowygPNs1xi4NPoj9XEkQ=
-196,70,mmRGqlBsNV2QspYld6PkZUvohgQ=,myc+gNkowygPNs1xi4NPoj9XEkQ=
-199,68,mmRGqlBsNV2QspYld6PkZUvohgQ=,myc+gNkowygPNs1xi4NPoj9XEkQ=
-197,70,mmRGqlBsNV2QspYld6PkZUvohgQ=,myc+gNkowygPNs1xi4NPoj9XEkQ=
-198,70,mmRGqlBsNV2QspYld6PkZUvohgQ=,myc+gNkowygPNs1xi4NPoj9XEkQ=
-201,70,mmRGqlBsNV2QspYld6PkZUvohgQ=,myc+gNkowygPNs1xi4NPoj9XEkQ=
-199,70,mmRGqlBsNV2QspYld6PkZUvohgQ=,myc+gNkowygPNs1xi4NPoj9XEkQ=
-200,70,mmRGqlBsNV2QspYld6PkZUvohgQ=,myc+gNkowygPNs1xi4NPoj9XEkQ=
-200,64,mmRGqlBsNV2QspYld6PkZUvohgQ=,myc+gNkowygPNs1xi4NPoj9XEkQ=
-204,66,mmRGqlBsNV2QspYld6PkZUvohgQ=,myc+gNkowygPNs1xi4NPoj9XEkQ=
-204,70,mmRGqlBsNV2QspYld6PkZUvohgQ=,myc+gNkowygPNs1xi4NPoj9XEkQ=
-205,70,mmRGqlBsNV2QspYld6PkZUvohgQ=,myc+gNkowygPNs1xi4NPoj9XEkQ=
-198,68,mmRGqlBsNV2QspYld6PkZUvohgQ=,myc+gNkowygPNs1xi4NPoj9XEkQ=
-203,70,mmRGqlBsNV2QspYld6PkZUvohgQ=,myc+gNkowygPNs1xi4NPoj9XEkQ=
-202,70,mmRGqlBsNV2QspYld6PkZUvohgQ=,myc+gNkowygPNs1xi4NPoj9XEkQ=
-206,70,mmRGqlBsNV2QspYld6PkZUvohgQ=,myc+gNkowygPNs1xi4NPoj9XEkQ=
-207,70,mmRGqlBsNV2QspYld6PkZUvohgQ=,myc+gNkowygPNs1xi4NPoj9XEkQ=
-197,68,mmRGqlBsNV2QspYld6PkZUvohgQ=,myc+gNkowygPNs1xi4NPoj9XEkQ=
-208,70,mmRGqlBsNV2QspYld6PkZUvohgQ=,myc+gNkowygPNs1xi4NPoj9XEkQ=
-194,69,mmRGqlBsNV2QspYld6PkZUvohgQ=,myc+gNkowygPNs1xi4NPoj9XEkQ=
-193,69,mmRGqlBsNV2QspYld6PkZUvohgQ=,myc+gNkowygPNs1xi4NPoj9XEkQ=
-195,69,mmRGqlBsNV2QspYld6PkZUvohgQ=,myc+gNkowygPNs1xi4NPoj9XEkQ=
-198,69,mmRGqlBsNV2QspYld6PkZUvohgQ=,myc+gNkowygPNs1xi4NPoj9XEkQ=
-196,69,mmRGqlBsNV2QspYld6PkZUvohgQ=,myc+gNkowygPNs1xi4NPoj9XEkQ=
-196,68,mmRGqlBsNV2QspYld6PkZUvohgQ=,myc+gNkowygPNs1xi4NPoj9XEkQ=
-200,69,mmRGqlBsNV2QspYld6PkZUvohgQ=,myc+gNkowygPNs1xi4NPoj9XEkQ=
-197,69,mmRGqlBsNV2QspYld6PkZUvohgQ=,myc+gNkowygPNs1xi4NPoj9XEkQ=
-199,69,mmRGqlBsNV2QspYld6PkZUvohgQ=,myc+gNkowygPNs1xi4NPoj9XEkQ=
-201,69,mmRGqlBsNV2QspYld6PkZUvohgQ=,myc+gNkowygPNs1xi4NPoj9XEkQ=
-201,64,mmRGqlBsNV2QspYld6PkZUvohgQ=,myc+gNkowygPNs1xi4NPoj9XEkQ=
-203,69,mmRGqlBsNV2QspYld6PkZUvohgQ=,myc+gNkowygPNs1xi4NPoj9XEkQ=
-202,69,mmRGqlBsNV2QspYld6PkZUvohgQ=,myc+gNkowygPNs1xi4NPoj9XEkQ=
-205,66,mmRGqlBsNV2QspYld6PkZUvohgQ=,myc+gNkowygPNs1xi4NPoj9XEkQ=
-195,68,mmRGqlBsNV2QspYld6PkZUvohgQ=,myc+gNkowygPNs1xi4NPoj9XEkQ=
-204,69,mmRGqlBsNV2QspYld6PkZUvohgQ=,myc+gNkowygPNs1xi4NPoj9XEkQ=
-206,69,mmRGqlBsNV2QspYld6PkZUvohgQ=,myc+gNkowygPNs1xi4NPoj9XEkQ=
-207,69,mmRGqlBsNV2QspYld6PkZUvohgQ=,myc+gNkowygPNs1xi4NPoj9XEkQ=
-205,69,mmRGqlBsNV2QspYld6PkZUvohgQ=,myc+gNkowygPNs1xi4NPoj9XEkQ=
-208,69,mmRGqlBsNV2QspYld6PkZUvohgQ=,myc+gNkowygPNs1xi4NPoj9XEkQ=
-194,68,mmRGqlBsNV2QspYld6PkZUvohgQ=,myc+gNkowygPNs1xi4NPoj9XEkQ=
-202,64,mmRGqlBsNV2QspYld6PkZUvohgQ=,myc+gNkowygPNs1xi4NPoj9XEkQ=
-193,68,mmRGqlBsNV2QspYld6PkZUvohgQ=,myc+gNkowygPNs1xi4NPoj9XEkQ=
