111,-15,a+AEgXoJ4heMYpi1cYttemHocBs=,69nPtMoMSjqCCPXBmJv7sc90moM=
99,-16,a+AEgXoJ4heMYpi1cYttemHocBs=,69nPtMoMSjqCCPXBmJv7sc90moM=
108,-14,a+AEgXoJ4heMYpi1cYttemHocBs=,69nPtMoMSjqCCPXBmJv7sc90moM=
108,-13,a+AEgXoJ4heMYpi1cYttemHocBs=,69nPtMoMSjqCCPXBmJv7sc90moM=
109,-14,a+AEgXoJ4heMYpi1cYttemHocBs=,69nPtMoMSjqCCPXBmJv7sc90moM=
111,-1,a+AEgXoJ4heMYpi1cYttemHocBs=,69nPtMoMSjqCCPXBmJv7sc90moM=
106,-14,a+AEgXoJ4heMYpi1cYttemHocBs=,69nPtMoMSjqCCPXBmJv7sc90moM=
103,-14,a+AEgXoJ4heMYpi1cYttemHocBs=,69nPtMoMSjqCCPXBmJv7sc90moM=
104,-14,a+AEgXoJ4heMYpi1cYttemHocBs=,69nPtMoMSjqCCPXBmJv7sc90moM=
110,-14,a+AEgXoJ4heMYpi1cYttemHocBs=,69nPtMoMSjqCCPXBmJv7sc90moM=
107,-14,a+AEgXoJ4heMYpi1cYttemHocBs=,69nPtMoMSjqCCPXBmJv7sc90moM=
105,-14,a+AEgXoJ4heMYpi1cYttemHocBs=,69nPtMoMSjqCCPXBmJv7sc90moM=
102,-14,a+AEgXoJ4heMYpi1cYttemHocBs=,69nPtMoMSjqCCPXBmJv7sc90moM=
100,-14,a+AEgXoJ4heMYpi1cYttemHocBs=,69nPtMoMSjqCCPXBmJv7sc90moM=
98,-14,a+AEgXoJ4heMYpi1cYttemHocBs=,69nPtMoMSjqCCPXBmJv7sc90moM=
100,-16,a+AEgXoJ4heMYpi1cYttemHocBs=,69nPtMoMSjqCCPXBmJv7sc90moM=
101,-14,a+AEgXoJ4heMYpi1cYttemHocBs=,69nPtMoMSjqCCPXBmJv7sc90moM=
97,-14,a+AEgXoJ4heMYpi1cYttemHocBs=,69nPtMoMSjqCCPXBmJv7sc90moM=
110,-1,a+AEgXoJ4heMYpi1cYttemHocBs=,69nPtMoMSjqCCPXBmJv7sc90moM=
96,-14,a+AEgXoJ4heMYpi1cYttemHocBs=,69nPtMoMSjqCCPXBmJv7sc90moM=
99,-14,a+AEgXoJ4heMYpi1cYttemHocBs=,69nPtMoMSjqCCPXBmJv7sc90moM=
107,-13,a+AEgXoJ4heMYpi1cYttemHocBs=,69nPtMoMSjqCCPXBmJv7sc90moM=
109,-1,a+AEgXoJ4heMYpi1cYttemHocBs=,69nPtMoMSjqCCPXBmJv7sc90moM=
108,-1,a+AEgXoJ4heMYpi1cYttemHocBs=,69nPtMoMSjqCCPXBmJv7sc90moM=
109,-13,a+AEgXoJ4heMYpi1cYttemHocBs=,69nPtMoMSjqCCPXBmJv7sc90moM=
105,-1,a+AEgXoJ4heMYpi1cYttemHocBs=,69nPtMoMSjqCCPXBmJv7sc90moM=
101,-1,a+AEgXoJ4heMYpi1cYttemHocBs=,69nPtMoMSjqCCPXBmJv7sc90moM=
110,-13,a+AEgXoJ4heMYpi1cYttemHocBs=,69nPtMoMSjqCCPXBmJv7sc90moM=
102,-1,a+AEgXoJ4heMYpi1cYttemHocBs=,69nPtMoMSjqCCPXBmJv7sc90moM=
99,-1,a+AEgXoJ4heMYpi1cYttemHocBs=,69nPtMoMSjqCCPXBmJv7sc90moM=
103,-1,a+AEgXoJ4heMYpi1cYttemHocBs=,69nPtMoMSjqCCPXBmJv7sc90moM=
111,-13,a+AEgXoJ4heMYpi1cYttemHocBs=,69nPtMoMSjqCCPXBmJv7sc90moM=
96,-12,a+AEgXoJ4heMYpi1cYttemHocBs=,69nPtMoMSjqCCPXBmJv7sc90moM=
106,-1,a+AEgXoJ4heMYpi1cYttemHocBs=,69nPtMoMSjqCCPXBmJv7sc90moM=
101,-16,a+AEgXoJ4heMYpi1cYttemHocBs=,69nPtMoMSjqCCPXBmJv7sc90moM=
104,-1,a+AEgXoJ4heMYpi1cYttemHocBs=,69nPtMoMSjqCCPXBmJv7sc90moM=
107,-1,a+AEgXoJ4heMYpi1cYttemHocBs=,69nPtMoMSjqCCPXBmJv7sc90moM=
98,-16,a+AEgXoJ4heMYpi1cYttemHocBs=,69nPtMoMSjqCCPXBmJv7sc90moM=
97,-1,a+AEgXoJ4heMYpi1cYttemHocBs=,69nPtMoMSjqCCPXBmJv7sc90moM=
100,-1,a+AEgXoJ4heMYpi1cYttemHocBs=,69nPtMoMSjqCCPXBmJv7sc90moM=
98,-1,a+AEgXoJ4heMYpi1cYttemHocBs=,69nPtMoMSjqCCPXBmJv7sc90moM=
96,-1,a+AEgXoJ4heMYpi1cYttemHocBs=,69nPtMoMSjqCCPXBmJv7sc90moM=
98,-15,a+AEgXoJ4heMYpi1cYttemHocBs=,69nPtMoMSjqCCPXBmJv7sc90moM=
111,-2,a+AEgXoJ4heMYpi1cYttemHocBs=,69nPtMoMSjqCCPXBmJv7sc90moM=
110,-2,a+AEgXoJ4heMYpi1cYttemHocBs=,69nPtMoMSjqCCPXBmJv7sc90moM=
110,-15,a+AEgXoJ4heMYpi1cYttemHocBs=,69nPtMoMSjqCCPXBmJv7sc90moM=
106,-13,a+AEgXoJ4heMYpi1cYttemHocBs=,69nPtMoMSjqCCPXBmJv7sc90moM=
109,-2,a+AEgXoJ4heMYpi1cYttemHocBs=,69nPtMoMSjqCCPXBmJv7sc90moM=
108,-2,a+AEgXoJ4heMYpi1cYttemHocBs=,69nPtMoMSjqCCPXBmJv7sc90moM=
107,-2,a+AEgXoJ4heMYpi1cYttemHocBs=,69nPtMoMSjqCCPXBmJv7sc90moM=
105,-2,a+AEgXoJ4heMYpi1cYttemHocBs=,69nPtMoMSjqCCPXBmJv7sc90moM=
104,-2,a+AEgXoJ4heMYpi1cYttemHocBs=,69nPtMoMSjqCCPXBmJv7sc90moM=
97,-12,a+AEgXoJ4heMYpi1cYttemHocBs=,69nPtMoMSjqCCPXBmJv7sc90moM=
103,-2,a+AEgXoJ4heMYpi1cYttemHocBs=,69nPtMoMSjqCCPXBmJv7sc90moM=
102,-2,a+AEgXoJ4heMYpi1cYttemHocBs=,69nPtMoMSjqCCPXBmJv7sc90moM=
106,-2,a+AEgXoJ4heMYpi1cYttemHocBs=,69nPtMoMSjqCCPXBmJv7sc90moM=
99,-2,a+AEgXoJ4heMYpi1cYttemHocBs=,69nPtMoMSjqCCPXBmJv7sc90moM=
101,-2,a+AEgXoJ4heMYpi1cYttemHocBs=,69nPtMoMSjqCCPXBmJv7sc90moM=
100,-2,a+AEgXoJ4heMYpi1cYttemHocBs=,69nPtMoMSjqCCPXBmJv7sc90moM=
98,-12,a+AEgXoJ4heMYpi1cYttemHocBs=,69nPtMoMSjqCCPXBmJv7sc90moM=
98,-2,a+AEgXoJ4heMYpi1cYttemHocBs=,69nPtMoMSjqCCPXBmJv7sc90moM=
96,-15,a+AEgXoJ4heMYpi1cYttemHocBs=,69nPtMoMSjqCCPXBmJv7sc90moM=
105,-13,a+AEgXoJ4heMYpi1cYttemHocBs=,69nPtMoMSjqCCPXBmJv7sc90moM=
97,-15,a+AEgXoJ4heMYpi1cYttemHocBs=,69nPtMoMSjqCCPXBmJv7sc90moM=
99,-12,a+AEgXoJ4heMYpi1cYttemHocBs=,69nPtMoMSjqCCPXBmJv7sc90moM=
97,-16,a+AEgXoJ4heMYpi1cYttemHocBs=,69nPtMoMSjqCCPXBmJv7sc90moM=
96,-2,a+AEgXoJ4heMYpi1cYttemHocBs=,69nPtMoMSjqCCPXBmJv7sc90moM=
111,-3,a+AEgXoJ4heMYpi1cYttemHocBs=,69nPtMoMSjqCCPXBmJv7sc90moM=
97,-2,a+AEgXoJ4heMYpi1cYttemHocBs=,69nPtMoMSjqCCPXBmJv7sc90moM=
110,-3,a+AEgXoJ4heMYpi1cYttemHocBs=,69nPtMoMSjqCCPXBmJv7sc90moM=
108,-3,a+AEgXoJ4heMYpi1cYttemHocBs=,69nPtMoMSjqCCPXBmJv7sc90moM=
109,-3,a+AEgXoJ4heMYpi1cYttemHocBs=,69nPtMoMSjqCCPXBmJv7sc90moM=
100,-12,a+AEgXoJ4heMYpi1cYttemHocBs=,69nPtMoMSjqCCPXBmJv7sc90moM=
107,-3,a+AEgXoJ4heMYpi1cYttemHocBs=,69nPtMoMSjqCCPXBmJv7sc90moM=
106,-3,a+AEgXoJ4heMYpi1cYttemHocBs=,69nPtMoMSjqCCPXBmJv7sc90moM=
105,-3,a+AEgXoJ4heMYpi1cYttemHocBs=,69nPtMoMSjqCCPXBmJv7sc90moM=
104,-3,a+AEgXoJ4heMYpi1cYttemHocBs=,69nPtMoMSjqCCPXBmJv7sc90moM=
102,-3,a+AEgXoJ4heMYpi1cYttemHocBs=,69nPtMoMSjqCCPXBmJv7sc90moM=
96,-16,a+AEgXoJ4heMYpi1cYttemHocBs=,69nPtMoMSjqCCPXBmJv7sc90moM=
103,-3,a+AEgXoJ4heMYpi1cYttemHocBs=,69nPtMoMSjqCCPXBmJv7sc90moM=
101,-3,a+AEgXoJ4heMYpi1cYttemHocBs=,69nPtMoMSjqCCPXBmJv7sc90moM=
100,-3,a+AEgXoJ4heMYpi1cYttemHocBs=,69nPtMoMSjqCCPXBmJv7sc90moM=
99,-3,a+AEgXoJ4heMYpi1cYttemHocBs=,69nPtMoMSjqCCPXBmJv7sc90moM=
111,-16,a+AEgXoJ4heMYpi1cYttemHocBs=,69nPtMoMSjqCCPXBmJv7sc90moM=
101,-12,a+AEgXoJ4heMYpi1cYttemHocBs=,69nPtMoMSjqCCPXBmJv7sc90moM=
109,-15,a+AEgXoJ4heMYpi1cYttemHocBs=,69nPtMoMSjqCCPXBmJv7sc90moM=
104,-13,a+AEgXoJ4heMYpi1cYttemHocBs=,69nPtMoMSjqCCPXBmJv7sc90moM=
97,-3,a+AEgXoJ4heMYpi1cYttemHocBs=,69nPtMoMSjqCCPXBmJv7sc90moM=
98,-3,a+AEgXoJ4heMYpi1cYttemHocBs=,69nPtMoMSjqCCPXBmJv7sc90moM=
96,-3,a+AEgXoJ4heMYpi1cYttemHocBs=,69nPtMoMSjqCCPXBmJv7sc90moM=
108,-15,a+AEgXoJ4heMYpi1cYttemHocBs=,69nPtMoMSjqCCPXBmJv7sc90moM=
111,-4,a+AEgXoJ4heMYpi1cYttemHocBs=,69nPtMoMSjqCCPXBmJv7sc90moM=
102,-12,a+AEgXoJ4heMYpi1cYttemHocBs=,69nPtMoMSjqCCPXBmJv7sc90moM=
110,-4,a+AEgXoJ4heMYpi1cYttemHocBs=,69nPtMoMSjqCCPXBmJv7sc90moM=
105,-4,a+AEgXoJ4heMYpi1cYttemHocBs=,69nPtMoMSjqCCPXBmJv7sc90moM=
109,-4,a+AEgXoJ4heMYpi1cYttemHocBs=,69nPtMoMSjqCCPXBmJv7sc90moM=
107,-4,a+AEgXoJ4heMYpi1cYttemHocBs=,69nPtMoMSjqCCPXBmJv7sc90moM=
106,-4,a+AEgXoJ4heMYpi1cYttemHocBs=,69nPtMoMSjqCCPXBmJv7sc90moM=
108,-4,a+AEgXoJ4heMYpi1cYttemHocBs=,69nPtMoMSjqCCPXBmJv7sc90moM=
103,-12,a+AEgXoJ4heMYpi1cYttemHocBs=,69nPtMoMSjqCCPXBmJv7sc90moM=
103,-4,a+AEgXoJ4heMYpi1cYttemHocBs=,69nPtMoMSjqCCPXBmJv7sc90moM=
101,-4,a+AEgXoJ4heMYpi1cYttemHocBs=,69nPtMoMSjqCCPXBmJv7sc90moM=
102,-4,a+AEgXoJ4heMYpi1cYttemHocBs=,69nPtMoMSjqCCPXBmJv7sc90moM=
100,-4,a+AEgXoJ4heMYpi1cYttemHocBs=,69nPtMoMSjqCCPXBmJv7sc90moM=
104,-4,a+AEgXoJ4heMYpi1cYttemHocBs=,69nPtMoMSjqCCPXBmJv7sc90moM=
104,-12,a+AEgXoJ4heMYpi1cYttemHocBs=,69nPtMoMSjqCCPXBmJv7sc90moM=
110,-16,a+AEgXoJ4heMYpi1cYttemHocBs=,69nPtMoMSjqCCPXBmJv7sc90moM=
98,-4,a+AEgXoJ4heMYpi1cYttemHocBs=,69nPtMoMSjqCCPXBmJv7sc90moM=
97,-4,a+AEgXoJ4heMYpi1cYttemHocBs=,69nPtMoMSjqCCPXBmJv7sc90moM=
103,-13,a+AEgXoJ4heMYpi1cYttemHocBs=,69nPtMoMSjqCCPXBmJv7sc90moM=
99,-4,a+AEgXoJ4heMYpi1cYttemHocBs=,69nPtMoMSjqCCPXBmJv7sc90moM=
105,-12,a+AEgXoJ4heMYpi1cYttemHocBs=,69nPtMoMSjqCCPXBmJv7sc90moM=
111,-5,a+AEgXoJ4heMYpi1cYttemHocBs=,69nPtMoMSjqCCPXBmJv7sc90moM=
96,-4,a+AEgXoJ4heMYpi1cYttemHocBs=,69nPtMoMSjqCCPXBmJv7sc90moM=
107,-15,a+AEgXoJ4heMYpi1cYttemHocBs=,69nPtMoMSjqCCPXBmJv7sc90moM=
109,-5,a+AEgXoJ4heMYpi1cYttemHocBs=,69nPtMoMSjqCCPXBmJv7sc90moM=
108,-5,a+AEgXoJ4heMYpi1cYttemHocBs=,69nPtMoMSjqCCPXBmJv7sc90moM=
110,-5,a+AEgXoJ4heMYpi1cYttemHocBs=,69nPtMoMSjqCCPXBmJv7sc90moM=
105,-5,a+AEgXoJ4heMYpi1cYttemHocBs=,69nPtMoMSjqCCPXBmJv7sc90moM=
106,-12,a+AEgXoJ4heMYpi1cYttemHocBs=,69nPtMoMSjqCCPXBmJv7sc90moM=
106,-5,a+AEgXoJ4heMYpi1cYttemHocBs=,69nPtMoMSjqCCPXBmJv7sc90moM=
107,-5,a+AEgXoJ4heMYpi1cYttemHocBs=,69nPtMoMSjqCCPXBmJv7sc90moM=
104,-5,a+AEgXoJ4heMYpi1cYttemHocBs=,69nPtMoMSjqCCPXBmJv7sc90moM=
111,-14,a+AEgXoJ4heMYpi1cYttemHocBs=,69nPtMoMSjqCCPXBmJv7sc90moM=
101,-5,a+AEgXoJ4heMYpi1cYttemHocBs=,69nPtMoMSjqCCPXBmJv7sc90moM=
102,-5,a+AEgXoJ4heMYpi1cYttemHocBs=,69nPtMoMSjqCCPXBmJv7sc90moM=
109,-16,a+AEgXoJ4heMYpi1cYttemHocBs=,69nPtMoMSjqCCPXBmJv7sc90moM=
103,-5,a+AEgXoJ4heMYpi1cYttemHocBs=,69nPtMoMSjqCCPXBmJv7sc90moM=
100,-5,a+AEgXoJ4heMYpi1cYttemHocBs=,69nPtMoMSjqCCPXBmJv7sc90moM=
102,-13,a+AEgXoJ4heMYpi1cYttemHocBs=,69nPtMoMSjqCCPXBmJv7sc90moM=
99,-5,a+AEgXoJ4heMYpi1cYttemHocBs=,69nPtMoMSjqCCPXBmJv7sc90moM=
97,-5,a+AEgXoJ4heMYpi1cYttemHocBs=,69nPtMoMSjqCCPXBmJv7sc90moM=
107,-12,a+AEgXoJ4heMYpi1cYttemHocBs=,69nPtMoMSjqCCPXBmJv7sc90moM=
96,-5,a+AEgXoJ4heMYpi1cYttemHocBs=,69nPtMoMSjqCCPXBmJv7sc90moM=
106,-15,a+AEgXoJ4heMYpi1cYttemHocBs=,69nPtMoMSjqCCPXBmJv7sc90moM=
111,-6,a+AEgXoJ4heMYpi1cYttemHocBs=,69nPtMoMSjqCCPXBmJv7sc90moM=
98,-5,a+AEgXoJ4heMYpi1cYttemHocBs=,69nPtMoMSjqCCPXBmJv7sc90moM=
102,-16,a+AEgXoJ4heMYpi1cYttemHocBs=,69nPtMoMSjqCCPXBmJv7sc90moM=
110,-6,a+AEgXoJ4heMYpi1cYttemHocBs=,69nPtMoMSjqCCPXBmJv7sc90moM=
106,-6,a+AEgXoJ4heMYpi1cYttemHocBs=,69nPtMoMSjqCCPXBmJv7sc90moM=
107,-6,a+AEgXoJ4heMYpi1cYttemHocBs=,69nPtMoMSjqCCPXBmJv7sc90moM=
108,-12,a+AEgXoJ4heMYpi1cYttemHocBs=,69nPtMoMSjqCCPXBmJv7sc90moM=
105,-6,a+AEgXoJ4heMYpi1cYttemHocBs=,69nPtMoMSjqCCPXBmJv7sc90moM=
104,-6,a+AEgXoJ4heMYpi1cYttemHocBs=,69nPtMoMSjqCCPXBmJv7sc90moM=
108,-6,a+AEgXoJ4heMYpi1cYttemHocBs=,69nPtMoMSjqCCPXBmJv7sc90moM=
103,-6,a+AEgXoJ4heMYpi1cYttemHocBs=,69nPtMoMSjqCCPXBmJv7sc90moM=
109,-12,a+AEgXoJ4heMYpi1cYttemHocBs=,69nPtMoMSjqCCPXBmJv7sc90moM=
102,-6,a+AEgXoJ4heMYpi1cYttemHocBs=,69nPtMoMSjqCCPXBmJv7sc90moM=
101,-13,a+AEgXoJ4heMYpi1cYttemHocBs=,69nPtMoMSjqCCPXBmJv7sc90moM=
101,-6,a+AEgXoJ4heMYpi1cYttemHocBs=,69nPtMoMSjqCCPXBmJv7sc90moM=
110,-12,a+AEgXoJ4heMYpi1cYttemHocBs=,69nPtMoMSjqCCPXBmJv7sc90moM=
100,-6,a+AEgXoJ4heMYpi1cYttemHocBs=,69nPtMoMSjqCCPXBmJv7sc90moM=
99,-6,a+AEgXoJ4heMYpi1cYttemHocBs=,69nPtMoMSjqCCPXBmJv7sc90moM=
98,-6,a+AEgXoJ4heMYpi1cYttemHocBs=,69nPtMoMSjqCCPXBmJv7sc90moM=
111,-12,a+AEgXoJ4heMYpi1cYttemHocBs=,69nPtMoMSjqCCPXBmJv7sc90moM=
108,-16,a+AEgXoJ4heMYpi1cYttemHocBs=,69nPtMoMSjqCCPXBmJv7sc90moM=
96,-6,a+AEgXoJ4heMYpi1cYttemHocBs=,69nPtMoMSjqCCPXBmJv7sc90moM=
97,-6,a+AEgXoJ4heMYpi1cYttemHocBs=,69nPtMoMSjqCCPXBmJv7sc90moM=
105,-15,a+AEgXoJ4heMYpi1cYttemHocBs=,69nPtMoMSjqCCPXBmJv7sc90moM=
109,-6,a+AEgXoJ4heMYpi1cYttemHocBs=,69nPtMoMSjqCCPXBmJv7sc90moM=
96,-11,a+AEgXoJ4heMYpi1cYttemHocBs=,69nPtMoMSjqCCPXBmJv7sc90moM=
111,-7,a+AEgXoJ4heMYpi1cYttemHocBs=,69nPtMoMSjqCCPXBmJv7sc90moM=
108,-7,a+AEgXoJ4heMYpi1cYttemHocBs=,69nPtMoMSjqCCPXBmJv7sc90moM=
109,-7,a+AEgXoJ4heMYpi1cYttemHocBs=,69nPtMoMSjqCCPXBmJv7sc90moM=
99,-15,a+AEgXoJ4heMYpi1cYttemHocBs=,69nPtMoMSjqCCPXBmJv7sc90moM=
106,-7,a+AEgXoJ4heMYpi1cYttemHocBs=,69nPtMoMSjqCCPXBmJv7sc90moM=
110,-7,a+AEgXoJ4heMYpi1cYttemHocBs=,69nPtMoMSjqCCPXBmJv7sc90moM=
107,-16,a+AEgXoJ4heMYpi1cYttemHocBs=,69nPtMoMSjqCCPXBmJv7sc90moM=
97,-11,a+AEgXoJ4heMYpi1cYttemHocBs=,69nPtMoMSjqCCPXBmJv7sc90moM=
104,-7,a+AEgXoJ4heMYpi1cYttemHocBs=,69nPtMoMSjqCCPXBmJv7sc90moM=
105,-7,a+AEgXoJ4heMYpi1cYttemHocBs=,69nPtMoMSjqCCPXBmJv7sc90moM=
100,-13,a+AEgXoJ4heMYpi1cYttemHocBs=,69nPtMoMSjqCCPXBmJv7sc90moM=
101,-7,a+AEgXoJ4heMYpi1cYttemHocBs=,69nPtMoMSjqCCPXBmJv7sc90moM=
100,-7,a+AEgXoJ4heMYpi1cYttemHocBs=,69nPtMoMSjqCCPXBmJv7sc90moM=
98,-11,a+AEgXoJ4heMYpi1cYttemHocBs=,69nPtMoMSjqCCPXBmJv7sc90moM=
103,-7,a+AEgXoJ4heMYpi1cYttemHocBs=,69nPtMoMSjqCCPXBmJv7sc90moM=
99,-7,a+AEgXoJ4heMYpi1cYttemHocBs=,69nPtMoMSjqCCPXBmJv7sc90moM=
98,-7,a+AEgXoJ4heMYpi1cYttemHocBs=,69nPtMoMSjqCCPXBmJv7sc90moM=
102,-7,a+AEgXoJ4heMYpi1cYttemHocBs=,69nPtMoMSjqCCPXBmJv7sc90moM=
99,-11,a+AEgXoJ4heMYpi1cYttemHocBs=,69nPtMoMSjqCCPXBmJv7sc90moM=
104,-15,a+AEgXoJ4heMYpi1cYttemHocBs=,69nPtMoMSjqCCPXBmJv7sc90moM=
96,-7,a+AEgXoJ4heMYpi1cYttemHocBs=,69nPtMoMSjqCCPXBmJv7sc90moM=
111,-8,a+AEgXoJ4heMYpi1cYttemHocBs=,69nPtMoMSjqCCPXBmJv7sc90moM=
100,-11,a+AEgXoJ4heMYpi1cYttemHocBs=,69nPtMoMSjqCCPXBmJv7sc90moM=
110,-8,a+AEgXoJ4heMYpi1cYttemHocBs=,69nPtMoMSjqCCPXBmJv7sc90moM=
108,-8,a+AEgXoJ4heMYpi1cYttemHocBs=,69nPtMoMSjqCCPXBmJv7sc90moM=
109,-8,a+AEgXoJ4heMYpi1cYttemHocBs=,69nPtMoMSjqCCPXBmJv7sc90moM=
101,-11,a+AEgXoJ4heMYpi1cYttemHocBs=,69nPtMoMSjqCCPXBmJv7sc90moM=
97,-7,a+AEgXoJ4heMYpi1cYttemHocBs=,69nPtMoMSjqCCPXBmJv7sc90moM=
106,-8,a+AEgXoJ4heMYpi1cYttemHocBs=,69nPtMoMSjqCCPXBmJv7sc90moM=
105,-8,a+AEgXoJ4heMYpi1cYttemHocBs=,69nPtMoMSjqCCPXBmJv7sc90moM=
102,-11,a+AEgXoJ4heMYpi1cYttemHocBs=,69nPtMoMSjqCCPXBmJv7sc90moM=
99,-13,a+AEgXoJ4heMYpi1cYttemHocBs=,69nPtMoMSjqCCPXBmJv7sc90moM=
106,-16,a+AEgXoJ4heMYpi1cYttemHocBs=,69nPtMoMSjqCCPXBmJv7sc90moM=
103,-11,a+AEgXoJ4heMYpi1cYttemHocBs=,69nPtMoMSjqCCPXBmJv7sc90moM=
103,-8,a+AEgXoJ4heMYpi1cYttemHocBs=,69nPtMoMSjqCCPXBmJv7sc90moM=
102,-8,a+AEgXoJ4heMYpi1cYttemHocBs=,69nPtMoMSjqCCPXBmJv7sc90moM=
101,-8,a+AEgXoJ4heMYpi1cYttemHocBs=,69nPtMoMSjqCCPXBmJv7sc90moM=
107,-7,a+AEgXoJ4heMYpi1cYttemHocBs=,69nPtMoMSjqCCPXBmJv7sc90moM=
100,-8,a+AEgXoJ4heMYpi1cYttemHocBs=,69nPtMoMSjqCCPXBmJv7sc90moM=
104,-11,a+AEgXoJ4heMYpi1cYttemHocBs=,69nPtMoMSjqCCPXBmJv7sc90moM=
99,-8,a+AEgXoJ4heMYpi1cYttemHocBs=,69nPtMoMSjqCCPXBmJv7sc90moM=
107,-8,a+AEgXoJ4heMYpi1cYttemHocBs=,69nPtMoMSjqCCPXBmJv7sc90moM=
97,-8,a+AEgXoJ4heMYpi1cYttemHocBs=,69nPtMoMSjqCCPXBmJv7sc90moM=
103,-15,a+AEgXoJ4heMYpi1cYttemHocBs=,69nPtMoMSjqCCPXBmJv7sc90moM=
105,-11,a+AEgXoJ4heMYpi1cYttemHocBs=,69nPtMoMSjqCCPXBmJv7sc90moM=
96,-8,a+AEgXoJ4heMYpi1cYttemHocBs=,69nPtMoMSjqCCPXBmJv7sc90moM=
111,-9,a+AEgXoJ4heMYpi1cYttemHocBs=,69nPtMoMSjqCCPXBmJv7sc90moM=
110,-9,a+AEgXoJ4heMYpi1cYttemHocBs=,69nPtMoMSjqCCPXBmJv7sc90moM=
109,-9,a+AEgXoJ4heMYpi1cYttemHocBs=,69nPtMoMSjqCCPXBmJv7sc90moM=
106,-11,a+AEgXoJ4heMYpi1cYttemHocBs=,69nPtMoMSjqCCPXBmJv7sc90moM=
108,-9,a+AEgXoJ4heMYpi1cYttemHocBs=,69nPtMoMSjqCCPXBmJv7sc90moM=
104,-8,a+AEgXoJ4heMYpi1cYttemHocBs=,69nPtMoMSjqCCPXBmJv7sc90moM=
107,-9,a+AEgXoJ4heMYpi1cYttemHocBs=,69nPtMoMSjqCCPXBmJv7sc90moM=
105,-9,a+AEgXoJ4heMYpi1cYttemHocBs=,69nPtMoMSjqCCPXBmJv7sc90moM=
105,-16,a+AEgXoJ4heMYpi1cYttemHocBs=,69nPtMoMSjqCCPXBmJv7sc90moM=
100,-15,a+AEgXoJ4heMYpi1cYttemHocBs=,69nPtMoMSjqCCPXBmJv7sc90moM=
98,-13,a+AEgXoJ4heMYpi1cYttemHocBs=,69nPtMoMSjqCCPXBmJv7sc90moM=
104,-9,a+AEgXoJ4heMYpi1cYttemHocBs=,69nPtMoMSjqCCPXBmJv7sc90moM=
103,-9,a+AEgXoJ4heMYpi1cYttemHocBs=,69nPtMoMSjqCCPXBmJv7sc90moM=
96,-13,a+AEgXoJ4heMYpi1cYttemHocBs=,69nPtMoMSjqCCPXBmJv7sc90moM=
98,-8,a+AEgXoJ4heMYpi1cYttemHocBs=,69nPtMoMSjqCCPXBmJv7sc90moM=
106,-9,a+AEgXoJ4heMYpi1cYttemHocBs=,69nPtMoMSjqCCPXBmJv7sc90moM=
99,-9,a+AEgXoJ4heMYpi1cYttemHocBs=,69nPtMoMSjqCCPXBmJv7sc90moM=
102,-9,a+AEgXoJ4heMYpi1cYttemHocBs=,69nPtMoMSjqCCPXBmJv7sc90moM=
101,-9,a+AEgXoJ4heMYpi1cYttemHocBs=,69nPtMoMSjqCCPXBmJv7sc90moM=
100,-9,a+AEgXoJ4heMYpi1cYttemHocBs=,69nPtMoMSjqCCPXBmJv7sc90moM=
98,-9,a+AEgXoJ4heMYpi1cYttemHocBs=,69nPtMoMSjqCCPXBmJv7sc90moM=
103,-16,a+AEgXoJ4heMYpi1cYttemHocBs=,69nPtMoMSjqCCPXBmJv7sc90moM=
110,-10,a+AEgXoJ4heMYpi1cYttemHocBs=,69nPtMoMSjqCCPXBmJv7sc90moM=
102,-15,a+AEgXoJ4heMYpi1cYttemHocBs=,69nPtMoMSjqCCPXBmJv7sc90moM=
96,-9,a+AEgXoJ4heMYpi1cYttemHocBs=,69nPtMoMSjqCCPXBmJv7sc90moM=
111,-10,a+AEgXoJ4heMYpi1cYttemHocBs=,69nPtMoMSjqCCPXBmJv7sc90moM=
107,-11,a+AEgXoJ4heMYpi1cYttemHocBs=,69nPtMoMSjqCCPXBmJv7sc90moM=
97,-9,a+AEgXoJ4heMYpi1cYttemHocBs=,69nPtMoMSjqCCPXBmJv7sc90moM=
109,-10,a+AEgXoJ4heMYpi1cYttemHocBs=,69nPtMoMSjqCCPXBmJv7sc90moM=
108,-10,a+AEgXoJ4heMYpi1cYttemHocBs=,69nPtMoMSjqCCPXBmJv7sc90moM=
106,-10,a+AEgXoJ4heMYpi1cYttemHocBs=,69nPtMoMSjqCCPXBmJv7sc90moM=
107,-10,a+AEgXoJ4heMYpi1cYttemHocBs=,69nPtMoMSjqCCPXBmJv7sc90moM=
97,-13,a+AEgXoJ4heMYpi1cYttemHocBs=,69nPtMoMSjqCCPXBmJv7sc90moM=
108,-11,a+AEgXoJ4heMYpi1cYttemHocBs=,69nPtMoMSjqCCPXBmJv7sc90moM=
104,-10,a+AEgXoJ4heMYpi1cYttemHocBs=,69nPtMoMSjqCCPXBmJv7sc90moM=
104,-16,a+AEgXoJ4heMYpi1cYttemHocBs=,69nPtMoMSjqCCPXBmJv7sc90moM=
105,-10,a+AEgXoJ4heMYpi1cYttemHocBs=,69nPtMoMSjqCCPXBmJv7sc90moM=
102,-10,a+AEgXoJ4heMYpi1cYttemHocBs=,69nPtMoMSjqCCPXBmJv7sc90moM=
103,-10,a+AEgXoJ4heMYpi1cYttemHocBs=,69nPtMoMSjqCCPXBmJv7sc90moM=
109,-11,a+AEgXoJ4heMYpi1cYttemHocBs=,69nPtMoMSjqCCPXBmJv7sc90moM=
101,-10,a+AEgXoJ4heMYpi1cYttemHocBs=,69nPtMoMSjqCCPXBmJv7sc90moM=
100,-10,a+AEgXoJ4heMYpi1cYttemHocBs=,69nPtMoMSjqCCPXBmJv7sc90moM=
99,-10,a+AEgXoJ4heMYpi1cYttemHocBs=,69nPtMoMSjqCCPXBmJv7sc90moM=
110,-11,a+AEgXoJ4heMYpi1cYttemHocBs=,69nPtMoMSjqCCPXBmJv7sc90moM=
97,-10,a+AEgXoJ4heMYpi1cYttemHocBs=,69nPtMoMSjqCCPXBmJv7sc90moM=
101,-15,a+AEgXoJ4heMYpi1cYttemHocBs=,69nPtMoMSjqCCPXBmJv7sc90moM=
111,-11,a+AEgXoJ4heMYpi1cYttemHocBs=,69nPtMoMSjqCCPXBmJv7sc90moM=
98,-10,a+AEgXoJ4heMYpi1cYttemHocBs=,69nPtMoMSjqCCPXBmJv7sc90moM=
96,-10,a+AEgXoJ4heMYpi1cYttemHocBs=,69nPtMoMSjqCCPXBmJv7sc90moM=
