-47,-31,DCHGMHGIu1VYxn1xy5RNxQcChOY=,p6AFOOB01tihURtktL8P2wGi29s=
-46,-31,DCHGMHGIu1VYxn1xy5RNxQcChOY=,p6AFOOB01tihURtktL8P2wGi29s=
-47,-30,DCHGMHGIu1VYxn1xy5RNxQcChOY=,p6AFOOB01tihURtktL8P2wGi29s=
-46,-30,DCHGMHGIu1VYxn1xy5RNxQcChOY=,p6AFOOB01tihURtktL8P2wGi29s=
-39,-27,DCHGMHGIu1VYxn1xy5RNxQcChOY=,1U2Ah8aM5SKaSk3/LznPCTFA/Uo=
-38,-27,DCHGMHGIu1VYxn1xy5RNxQcChOY=,1U2Ah8aM5SKaSk3/LznPCTFA/Uo=
-39,-26,DCHGMHGIu1VYxn1xy5RNxQcChOY=,1U2Ah8aM5SKaSk3/LznPCTFA/Uo=
-38,-26,DCHGMHGIu1VYxn1xy5RNxQcChOY=,1U2Ah8aM5SKaSk3/LznPCTFA/Uo=
-34,-30,rSZq7uOZyAdFMV5TGNHGZZVUhf8=,Gll2GvfOkYQcm8zVAAPqTYRncnU=
-35,-31,rSZq7uOZyAdFMV5TGNHGZZVUhf8=,Gll2GvfOkYQcm8zVAAPqTYRncnU=
-34,-31,rSZq7uOZyAdFMV5TGNHGZZVUhf8=,Gll2GvfOkYQcm8zVAAPqTYRncnU=
-35,-30,rSZq7uOZyAdFMV5TGNHGZZVUhf8=,Gll2GvfOkYQcm8zVAAPqTYRncnU=
-35,-23,rSZq7uOZyAdFMV5TGNHGZZVUhf8=,xJWKNH3sRuhoDt2bcrMwVpDrpMQ=
-34,-22,rSZq7uOZyAdFMV5TGNHGZZVUhf8=,xJWKNH3sRuhoDt2bcrMwVpDrpMQ=
-34,-23,rSZq7uOZyAdFMV5TGNHGZZVUhf8=,xJWKNH3sRuhoDt2bcrMwVpDrpMQ=
-35,-22,rSZq7uOZyAdFMV5TGNHGZZVUhf8=,xJWKNH3sRuhoDt2bcrMwVpDrpMQ=
-40,-27,rSZq7uOZyAdFMV5TGNHGZZVUhf8=,1U2Ah8aM5SKaSk3/LznPCTFA/Uo=
-40,-26,rSZq7uOZyAdFMV5TGNHGZZVUhf8=,1U2Ah8aM5SKaSk3/LznPCTFA/Uo=
-36,-23,rSZq7uOZyAdFMV5TGNHGZZVUhf8=,xJWKNH3sRuhoDt2bcrMwVpDrpMQ=
-39,-25,rSZq7uOZyAdFMV5TGNHGZZVUhf8=,1U2Ah8aM5SKaSk3/LznPCTFA/Uo=
-36,-22,rSZq7uOZyAdFMV5TGNHGZZVUhf8=,xJWKNH3sRuhoDt2bcrMwVpDrpMQ=
-38,-25,rSZq7uOZyAdFMV5TGNHGZZVUhf8=,1U2Ah8aM5SKaSk3/LznPCTFA/Uo=
-47,-32,rSZq7uOZyAdFMV5TGNHGZZVUhf8=,p6AFOOB01tihURtktL8P2wGi29s=
-46,-32,rSZq7uOZyAdFMV5TGNHGZZVUhf8=,p6AFOOB01tihURtktL8P2wGi29s=
-33,-30,rSZq7uOZyAdFMV5TGNHGZZVUhf8=,Gll2GvfOkYQcm8zVAAPqTYRncnU=
-33,-31,rSZq7uOZyAdFMV5TGNHGZZVUhf8=,Gll2GvfOkYQcm8zVAAPqTYRncnU=
-47,-29,4d/ap1GMAltsLGbGj+0W+rLYSpA=,p6AFOOB01tihURtktL8P2wGi29s=
-46,-29,4d/ap1GMAltsLGbGj+0W+rLYSpA=,p6AFOOB01tihURtktL8P2wGi29s=
-35,-32,4d/ap1GMAltsLGbGj+0W+rLYSpA=,Gll2GvfOkYQcm8zVAAPqTYRncnU=
-34,-32,4d/ap1GMAltsLGbGj+0W+rLYSpA=,Gll2GvfOkYQcm8zVAAPqTYRncnU=
-33,-22,4d/ap1GMAltsLGbGj+0W+rLYSpA=,xJWKNH3sRuhoDt2bcrMwVpDrpMQ=
-33,-23,4d/ap1GMAltsLGbGj+0W+rLYSpA=,xJWKNH3sRuhoDt2bcrMwVpDrpMQ=
-34,-21,4d/ap1GMAltsLGbGj+0W+rLYSpA=,xJWKNH3sRuhoDt2bcrMwVpDrpMQ=
-35,-21,4d/ap1GMAltsLGbGj+0W+rLYSpA=,xJWKNH3sRuhoDt2bcrMwVpDrpMQ=
-40,-25,4d/ap1GMAltsLGbGj+0W+rLYSpA=,1U2Ah8aM5SKaSk3/LznPCTFA/Uo=
-48,-31,4d/ap1GMAltsLGbGj+0W+rLYSpA=,p6AFOOB01tihURtktL8P2wGi29s=
-48,-30,4d/ap1GMAltsLGbGj+0W+rLYSpA=,p6AFOOB01tihURtktL8P2wGi29s=
-36,-21,4d/ap1GMAltsLGbGj+0W+rLYSpA=,xJWKNH3sRuhoDt2bcrMwVpDrpMQ=
-33,-21,4d/ap1GMAltsLGbGj+0W+rLYSpA=,xJWKNH3sRuhoDt2bcrMwVpDrpMQ=
-33,-32,4d/ap1GMAltsLGbGj+0W+rLYSpA=,Gll2GvfOkYQcm8zVAAPqTYRncnU=
-48,-29,4d/ap1GMAltsLGbGj+0W+rLYSpA=,p6AFOOB01tihURtktL8P2wGi29s=
-48,-32,4d/ap1GMAltsLGbGj+0W+rLYSpA=,p6AFOOB01tihURtktL8P2wGi29s=
-43,-31,4d/ap1GMAltsLGbGj+0W+rLYSpA=,a3L+TuXUmbTaN4Nbij4XMoVZKEo=
-40,-28,Wzr/gTCsOhNX4wpCv4a+2cSMV3M=,1U2Ah8aM5SKaSk3/LznPCTFA/Uo=
-39,-28,Wzr/gTCsOhNX4wpCv4a+2cSMV3M=,1U2Ah8aM5SKaSk3/LznPCTFA/Uo=
-38,-30,Wzr/gTCsOhNX4wpCv4a+2cSMV3M=,Ytz9tfnqaNT/K/ipa1ADcYE8yAE=
-37,-30,Wzr/gTCsOhNX4wpCv4a+2cSMV3M=,Ytz9tfnqaNT/K/ipa1ADcYE8yAE=
-38,-32,Wzr/gTCsOhNX4wpCv4a+2cSMV3M=,Ytz9tfnqaNT/K/ipa1ADcYE8yAE=
-38,-28,Wzr/gTCsOhNX4wpCv4a+2cSMV3M=,1U2Ah8aM5SKaSk3/LznPCTFA/Uo=
-41,-30,Wzr/gTCsOhNX4wpCv4a+2cSMV3M=,a3L+TuXUmbTaN4Nbij4XMoVZKEo=
-41,-31,Wzr/gTCsOhNX4wpCv4a+2cSMV3M=,a3L+TuXUmbTaN4Nbij4XMoVZKEo=
-36,-32,Wzr/gTCsOhNX4wpCv4a+2cSMV3M=,Gll2GvfOkYQcm8zVAAPqTYRncnU=
-40,-29,Wzr/gTCsOhNX4wpCv4a+2cSMV3M=,Ytz9tfnqaNT/K/ipa1ADcYE8yAE=
-41,-32,Wzr/gTCsOhNX4wpCv4a+2cSMV3M=,a3L+TuXUmbTaN4Nbij4XMoVZKEo=
-39,-29,Wzr/gTCsOhNX4wpCv4a+2cSMV3M=,Ytz9tfnqaNT/K/ipa1ADcYE8yAE=
-38,-29,Wzr/gTCsOhNX4wpCv4a+2cSMV3M=,Ytz9tfnqaNT/K/ipa1ADcYE8yAE=
-36,-31,Wzr/gTCsOhNX4wpCv4a+2cSMV3M=,Gll2GvfOkYQcm8zVAAPqTYRncnU=
-37,-32,Wzr/gTCsOhNX4wpCv4a+2cSMV3M=,Ytz9tfnqaNT/K/ipa1ADcYE8yAE=
-41,-29,Wzr/gTCsOhNX4wpCv4a+2cSMV3M=,a3L+TuXUmbTaN4Nbij4XMoVZKEo=
-39,-30,Wzr/gTCsOhNX4wpCv4a+2cSMV3M=,Ytz9tfnqaNT/K/ipa1ADcYE8yAE=
-45,-30,Wzr/gTCsOhNX4wpCv4a+2cSMV3M=,p6AFOOB01tihURtktL8P2wGi29s=
-45,-32,Wzr/gTCsOhNX4wpCv4a+2cSMV3M=,p6AFOOB01tihURtktL8P2wGi29s=
-44,-31,Wzr/gTCsOhNX4wpCv4a+2cSMV3M=,a3L+TuXUmbTaN4Nbij4XMoVZKEo=
-39,-32,Wzr/gTCsOhNX4wpCv4a+2cSMV3M=,Ytz9tfnqaNT/K/ipa1ADcYE8yAE=
-40,-32,Wzr/gTCsOhNX4wpCv4a+2cSMV3M=,Ytz9tfnqaNT/K/ipa1ADcYE8yAE=
-42,-30,Wzr/gTCsOhNX4wpCv4a+2cSMV3M=,a3L+TuXUmbTaN4Nbij4XMoVZKEo=
-37,-31,Wzr/gTCsOhNX4wpCv4a+2cSMV3M=,Ytz9tfnqaNT/K/ipa1ADcYE8yAE=
-38,-31,Wzr/gTCsOhNX4wpCv4a+2cSMV3M=,Ytz9tfnqaNT/K/ipa1ADcYE8yAE=
-40,-30,Wzr/gTCsOhNX4wpCv4a+2cSMV3M=,Ytz9tfnqaNT/K/ipa1ADcYE8yAE=
-39,-31,Wzr/gTCsOhNX4wpCv4a+2cSMV3M=,Ytz9tfnqaNT/K/ipa1ADcYE8yAE=
-45,-31,Wzr/gTCsOhNX4wpCv4a+2cSMV3M=,p6AFOOB01tihURtktL8P2wGi29s=
-43,-30,Wzr/gTCsOhNX4wpCv4a+2cSMV3M=,a3L+TuXUmbTaN4Nbij4XMoVZKEo=
-36,-30,Wzr/gTCsOhNX4wpCv4a+2cSMV3M=,Gll2GvfOkYQcm8zVAAPqTYRncnU=
-45,-29,Wzr/gTCsOhNX4wpCv4a+2cSMV3M=,p6AFOOB01tihURtktL8P2wGi29s=
-44,-30,Wzr/gTCsOhNX4wpCv4a+2cSMV3M=,a3L+TuXUmbTaN4Nbij4XMoVZKEo=
-40,-31,Wzr/gTCsOhNX4wpCv4a+2cSMV3M=,Ytz9tfnqaNT/K/ipa1ADcYE8yAE=
-42,-29,Wzr/gTCsOhNX4wpCv4a+2cSMV3M=,a3L+TuXUmbTaN4Nbij4XMoVZKEo=
-43,-29,Wzr/gTCsOhNX4wpCv4a+2cSMV3M=,a3L+TuXUmbTaN4Nbij4XMoVZKEo=
-42,-32,Wzr/gTCsOhNX4wpCv4a+2cSMV3M=,a3L+TuXUmbTaN4Nbij4XMoVZKEo=
-43,-32,Wzr/gTCsOhNX4wpCv4a+2cSMV3M=,a3L+TuXUmbTaN4Nbij4XMoVZKEo=
-44,-29,Wzr/gTCsOhNX4wpCv4a+2cSMV3M=,a3L+TuXUmbTaN4Nbij4XMoVZKEo=
-44,-32,Wzr/gTCsOhNX4wpCv4a+2cSMV3M=,a3L+TuXUmbTaN4Nbij4XMoVZKEo=
-42,-31,Wzr/gTCsOhNX4wpCv4a+2cSMV3M=,a3L+TuXUmbTaN4Nbij4XMoVZKEo=
-36,-24,Wzr/gTCsOhNX4wpCv4a+2cSMV3M=,xJWKNH3sRuhoDt2bcrMwVpDrpMQ=
-34,-26,Wzr/gTCsOhNX4wpCv4a+2cSMV3M=,8myCUmIOlHmB3kwE14gW7FQZzVY=
-37,-25,Wzr/gTCsOhNX4wpCv4a+2cSMV3M=,1U2Ah8aM5SKaSk3/LznPCTFA/Uo=
-37,-29,Wzr/gTCsOhNX4wpCv4a+2cSMV3M=,Ytz9tfnqaNT/K/ipa1ADcYE8yAE=
-34,-27,Wzr/gTCsOhNX4wpCv4a+2cSMV3M=,8myCUmIOlHmB3kwE14gW7FQZzVY=
-35,-27,Wzr/gTCsOhNX4wpCv4a+2cSMV3M=,8myCUmIOlHmB3kwE14gW7FQZzVY=
-33,-27,Wzr/gTCsOhNX4wpCv4a+2cSMV3M=,8myCUmIOlHmB3kwE14gW7FQZzVY=
-33,-29,Wzr/gTCsOhNX4wpCv4a+2cSMV3M=,Gll2GvfOkYQcm8zVAAPqTYRncnU=
-33,-26,Wzr/gTCsOhNX4wpCv4a+2cSMV3M=,8myCUmIOlHmB3kwE14gW7FQZzVY=
-36,-25,Wzr/gTCsOhNX4wpCv4a+2cSMV3M=,8myCUmIOlHmB3kwE14gW7FQZzVY=
-35,-25,Wzr/gTCsOhNX4wpCv4a+2cSMV3M=,8myCUmIOlHmB3kwE14gW7FQZzVY=
-35,-28,Wzr/gTCsOhNX4wpCv4a+2cSMV3M=,8myCUmIOlHmB3kwE14gW7FQZzVY=
-34,-25,Wzr/gTCsOhNX4wpCv4a+2cSMV3M=,8myCUmIOlHmB3kwE14gW7FQZzVY=
-36,-27,Wzr/gTCsOhNX4wpCv4a+2cSMV3M=,8myCUmIOlHmB3kwE14gW7FQZzVY=
-37,-26,Wzr/gTCsOhNX4wpCv4a+2cSMV3M=,1U2Ah8aM5SKaSk3/LznPCTFA/Uo=
-34,-29,Wzr/gTCsOhNX4wpCv4a+2cSMV3M=,Gll2GvfOkYQcm8zVAAPqTYRncnU=
-33,-25,Wzr/gTCsOhNX4wpCv4a+2cSMV3M=,8myCUmIOlHmB3kwE14gW7FQZzVY=
-35,-29,Wzr/gTCsOhNX4wpCv4a+2cSMV3M=,Gll2GvfOkYQcm8zVAAPqTYRncnU=
-33,-28,Wzr/gTCsOhNX4wpCv4a+2cSMV3M=,8myCUmIOlHmB3kwE14gW7FQZzVY=
-35,-26,Wzr/gTCsOhNX4wpCv4a+2cSMV3M=,8myCUmIOlHmB3kwE14gW7FQZzVY=
-37,-28,Wzr/gTCsOhNX4wpCv4a+2cSMV3M=,1U2Ah8aM5SKaSk3/LznPCTFA/Uo=
-35,-24,Wzr/gTCsOhNX4wpCv4a+2cSMV3M=,xJWKNH3sRuhoDt2bcrMwVpDrpMQ=
-34,-24,Wzr/gTCsOhNX4wpCv4a+2cSMV3M=,xJWKNH3sRuhoDt2bcrMwVpDrpMQ=
-34,-28,Wzr/gTCsOhNX4wpCv4a+2cSMV3M=,8myCUmIOlHmB3kwE14gW7FQZzVY=
-36,-26,Wzr/gTCsOhNX4wpCv4a+2cSMV3M=,8myCUmIOlHmB3kwE14gW7FQZzVY=
-37,-27,Wzr/gTCsOhNX4wpCv4a+2cSMV3M=,1U2Ah8aM5SKaSk3/LznPCTFA/Uo=
-33,-24,Wzr/gTCsOhNX4wpCv4a+2cSMV3M=,xJWKNH3sRuhoDt2bcrMwVpDrpMQ=
-36,-28,Wzr/gTCsOhNX4wpCv4a+2cSMV3M=,8myCUmIOlHmB3kwE14gW7FQZzVY=
-36,-29,Wzr/gTCsOhNX4wpCv4a+2cSMV3M=,Gll2GvfOkYQcm8zVAAPqTYRncnU=
-56,-32,5vtf+lS/FrKBzQ0Ul/K3iqxezOs=,I1r4kWiKhizjeT5CUR+svgLe+aw=
-54,-32,5vtf+lS/FrKBzQ0Ul/K3iqxezOs=,I1r4kWiKhizjeT5CUR+svgLe+aw=
-55,-29,5vtf+lS/FrKBzQ0Ul/K3iqxezOs=,I1r4kWiKhizjeT5CUR+svgLe+aw=
-55,-32,5vtf+lS/FrKBzQ0Ul/K3iqxezOs=,I1r4kWiKhizjeT5CUR+svgLe+aw=
-54,-29,5vtf+lS/FrKBzQ0Ul/K3iqxezOs=,I1r4kWiKhizjeT5CUR+svgLe+aw=
-56,-29,5vtf+lS/FrKBzQ0Ul/K3iqxezOs=,I1r4kWiKhizjeT5CUR+svgLe+aw=
-54,-30,5vtf+lS/FrKBzQ0Ul/K3iqxezOs=,I1r4kWiKhizjeT5CUR+svgLe+aw=
-54,-31,5vtf+lS/FrKBzQ0Ul/K3iqxezOs=,I1r4kWiKhizjeT5CUR+svgLe+aw=
-55,-31,5vtf+lS/FrKBzQ0Ul/K3iqxezOs=,I1r4kWiKhizjeT5CUR+svgLe+aw=
-55,-30,5vtf+lS/FrKBzQ0Ul/K3iqxezOs=,I1r4kWiKhizjeT5CUR+svgLe+aw=
-56,-30,5vtf+lS/FrKBzQ0Ul/K3iqxezOs=,I1r4kWiKhizjeT5CUR+svgLe+aw=
-56,-31,5vtf+lS/FrKBzQ0Ul/K3iqxezOs=,I1r4kWiKhizjeT5CUR+svgLe+aw=
-52,-29,5vtf+lS/FrKBzQ0Ul/K3iqxezOs=,4NY/+yBasLd3SSWCV2L0W17AfiQ=
-52,-31,5vtf+lS/FrKBzQ0Ul/K3iqxezOs=,4NY/+yBasLd3SSWCV2L0W17AfiQ=
-53,-30,5vtf+lS/FrKBzQ0Ul/K3iqxezOs=,I1r4kWiKhizjeT5CUR+svgLe+aw=
-51,-29,5vtf+lS/FrKBzQ0Ul/K3iqxezOs=,4NY/+yBasLd3SSWCV2L0W17AfiQ=
-52,-32,5vtf+lS/FrKBzQ0Ul/K3iqxezOs=,4NY/+yBasLd3SSWCV2L0W17AfiQ=
-49,-31,5vtf+lS/FrKBzQ0Ul/K3iqxezOs=,4NY/+yBasLd3SSWCV2L0W17AfiQ=
-53,-32,5vtf+lS/FrKBzQ0Ul/K3iqxezOs=,I1r4kWiKhizjeT5CUR+svgLe+aw=
-49,-30,5vtf+lS/FrKBzQ0Ul/K3iqxezOs=,4NY/+yBasLd3SSWCV2L0W17AfiQ=
-53,-31,5vtf+lS/FrKBzQ0Ul/K3iqxezOs=,I1r4kWiKhizjeT5CUR+svgLe+aw=
-51,-32,5vtf+lS/FrKBzQ0Ul/K3iqxezOs=,4NY/+yBasLd3SSWCV2L0W17AfiQ=
-50,-29,5vtf+lS/FrKBzQ0Ul/K3iqxezOs=,4NY/+yBasLd3SSWCV2L0W17AfiQ=
-49,-29,5vtf+lS/FrKBzQ0Ul/K3iqxezOs=,4NY/+yBasLd3SSWCV2L0W17AfiQ=
-53,-29,5vtf+lS/FrKBzQ0Ul/K3iqxezOs=,I1r4kWiKhizjeT5CUR+svgLe+aw=
-50,-30,5vtf+lS/FrKBzQ0Ul/K3iqxezOs=,4NY/+yBasLd3SSWCV2L0W17AfiQ=
-51,-30,5vtf+lS/FrKBzQ0Ul/K3iqxezOs=,4NY/+yBasLd3SSWCV2L0W17AfiQ=
-51,-31,5vtf+lS/FrKBzQ0Ul/K3iqxezOs=,4NY/+yBasLd3SSWCV2L0W17AfiQ=
-50,-31,5vtf+lS/FrKBzQ0Ul/K3iqxezOs=,4NY/+yBasLd3SSWCV2L0W17AfiQ=
-52,-30,5vtf+lS/FrKBzQ0Ul/K3iqxezOs=,4NY/+yBasLd3SSWCV2L0W17AfiQ=
-49,-32,5vtf+lS/FrKBzQ0Ul/K3iqxezOs=,4NY/+yBasLd3SSWCV2L0W17AfiQ=
-50,-32,5vtf+lS/FrKBzQ0Ul/K3iqxezOs=,4NY/+yBasLd3SSWCV2L0W17AfiQ=
