-52,14,pmX+6AgX7On8xVLbcPunDCm99mY=,8yipSc5PrFMWGOn/Or9hwZfDDN4=
-50,12,pmX+6AgX7On8xVLbcPunDCm99mY=,8yipSc5PrFMWGOn/Or9hwZfDDN4=
-49,15,pmX+6AgX7On8xVLbcPunDCm99mY=,8yipSc5PrFMWGOn/Or9hwZfDDN4=
-51,12,pmX+6AgX7On8xVLbcPunDCm99mY=,8yipSc5PrFMWGOn/Or9hwZfDDN4=
-51,14,pmX+6AgX7On8xVLbcPunDCm99mY=,8yipSc5PrFMWGOn/Or9hwZfDDN4=
-51,15,pmX+6AgX7On8xVLbcPunDCm99mY=,8yipSc5PrFMWGOn/Or9hwZfDDN4=
-52,12,pmX+6AgX7On8xVLbcPunDCm99mY=,8yipSc5PrFMWGOn/Or9hwZfDDN4=
-50,14,pmX+6AgX7On8xVLbcPunDCm99mY=,8yipSc5PrFMWGOn/Or9hwZfDDN4=
-51,13,pmX+6AgX7On8xVLbcPunDCm99mY=,8yipSc5PrFMWGOn/Or9hwZfDDN4=
-52,13,pmX+6AgX7On8xVLbcPunDCm99mY=,8yipSc5PrFMWGOn/Or9hwZfDDN4=
-50,15,pmX+6AgX7On8xVLbcPunDCm99mY=,8yipSc5PrFMWGOn/Or9hwZfDDN4=
-52,15,pmX+6AgX7On8xVLbcPunDCm99mY=,8yipSc5PrFMWGOn/Or9hwZfDDN4=
-49,12,pmX+6AgX7On8xVLbcPunDCm99mY=,8yipSc5PrFMWGOn/Or9hwZfDDN4=
-49,13,pmX+6AgX7On8xVLbcPunDCm99mY=,8yipSc5PrFMWGOn/Or9hwZfDDN4=
-49,14,pmX+6AgX7On8xVLbcPunDCm99mY=,8yipSc5PrFMWGOn/Or9hwZfDDN4=
-50,13,pmX+6AgX7On8xVLbcPunDCm99mY=,8yipSc5PrFMWGOn/Or9hwZfDDN4=
-52,17,pmX+6AgX7On8xVLbcPunDCm99mY=,myc+gNkowygPNs1xi4NPoj9XEkQ=
-49,18,pmX+6AgX7On8xVLbcPunDCm99mY=,myc+gNkowygPNs1xi4NPoj9XEkQ=
-51,18,pmX+6AgX7On8xVLbcPunDCm99mY=,myc+gNkowygPNs1xi4NPoj9XEkQ=
-49,16,pmX+6AgX7On8xVLbcPunDCm99mY=,myc+gNkowygPNs1xi4NPoj9XEkQ=
-50,16,pmX+6AgX7On8xVLbcPunDCm99mY=,myc+gNkowygPNs1xi4NPoj9XEkQ=
-50,17,pmX+6AgX7On8xVLbcPunDCm99mY=,myc+gNkowygPNs1xi4NPoj9XEkQ=
-49,19,pmX+6AgX7On8xVLbcPunDCm99mY=,myc+gNkowygPNs1xi4NPoj9XEkQ=
-49,17,pmX+6AgX7On8xVLbcPunDCm99mY=,myc+gNkowygPNs1xi4NPoj9XEkQ=
-50,19,pmX+6AgX7On8xVLbcPunDCm99mY=,myc+gNkowygPNs1xi4NPoj9XEkQ=
-50,18,pmX+6AgX7On8xVLbcPunDCm99mY=,myc+gNkowygPNs1xi4NPoj9XEkQ=
-51,17,pmX+6AgX7On8xVLbcPunDCm99mY=,myc+gNkowygPNs1xi4NPoj9XEkQ=
-51,19,pmX+6AgX7On8xVLbcPunDCm99mY=,myc+gNkowygPNs1xi4NPoj9XEkQ=
-52,16,pmX+6AgX7On8xVLbcPunDCm99mY=,myc+gNkowygPNs1xi4NPoj9XEkQ=
-52,19,pmX+6AgX7On8xVLbcPunDCm99mY=,myc+gNkowygPNs1xi4NPoj9XEkQ=
-52,18,pmX+6AgX7On8xVLbcPunDCm99mY=,myc+gNkowygPNs1xi4NPoj9XEkQ=
-51,16,pmX+6AgX7On8xVLbcPunDCm99mY=,myc+gNkowygPNs1xi4NPoj9XEkQ=
-42,22,PJL9cbrKahzknU8vPlOhbZ1DCPM=,gQix7tsoZ4OrMhJyUDp17VdxPmI=
-43,21,PJL9cbrKahzknU8vPlOhbZ1DCPM=,gQix7tsoZ4OrMhJyUDp17VdxPmI=
-43,22,rY0yklTC8retPzUHDPwUrWfUbfM=,gQix7tsoZ4OrMhJyUDp17VdxPmI=
-42,21,rY0yklTC8retPzUHDPwUrWfUbfM=,gQix7tsoZ4OrMhJyUDp17VdxPmI=
-35,21,rY0yklTC8retPzUHDPwUrWfUbfM=,w+BpTnm6XGxykdgqwG8LweHNIJk=
-34,21,rY0yklTC8retPzUHDPwUrWfUbfM=,w+BpTnm6XGxykdgqwG8LweHNIJk=
-35,22,rY0yklTC8retPzUHDPwUrWfUbfM=,w+BpTnm6XGxykdgqwG8LweHNIJk=
-34,22,rY0yklTC8retPzUHDPwUrWfUbfM=,w+BpTnm6XGxykdgqwG8LweHNIJk=
-43,19,KSjtm7bV783S+TkGNnr28ZKDhWg=,pGLHsGcdqEhnBihvu2NOGjCwcYg=
-43,17,KSjtm7bV783S+TkGNnr28ZKDhWg=,pGLHsGcdqEhnBihvu2NOGjCwcYg=
-43,20,KSjtm7bV783S+TkGNnr28ZKDhWg=,gQix7tsoZ4OrMhJyUDp17VdxPmI=
-42,19,KSjtm7bV783S+TkGNnr28ZKDhWg=,pGLHsGcdqEhnBihvu2NOGjCwcYg=
-42,20,KSjtm7bV783S+TkGNnr28ZKDhWg=,gQix7tsoZ4OrMhJyUDp17VdxPmI=
-42,18,KSjtm7bV783S+TkGNnr28ZKDhWg=,pGLHsGcdqEhnBihvu2NOGjCwcYg=
-43,18,KSjtm7bV783S+TkGNnr28ZKDhWg=,pGLHsGcdqEhnBihvu2NOGjCwcYg=
-42,17,KSjtm7bV783S+TkGNnr28ZKDhWg=,pGLHsGcdqEhnBihvu2NOGjCwcYg=
-39,26,KSjtm7bV783S+TkGNnr28ZKDhWg=,SVLGlUJycAL88C+swxTWdofE2Ek=
-38,26,KSjtm7bV783S+TkGNnr28ZKDhWg=,SVLGlUJycAL88C+swxTWdofE2Ek=
-39,25,KSjtm7bV783S+TkGNnr28ZKDhWg=,SVLGlUJycAL88C+swxTWdofE2Ek=
-38,25,EJx98RHdRAX79QLEkwBRg+SFKlY=,SVLGlUJycAL88C+swxTWdofE2Ek=
-42,23,EJx98RHdRAX79QLEkwBRg+SFKlY=,gQix7tsoZ4OrMhJyUDp17VdxPmI=
-40,25,EJx98RHdRAX79QLEkwBRg+SFKlY=,SVLGlUJycAL88C+swxTWdofE2Ek=
-40,26,EJx98RHdRAX79QLEkwBRg+SFKlY=,SVLGlUJycAL88C+swxTWdofE2Ek=
-43,23,QvCurDT5K9P9f+5q0lMaIqPl5MU=,gQix7tsoZ4OrMhJyUDp17VdxPmI=
-35,23,QvCurDT5K9P9f+5q0lMaIqPl5MU=,w+BpTnm6XGxykdgqwG8LweHNIJk=
-37,26,QvCurDT5K9P9f+5q0lMaIqPl5MU=,SVLGlUJycAL88C+swxTWdofE2Ek=
-34,23,QvCurDT5K9P9f+5q0lMaIqPl5MU=,w+BpTnm6XGxykdgqwG8LweHNIJk=
-37,25,QvCurDT5K9P9f+5q0lMaIqPl5MU=,SVLGlUJycAL88C+swxTWdofE2Ek=
-42,16,QvCurDT5K9P9f+5q0lMaIqPl5MU=,pGLHsGcdqEhnBihvu2NOGjCwcYg=
-43,16,QvCurDT5K9P9f+5q0lMaIqPl5MU=,pGLHsGcdqEhnBihvu2NOGjCwcYg=
-40,23,QvCurDT5K9P9f+5q0lMaIqPl5MU=,tINQB185YInj9LgcR6FiUWHiiII=
-36,21,QvCurDT5K9P9f+5q0lMaIqPl5MU=,w+BpTnm6XGxykdgqwG8LweHNIJk=
-39,23,QvCurDT5K9P9f+5q0lMaIqPl5MU=,tINQB185YInj9LgcR6FiUWHiiII=
-38,23,QvCurDT5K9P9f+5q0lMaIqPl5MU=,tINQB185YInj9LgcR6FiUWHiiII=
-37,23,QvCurDT5K9P9f+5q0lMaIqPl5MU=,tINQB185YInj9LgcR6FiUWHiiII=
-36,22,QvCurDT5K9P9f+5q0lMaIqPl5MU=,w+BpTnm6XGxykdgqwG8LweHNIJk=
-37,24,QvCurDT5K9P9f+5q0lMaIqPl5MU=,SVLGlUJycAL88C+swxTWdofE2Ek=
-37,22,QvCurDT5K9P9f+5q0lMaIqPl5MU=,tINQB185YInj9LgcR6FiUWHiiII=
-38,24,QvCurDT5K9P9f+5q0lMaIqPl5MU=,SVLGlUJycAL88C+swxTWdofE2Ek=
-41,21,QvCurDT5K9P9f+5q0lMaIqPl5MU=,gQix7tsoZ4OrMhJyUDp17VdxPmI=
-38,22,QvCurDT5K9P9f+5q0lMaIqPl5MU=,tINQB185YInj9LgcR6FiUWHiiII=
-39,22,QvCurDT5K9P9f+5q0lMaIqPl5MU=,tINQB185YInj9LgcR6FiUWHiiII=
-40,22,QvCurDT5K9P9f+5q0lMaIqPl5MU=,tINQB185YInj9LgcR6FiUWHiiII=
-41,22,QvCurDT5K9P9f+5q0lMaIqPl5MU=,gQix7tsoZ4OrMhJyUDp17VdxPmI=
-36,23,QvCurDT5K9P9f+5q0lMaIqPl5MU=,w+BpTnm6XGxykdgqwG8LweHNIJk=
-37,21,QvCurDT5K9P9f+5q0lMaIqPl5MU=,tINQB185YInj9LgcR6FiUWHiiII=
-38,21,QvCurDT5K9P9f+5q0lMaIqPl5MU=,tINQB185YInj9LgcR6FiUWHiiII=
-39,21,QvCurDT5K9P9f+5q0lMaIqPl5MU=,tINQB185YInj9LgcR6FiUWHiiII=
-39,24,QvCurDT5K9P9f+5q0lMaIqPl5MU=,SVLGlUJycAL88C+swxTWdofE2Ek=
-40,24,QvCurDT5K9P9f+5q0lMaIqPl5MU=,SVLGlUJycAL88C+swxTWdofE2Ek=
-40,21,QvCurDT5K9P9f+5q0lMaIqPl5MU=,tINQB185YInj9LgcR6FiUWHiiII=
-44,22,QvCurDT5K9P9f+5q0lMaIqPl5MU=,gQix7tsoZ4OrMhJyUDp17VdxPmI=
-44,21,QvCurDT5K9P9f+5q0lMaIqPl5MU=,gQix7tsoZ4OrMhJyUDp17VdxPmI=
-41,23,QvCurDT5K9P9f+5q0lMaIqPl5MU=,gQix7tsoZ4OrMhJyUDp17VdxPmI=
-46,17,QvCurDT5K9P9f+5q0lMaIqPl5MU=,5jXM1NxQKYQ8CraoxxUxeOxUCQc=
-45,19,QvCurDT5K9P9f+5q0lMaIqPl5MU=,5jXM1NxQKYQ8CraoxxUxeOxUCQc=
-45,17,QvCurDT5K9P9f+5q0lMaIqPl5MU=,5jXM1NxQKYQ8CraoxxUxeOxUCQc=
-44,18,QvCurDT5K9P9f+5q0lMaIqPl5MU=,pGLHsGcdqEhnBihvu2NOGjCwcYg=
-47,19,QvCurDT5K9P9f+5q0lMaIqPl5MU=,5jXM1NxQKYQ8CraoxxUxeOxUCQc=
-46,19,QvCurDT5K9P9f+5q0lMaIqPl5MU=,5jXM1NxQKYQ8CraoxxUxeOxUCQc=
-47,17,QvCurDT5K9P9f+5q0lMaIqPl5MU=,5jXM1NxQKYQ8CraoxxUxeOxUCQc=
-47,18,QvCurDT5K9P9f+5q0lMaIqPl5MU=,5jXM1NxQKYQ8CraoxxUxeOxUCQc=
-44,19,QvCurDT5K9P9f+5q0lMaIqPl5MU=,pGLHsGcdqEhnBihvu2NOGjCwcYg=
-44,17,QvCurDT5K9P9f+5q0lMaIqPl5MU=,pGLHsGcdqEhnBihvu2NOGjCwcYg=
-46,18,QvCurDT5K9P9f+5q0lMaIqPl5MU=,5jXM1NxQKYQ8CraoxxUxeOxUCQc=
-45,18,QvCurDT5K9P9f+5q0lMaIqPl5MU=,5jXM1NxQKYQ8CraoxxUxeOxUCQc=
-44,20,QvCurDT5K9P9f+5q0lMaIqPl5MU=,gQix7tsoZ4OrMhJyUDp17VdxPmI=
-45,16,QvCurDT5K9P9f+5q0lMaIqPl5MU=,5jXM1NxQKYQ8CraoxxUxeOxUCQc=
-47,16,QvCurDT5K9P9f+5q0lMaIqPl5MU=,5jXM1NxQKYQ8CraoxxUxeOxUCQc=
-44,16,QvCurDT5K9P9f+5q0lMaIqPl5MU=,pGLHsGcdqEhnBihvu2NOGjCwcYg=
-46,16,QvCurDT5K9P9f+5q0lMaIqPl5MU=,5jXM1NxQKYQ8CraoxxUxeOxUCQc=
-48,18,QvCurDT5K9P9f+5q0lMaIqPl5MU=,5jXM1NxQKYQ8CraoxxUxeOxUCQc=
-33,21,QvCurDT5K9P9f+5q0lMaIqPl5MU=,w+BpTnm6XGxykdgqwG8LweHNIJk=
-48,17,QvCurDT5K9P9f+5q0lMaIqPl5MU=,5jXM1NxQKYQ8CraoxxUxeOxUCQc=
-33,22,QvCurDT5K9P9f+5q0lMaIqPl5MU=,w+BpTnm6XGxykdgqwG8LweHNIJk=
-48,19,QvCurDT5K9P9f+5q0lMaIqPl5MU=,5jXM1NxQKYQ8CraoxxUxeOxUCQc=
-44,23,QvCurDT5K9P9f+5q0lMaIqPl5MU=,gQix7tsoZ4OrMhJyUDp17VdxPmI=
-33,23,QvCurDT5K9P9f+5q0lMaIqPl5MU=,w+BpTnm6XGxykdgqwG8LweHNIJk=
-39,27,QvCurDT5K9P9f+5q0lMaIqPl5MU=,SVLGlUJycAL88C+swxTWdofE2Ek=
-38,27,QvCurDT5K9P9f+5q0lMaIqPl5MU=,SVLGlUJycAL88C+swxTWdofE2Ek=
-37,27,QvCurDT5K9P9f+5q0lMaIqPl5MU=,SVLGlUJycAL88C+swxTWdofE2Ek=
-40,27,QvCurDT5K9P9f+5q0lMaIqPl5MU=,SVLGlUJycAL88C+swxTWdofE2Ek=
-48,16,QvCurDT5K9P9f+5q0lMaIqPl5MU=,5jXM1NxQKYQ8CraoxxUxeOxUCQc=
-35,17,QvCurDT5K9P9f+5q0lMaIqPl5MU=,+91gJHlgkim8ZkbzoigpDjMRzgQ=
-33,16,QvCurDT5K9P9f+5q0lMaIqPl5MU=,+91gJHlgkim8ZkbzoigpDjMRzgQ=
-35,19,QvCurDT5K9P9f+5q0lMaIqPl5MU=,+91gJHlgkim8ZkbzoigpDjMRzgQ=
-34,16,QvCurDT5K9P9f+5q0lMaIqPl5MU=,+91gJHlgkim8ZkbzoigpDjMRzgQ=
-34,19,QvCurDT5K9P9f+5q0lMaIqPl5MU=,+91gJHlgkim8ZkbzoigpDjMRzgQ=
-33,19,QvCurDT5K9P9f+5q0lMaIqPl5MU=,+91gJHlgkim8ZkbzoigpDjMRzgQ=
-33,18,QvCurDT5K9P9f+5q0lMaIqPl5MU=,+91gJHlgkim8ZkbzoigpDjMRzgQ=
-35,16,QvCurDT5K9P9f+5q0lMaIqPl5MU=,+91gJHlgkim8ZkbzoigpDjMRzgQ=
-34,18,QvCurDT5K9P9f+5q0lMaIqPl5MU=,+91gJHlgkim8ZkbzoigpDjMRzgQ=
-34,17,QvCurDT5K9P9f+5q0lMaIqPl5MU=,+91gJHlgkim8ZkbzoigpDjMRzgQ=
-33,20,QvCurDT5K9P9f+5q0lMaIqPl5MU=,w+BpTnm6XGxykdgqwG8LweHNIJk=
-33,17,QvCurDT5K9P9f+5q0lMaIqPl5MU=,+91gJHlgkim8ZkbzoigpDjMRzgQ=
-35,20,QvCurDT5K9P9f+5q0lMaIqPl5MU=,w+BpTnm6XGxykdgqwG8LweHNIJk=
-34,20,QvCurDT5K9P9f+5q0lMaIqPl5MU=,w+BpTnm6XGxykdgqwG8LweHNIJk=
-35,18,QvCurDT5K9P9f+5q0lMaIqPl5MU=,+91gJHlgkim8ZkbzoigpDjMRzgQ=
-36,17,QvCurDT5K9P9f+5q0lMaIqPl5MU=,+91gJHlgkim8ZkbzoigpDjMRzgQ=
-37,18,QvCurDT5K9P9f+5q0lMaIqPl5MU=,elxrMqP9D3H9lhzBVmsq3T14q18=
-40,17,QvCurDT5K9P9f+5q0lMaIqPl5MU=,elxrMqP9D3H9lhzBVmsq3T14q18=
-40,19,QvCurDT5K9P9f+5q0lMaIqPl5MU=,elxrMqP9D3H9lhzBVmsq3T14q18=
-37,16,QvCurDT5K9P9f+5q0lMaIqPl5MU=,elxrMqP9D3H9lhzBVmsq3T14q18=
-36,16,QvCurDT5K9P9f+5q0lMaIqPl5MU=,+91gJHlgkim8ZkbzoigpDjMRzgQ=
-36,19,QvCurDT5K9P9f+5q0lMaIqPl5MU=,+91gJHlgkim8ZkbzoigpDjMRzgQ=
-38,18,QvCurDT5K9P9f+5q0lMaIqPl5MU=,elxrMqP9D3H9lhzBVmsq3T14q18=
-39,16,QvCurDT5K9P9f+5q0lMaIqPl5MU=,elxrMqP9D3H9lhzBVmsq3T14q18=
-38,16,QvCurDT5K9P9f+5q0lMaIqPl5MU=,elxrMqP9D3H9lhzBVmsq3T14q18=
-41,20,QvCurDT5K9P9f+5q0lMaIqPl5MU=,gQix7tsoZ4OrMhJyUDp17VdxPmI=
-41,18,QvCurDT5K9P9f+5q0lMaIqPl5MU=,pGLHsGcdqEhnBihvu2NOGjCwcYg=
-40,16,QvCurDT5K9P9f+5q0lMaIqPl5MU=,elxrMqP9D3H9lhzBVmsq3T14q18=
-40,18,QvCurDT5K9P9f+5q0lMaIqPl5MU=,elxrMqP9D3H9lhzBVmsq3T14q18=
-41,19,QvCurDT5K9P9f+5q0lMaIqPl5MU=,pGLHsGcdqEhnBihvu2NOGjCwcYg=
-41,17,QvCurDT5K9P9f+5q0lMaIqPl5MU=,pGLHsGcdqEhnBihvu2NOGjCwcYg=
-37,20,QvCurDT5K9P9f+5q0lMaIqPl5MU=,tINQB185YInj9LgcR6FiUWHiiII=
-39,18,QvCurDT5K9P9f+5q0lMaIqPl5MU=,elxrMqP9D3H9lhzBVmsq3T14q18=
-36,18,QvCurDT5K9P9f+5q0lMaIqPl5MU=,+91gJHlgkim8ZkbzoigpDjMRzgQ=
-36,20,QvCurDT5K9P9f+5q0lMaIqPl5MU=,w+BpTnm6XGxykdgqwG8LweHNIJk=
-39,17,QvCurDT5K9P9f+5q0lMaIqPl5MU=,elxrMqP9D3H9lhzBVmsq3T14q18=
-38,20,QvCurDT5K9P9f+5q0lMaIqPl5MU=,tINQB185YInj9LgcR6FiUWHiiII=
-41,16,QvCurDT5K9P9f+5q0lMaIqPl5MU=,pGLHsGcdqEhnBihvu2NOGjCwcYg=
-40,20,QvCurDT5K9P9f+5q0lMaIqPl5MU=,tINQB185YInj9LgcR6FiUWHiiII=
-39,19,QvCurDT5K9P9f+5q0lMaIqPl5MU=,elxrMqP9D3H9lhzBVmsq3T14q18=
-37,17,QvCurDT5K9P9f+5q0lMaIqPl5MU=,elxrMqP9D3H9lhzBVmsq3T14q18=
-39,20,QvCurDT5K9P9f+5q0lMaIqPl5MU=,tINQB185YInj9LgcR6FiUWHiiII=
-37,19,QvCurDT5K9P9f+5q0lMaIqPl5MU=,elxrMqP9D3H9lhzBVmsq3T14q18=
-38,17,QvCurDT5K9P9f+5q0lMaIqPl5MU=,elxrMqP9D3H9lhzBVmsq3T14q18=
-38,19,QvCurDT5K9P9f+5q0lMaIqPl5MU=,elxrMqP9D3H9lhzBVmsq3T14q18=
-39,9,w1E49M/lCE30FLy9Hc1gjWK8SrQ=,xE/mrieqy6yP6/bnsQGE00q1ALo=
-38,10,w1E49M/lCE30FLy9Hc1gjWK8SrQ=,xE/mrieqy6yP6/bnsQGE00q1ALo=
-39,10,w1E49M/lCE30FLy9Hc1gjWK8SrQ=,xE/mrieqy6yP6/bnsQGE00q1ALo=
-38,9,w1E49M/lCE30FLy9Hc1gjWK8SrQ=,xE/mrieqy6yP6/bnsQGE00q1ALo=
-36,9,w1E49M/lCE30FLy9Hc1gjWK8SrQ=,Dyo6oGZO7os2Z25k/qSgGyAwPpY=
-35,9,w1E49M/lCE30FLy9Hc1gjWK8SrQ=,Dyo6oGZO7os2Z25k/qSgGyAwPpY=
-37,10,w1E49M/lCE30FLy9Hc1gjWK8SrQ=,xE/mrieqy6yP6/bnsQGE00q1ALo=
-37,9,w1E49M/lCE30FLy9Hc1gjWK8SrQ=,xE/mrieqy6yP6/bnsQGE00q1ALo=
-34,10,w1E49M/lCE30FLy9Hc1gjWK8SrQ=,Dyo6oGZO7os2Z25k/qSgGyAwPpY=
-34,9,w1E49M/lCE30FLy9Hc1gjWK8SrQ=,Dyo6oGZO7os2Z25k/qSgGyAwPpY=
-36,10,w1E49M/lCE30FLy9Hc1gjWK8SrQ=,Dyo6oGZO7os2Z25k/qSgGyAwPpY=
-35,10,w1E49M/lCE30FLy9Hc1gjWK8SrQ=,Dyo6oGZO7os2Z25k/qSgGyAwPpY=
-39,13,xc7OVdsoqjhGoCpiGKMnzxKmP3M=,3A5Zxm/qIffR5wyDxNSIq8ngOCk=
-38,12,xc7OVdsoqjhGoCpiGKMnzxKmP3M=,3A5Zxm/qIffR5wyDxNSIq8ngOCk=
-39,12,xc7OVdsoqjhGoCpiGKMnzxKmP3M=,3A5Zxm/qIffR5wyDxNSIq8ngOCk=
-38,11,xc7OVdsoqjhGoCpiGKMnzxKmP3M=,xE/mrieqy6yP6/bnsQGE00q1ALo=
-39,11,xc7OVdsoqjhGoCpiGKMnzxKmP3M=,xE/mrieqy6yP6/bnsQGE00q1ALo=
-39,14,xc7OVdsoqjhGoCpiGKMnzxKmP3M=,3A5Zxm/qIffR5wyDxNSIq8ngOCk=
-38,14,xc7OVdsoqjhGoCpiGKMnzxKmP3M=,3A5Zxm/qIffR5wyDxNSIq8ngOCk=
-38,13,xc7OVdsoqjhGoCpiGKMnzxKmP3M=,3A5Zxm/qIffR5wyDxNSIq8ngOCk=
-47,10,xc7OVdsoqjhGoCpiGKMnzxKmP3M=,Ed4tRoX1RCaE6b3iT9AHMvYYfhw=
-46,10,xc7OVdsoqjhGoCpiGKMnzxKmP3M=,Ed4tRoX1RCaE6b3iT9AHMvYYfhw=
-47,9,xc7OVdsoqjhGoCpiGKMnzxKmP3M=,Ed4tRoX1RCaE6b3iT9AHMvYYfhw=
-46,9,xc7OVdsoqjhGoCpiGKMnzxKmP3M=,Ed4tRoX1RCaE6b3iT9AHMvYYfhw=
-40,10,xc7OVdsoqjhGoCpiGKMnzxKmP3M=,xE/mrieqy6yP6/bnsQGE00q1ALo=
-45,10,xc7OVdsoqjhGoCpiGKMnzxKmP3M=,Ed4tRoX1RCaE6b3iT9AHMvYYfhw=
-45,9,xc7OVdsoqjhGoCpiGKMnzxKmP3M=,Ed4tRoX1RCaE6b3iT9AHMvYYfhw=
-40,9,xc7OVdsoqjhGoCpiGKMnzxKmP3M=,xE/mrieqy6yP6/bnsQGE00q1ALo=
-46,14,xc7OVdsoqjhGoCpiGKMnzxKmP3M=,KAglZF+FYOMb5NWUmxhxkNKzwA8=
-47,11,xc7OVdsoqjhGoCpiGKMnzxKmP3M=,Ed4tRoX1RCaE6b3iT9AHMvYYfhw=
-47,13,xc7OVdsoqjhGoCpiGKMnzxKmP3M=,KAglZF+FYOMb5NWUmxhxkNKzwA8=
-46,12,xc7OVdsoqjhGoCpiGKMnzxKmP3M=,KAglZF+FYOMb5NWUmxhxkNKzwA8=
-47,12,xc7OVdsoqjhGoCpiGKMnzxKmP3M=,KAglZF+FYOMb5NWUmxhxkNKzwA8=
-46,13,xc7OVdsoqjhGoCpiGKMnzxKmP3M=,KAglZF+FYOMb5NWUmxhxkNKzwA8=
-46,11,xc7OVdsoqjhGoCpiGKMnzxKmP3M=,Ed4tRoX1RCaE6b3iT9AHMvYYfhw=
-47,14,xc7OVdsoqjhGoCpiGKMnzxKmP3M=,KAglZF+FYOMb5NWUmxhxkNKzwA8=
-40,13,xc7OVdsoqjhGoCpiGKMnzxKmP3M=,3A5Zxm/qIffR5wyDxNSIq8ngOCk=
-45,12,xc7OVdsoqjhGoCpiGKMnzxKmP3M=,KAglZF+FYOMb5NWUmxhxkNKzwA8=
-33,9,xc7OVdsoqjhGoCpiGKMnzxKmP3M=,Dyo6oGZO7os2Z25k/qSgGyAwPpY=
-45,11,xc7OVdsoqjhGoCpiGKMnzxKmP3M=,Ed4tRoX1RCaE6b3iT9AHMvYYfhw=
-33,10,xc7OVdsoqjhGoCpiGKMnzxKmP3M=,Dyo6oGZO7os2Z25k/qSgGyAwPpY=
-40,11,xc7OVdsoqjhGoCpiGKMnzxKmP3M=,xE/mrieqy6yP6/bnsQGE00q1ALo=
-42,12,xc7OVdsoqjhGoCpiGKMnzxKmP3M=,qIHbv78lczeTt8D5YjJyMtQd87c=
-40,14,xc7OVdsoqjhGoCpiGKMnzxKmP3M=,3A5Zxm/qIffR5wyDxNSIq8ngOCk=
-45,14,xc7OVdsoqjhGoCpiGKMnzxKmP3M=,KAglZF+FYOMb5NWUmxhxkNKzwA8=
-42,13,xc7OVdsoqjhGoCpiGKMnzxKmP3M=,qIHbv78lczeTt8D5YjJyMtQd87c=
-43,15,xc7OVdsoqjhGoCpiGKMnzxKmP3M=,qIHbv78lczeTt8D5YjJyMtQd87c=
-41,12,xc7OVdsoqjhGoCpiGKMnzxKmP3M=,qIHbv78lczeTt8D5YjJyMtQd87c=
-41,13,xc7OVdsoqjhGoCpiGKMnzxKmP3M=,qIHbv78lczeTt8D5YjJyMtQd87c=
-40,12,xc7OVdsoqjhGoCpiGKMnzxKmP3M=,3A5Zxm/qIffR5wyDxNSIq8ngOCk=
-44,14,xc7OVdsoqjhGoCpiGKMnzxKmP3M=,qIHbv78lczeTt8D5YjJyMtQd87c=
-47,15,xc7OVdsoqjhGoCpiGKMnzxKmP3M=,KAglZF+FYOMb5NWUmxhxkNKzwA8=
-40,15,xc7OVdsoqjhGoCpiGKMnzxKmP3M=,3A5Zxm/qIffR5wyDxNSIq8ngOCk=
-43,14,xc7OVdsoqjhGoCpiGKMnzxKmP3M=,qIHbv78lczeTt8D5YjJyMtQd87c=
-39,15,xc7OVdsoqjhGoCpiGKMnzxKmP3M=,3A5Zxm/qIffR5wyDxNSIq8ngOCk=
-46,15,xc7OVdsoqjhGoCpiGKMnzxKmP3M=,KAglZF+FYOMb5NWUmxhxkNKzwA8=
-42,15,xc7OVdsoqjhGoCpiGKMnzxKmP3M=,qIHbv78lczeTt8D5YjJyMtQd87c=
-45,13,xc7OVdsoqjhGoCpiGKMnzxKmP3M=,KAglZF+FYOMb5NWUmxhxkNKzwA8=
-38,15,xc7OVdsoqjhGoCpiGKMnzxKmP3M=,3A5Zxm/qIffR5wyDxNSIq8ngOCk=
-44,13,xc7OVdsoqjhGoCpiGKMnzxKmP3M=,qIHbv78lczeTt8D5YjJyMtQd87c=
-44,12,xc7OVdsoqjhGoCpiGKMnzxKmP3M=,qIHbv78lczeTt8D5YjJyMtQd87c=
-45,15,xc7OVdsoqjhGoCpiGKMnzxKmP3M=,KAglZF+FYOMb5NWUmxhxkNKzwA8=
-42,14,xc7OVdsoqjhGoCpiGKMnzxKmP3M=,qIHbv78lczeTt8D5YjJyMtQd87c=
-43,12,xc7OVdsoqjhGoCpiGKMnzxKmP3M=,qIHbv78lczeTt8D5YjJyMtQd87c=
-41,14,xc7OVdsoqjhGoCpiGKMnzxKmP3M=,qIHbv78lczeTt8D5YjJyMtQd87c=
-41,15,xc7OVdsoqjhGoCpiGKMnzxKmP3M=,qIHbv78lczeTt8D5YjJyMtQd87c=
-47,8,xc7OVdsoqjhGoCpiGKMnzxKmP3M=,Ed4tRoX1RCaE6b3iT9AHMvYYfhw=
-43,13,xc7OVdsoqjhGoCpiGKMnzxKmP3M=,qIHbv78lczeTt8D5YjJyMtQd87c=
-46,8,xc7OVdsoqjhGoCpiGKMnzxKmP3M=,Ed4tRoX1RCaE6b3iT9AHMvYYfhw=
-48,9,xc7OVdsoqjhGoCpiGKMnzxKmP3M=,Ed4tRoX1RCaE6b3iT9AHMvYYfhw=
-48,10,xc7OVdsoqjhGoCpiGKMnzxKmP3M=,Ed4tRoX1RCaE6b3iT9AHMvYYfhw=
-45,8,xc7OVdsoqjhGoCpiGKMnzxKmP3M=,Ed4tRoX1RCaE6b3iT9AHMvYYfhw=
-40,8,xc7OVdsoqjhGoCpiGKMnzxKmP3M=,xE/mrieqy6yP6/bnsQGE00q1ALo=
-39,8,xc7OVdsoqjhGoCpiGKMnzxKmP3M=,xE/mrieqy6yP6/bnsQGE00q1ALo=
-38,8,xc7OVdsoqjhGoCpiGKMnzxKmP3M=,xE/mrieqy6yP6/bnsQGE00q1ALo=
-36,8,xc7OVdsoqjhGoCpiGKMnzxKmP3M=,Dyo6oGZO7os2Z25k/qSgGyAwPpY=
-35,8,xc7OVdsoqjhGoCpiGKMnzxKmP3M=,Dyo6oGZO7os2Z25k/qSgGyAwPpY=
-44,15,xc7OVdsoqjhGoCpiGKMnzxKmP3M=,qIHbv78lczeTt8D5YjJyMtQd87c=
-34,8,xc7OVdsoqjhGoCpiGKMnzxKmP3M=,Dyo6oGZO7os2Z25k/qSgGyAwPpY=
-33,8,xc7OVdsoqjhGoCpiGKMnzxKmP3M=,Dyo6oGZO7os2Z25k/qSgGyAwPpY=
-37,8,xc7OVdsoqjhGoCpiGKMnzxKmP3M=,xE/mrieqy6yP6/bnsQGE00q1ALo=
-48,8,xc7OVdsoqjhGoCpiGKMnzxKmP3M=,Ed4tRoX1RCaE6b3iT9AHMvYYfhw=
-48,15,xc7OVdsoqjhGoCpiGKMnzxKmP3M=,KAglZF+FYOMb5NWUmxhxkNKzwA8=
-48,13,xc7OVdsoqjhGoCpiGKMnzxKmP3M=,KAglZF+FYOMb5NWUmxhxkNKzwA8=
-48,12,xc7OVdsoqjhGoCpiGKMnzxKmP3M=,KAglZF+FYOMb5NWUmxhxkNKzwA8=
-48,11,xc7OVdsoqjhGoCpiGKMnzxKmP3M=,Ed4tRoX1RCaE6b3iT9AHMvYYfhw=
-48,14,xc7OVdsoqjhGoCpiGKMnzxKmP3M=,KAglZF+FYOMb5NWUmxhxkNKzwA8=
-33,12,xc7OVdsoqjhGoCpiGKMnzxKmP3M=,deNLh2JkPVhwrs4DdaN3HNkyi3Y=
-34,12,xc7OVdsoqjhGoCpiGKMnzxKmP3M=,deNLh2JkPVhwrs4DdaN3HNkyi3Y=
-33,11,xc7OVdsoqjhGoCpiGKMnzxKmP3M=,Dyo6oGZO7os2Z25k/qSgGyAwPpY=
-36,15,xc7OVdsoqjhGoCpiGKMnzxKmP3M=,deNLh2JkPVhwrs4DdaN3HNkyi3Y=
-35,12,xc7OVdsoqjhGoCpiGKMnzxKmP3M=,deNLh2JkPVhwrs4DdaN3HNkyi3Y=
-37,12,xc7OVdsoqjhGoCpiGKMnzxKmP3M=,3A5Zxm/qIffR5wyDxNSIq8ngOCk=
-34,11,xc7OVdsoqjhGoCpiGKMnzxKmP3M=,Dyo6oGZO7os2Z25k/qSgGyAwPpY=
-35,11,xc7OVdsoqjhGoCpiGKMnzxKmP3M=,Dyo6oGZO7os2Z25k/qSgGyAwPpY=
-37,11,xc7OVdsoqjhGoCpiGKMnzxKmP3M=,xE/mrieqy6yP6/bnsQGE00q1ALo=
-35,15,xc7OVdsoqjhGoCpiGKMnzxKmP3M=,deNLh2JkPVhwrs4DdaN3HNkyi3Y=
-36,11,xc7OVdsoqjhGoCpiGKMnzxKmP3M=,Dyo6oGZO7os2Z25k/qSgGyAwPpY=
-34,14,xc7OVdsoqjhGoCpiGKMnzxKmP3M=,deNLh2JkPVhwrs4DdaN3HNkyi3Y=
-36,12,xc7OVdsoqjhGoCpiGKMnzxKmP3M=,deNLh2JkPVhwrs4DdaN3HNkyi3Y=
-35,14,xc7OVdsoqjhGoCpiGKMnzxKmP3M=,deNLh2JkPVhwrs4DdaN3HNkyi3Y=
-36,13,xc7OVdsoqjhGoCpiGKMnzxKmP3M=,deNLh2JkPVhwrs4DdaN3HNkyi3Y=
-36,14,xc7OVdsoqjhGoCpiGKMnzxKmP3M=,deNLh2JkPVhwrs4DdaN3HNkyi3Y=
-33,13,xc7OVdsoqjhGoCpiGKMnzxKmP3M=,deNLh2JkPVhwrs4DdaN3HNkyi3Y=
-37,13,xc7OVdsoqjhGoCpiGKMnzxKmP3M=,3A5Zxm/qIffR5wyDxNSIq8ngOCk=
-33,14,xc7OVdsoqjhGoCpiGKMnzxKmP3M=,deNLh2JkPVhwrs4DdaN3HNkyi3Y=
-37,15,xc7OVdsoqjhGoCpiGKMnzxKmP3M=,3A5Zxm/qIffR5wyDxNSIq8ngOCk=
-34,13,xc7OVdsoqjhGoCpiGKMnzxKmP3M=,deNLh2JkPVhwrs4DdaN3HNkyi3Y=
-37,14,xc7OVdsoqjhGoCpiGKMnzxKmP3M=,3A5Zxm/qIffR5wyDxNSIq8ngOCk=
-35,13,xc7OVdsoqjhGoCpiGKMnzxKmP3M=,deNLh2JkPVhwrs4DdaN3HNkyi3Y=
-34,15,xc7OVdsoqjhGoCpiGKMnzxKmP3M=,deNLh2JkPVhwrs4DdaN3HNkyi3Y=
-33,15,xc7OVdsoqjhGoCpiGKMnzxKmP3M=,deNLh2JkPVhwrs4DdaN3HNkyi3Y=
