14,10,Xh+KLuavcmkdfb1ZEg5VT2kWoDo=,aKlz01UM79MRb3hrbVLfp0L6q4Y=
13,10,Xh+KLuavcmkdfb1ZEg5VT2kWoDo=,aKlz01UM79MRb3hrbVLfp0L6q4Y=
13,9,Xh+KLuavcmkdfb1ZEg5VT2kWoDo=,aKlz01UM79MRb3hrbVLfp0L6q4Y=
14,9,Xh+KLuavcmkdfb1ZEg5VT2kWoDo=,aKlz01UM79MRb3hrbVLfp0L6q4Y=
10,14,Xh+KLuavcmkdfb1ZEg5VT2kWoDo=,/drLyJKZM7+S8ZkXwYyLd7XbCEI=
9,13,kh8pysNi/Vh5J08cQZxqsZoEDD8=,/drLyJKZM7+S8ZkXwYyLd7XbCEI=
9,14,kh8pysNi/Vh5J08cQZxqsZoEDD8=,/drLyJKZM7+S8ZkXwYyLd7XbCEI=
10,13,kh8pysNi/Vh5J08cQZxqsZoEDD8=,/drLyJKZM7+S8ZkXwYyLd7XbCEI=
8,14,kh8pysNi/Vh5J08cQZxqsZoEDD8=,/drLyJKZM7+S8ZkXwYyLd7XbCEI=
7,14,kh8pysNi/Vh5J08cQZxqsZoEDD8=,0vIlTClpBGXBr0CpPqPASfp14kA=
7,13,kh8pysNi/Vh5J08cQZxqsZoEDD8=,0vIlTClpBGXBr0CpPqPASfp14kA=
6,13,kh8pysNi/Vh5J08cQZxqsZoEDD8=,0vIlTClpBGXBr0CpPqPASfp14kA=
5,13,kh8pysNi/Vh5J08cQZxqsZoEDD8=,0vIlTClpBGXBr0CpPqPASfp14kA=
6,14,HdLLxxVkIMxtNbSjUMM0z3rQSz0=,0vIlTClpBGXBr0CpPqPASfp14kA=
5,14,HdLLxxVkIMxtNbSjUMM0z3rQSz0=,0vIlTClpBGXBr0CpPqPASfp14kA=
8,13,HdLLxxVkIMxtNbSjUMM0z3rQSz0=,/drLyJKZM7+S8ZkXwYyLd7XbCEI=
12,10,HdLLxxVkIMxtNbSjUMM0z3rQSz0=,aKlz01UM79MRb3hrbVLfp0L6q4Y=
12,9,HdLLxxVkIMxtNbSjUMM0z3rQSz0=,aKlz01UM79MRb3hrbVLfp0L6q4Y=
9,12,HdLLxxVkIMxtNbSjUMM0z3rQSz0=,/drLyJKZM7+S8ZkXwYyLd7XbCEI=
9,9,HdLLxxVkIMxtNbSjUMM0z3rQSz0=,ig4Vt+amCdtN+Ho9NFtMWeQKNUg=
10,9,HdLLxxVkIMxtNbSjUMM0z3rQSz0=,ig4Vt+amCdtN+Ho9NFtMWeQKNUg=
11,9,HdLLxxVkIMxtNbSjUMM0z3rQSz0=,ig4Vt+amCdtN+Ho9NFtMWeQKNUg=
10,12,HdLLxxVkIMxtNbSjUMM0z3rQSz0=,/drLyJKZM7+S8ZkXwYyLd7XbCEI=
10,11,HdLLxxVkIMxtNbSjUMM0z3rQSz0=,ig4Vt+amCdtN+Ho9NFtMWeQKNUg=
9,10,HdLLxxVkIMxtNbSjUMM0z3rQSz0=,ig4Vt+amCdtN+Ho9NFtMWeQKNUg=
11,10,HdLLxxVkIMxtNbSjUMM0z3rQSz0=,ig4Vt+amCdtN+Ho9NFtMWeQKNUg=
10,10,HdLLxxVkIMxtNbSjUMM0z3rQSz0=,ig4Vt+amCdtN+Ho9NFtMWeQKNUg=
9,11,HdLLxxVkIMxtNbSjUMM0z3rQSz0=,ig4Vt+amCdtN+Ho9NFtMWeQKNUg=
14,11,HdLLxxVkIMxtNbSjUMM0z3rQSz0=,aKlz01UM79MRb3hrbVLfp0L6q4Y=
13,11,HdLLxxVkIMxtNbSjUMM0z3rQSz0=,aKlz01UM79MRb3hrbVLfp0L6q4Y=
12,11,HdLLxxVkIMxtNbSjUMM0z3rQSz0=,aKlz01UM79MRb3hrbVLfp0L6q4Y=
14,14,HdLLxxVkIMxtNbSjUMM0z3rQSz0=,izMGcFeBgrkvMM986sB5R8Jwxx0=
13,14,HdLLxxVkIMxtNbSjUMM0z3rQSz0=,izMGcFeBgrkvMM986sB5R8Jwxx0=
11,12,HdLLxxVkIMxtNbSjUMM0z3rQSz0=,/drLyJKZM7+S8ZkXwYyLd7XbCEI=
11,13,HdLLxxVkIMxtNbSjUMM0z3rQSz0=,/drLyJKZM7+S8ZkXwYyLd7XbCEI=
11,14,HdLLxxVkIMxtNbSjUMM0z3rQSz0=,/drLyJKZM7+S8ZkXwYyLd7XbCEI=
12,12,HdLLxxVkIMxtNbSjUMM0z3rQSz0=,izMGcFeBgrkvMM986sB5R8Jwxx0=
13,12,HdLLxxVkIMxtNbSjUMM0z3rQSz0=,izMGcFeBgrkvMM986sB5R8Jwxx0=
11,11,HdLLxxVkIMxtNbSjUMM0z3rQSz0=,ig4Vt+amCdtN+Ho9NFtMWeQKNUg=
14,12,HdLLxxVkIMxtNbSjUMM0z3rQSz0=,izMGcFeBgrkvMM986sB5R8Jwxx0=
12,13,HdLLxxVkIMxtNbSjUMM0z3rQSz0=,izMGcFeBgrkvMM986sB5R8Jwxx0=
12,14,HdLLxxVkIMxtNbSjUMM0z3rQSz0=,izMGcFeBgrkvMM986sB5R8Jwxx0=
14,13,HdLLxxVkIMxtNbSjUMM0z3rQSz0=,izMGcFeBgrkvMM986sB5R8Jwxx0=
13,13,HdLLxxVkIMxtNbSjUMM0z3rQSz0=,izMGcFeBgrkvMM986sB5R8Jwxx0=
8,11,Y8ro0uccAWX5HenjUybj7iSwXo4=,ig4Vt+amCdtN+Ho9NFtMWeQKNUg=
8,12,Y8ro0uccAWX5HenjUybj7iSwXo4=,/drLyJKZM7+S8ZkXwYyLd7XbCEI=
8,9,rWCTIQf75IdIo6yL0cJCe55z5os=,ig4Vt+amCdtN+Ho9NFtMWeQKNUg=
7,11,rWCTIQf75IdIo6yL0cJCe55z5os=,UD7TfXzXJHIqVrCzGfgThaMWiko=
5,9,rWCTIQf75IdIo6yL0cJCe55z5os=,UD7TfXzXJHIqVrCzGfgThaMWiko=
6,11,rWCTIQf75IdIo6yL0cJCe55z5os=,UD7TfXzXJHIqVrCzGfgThaMWiko=
7,9,rWCTIQf75IdIo6yL0cJCe55z5os=,UD7TfXzXJHIqVrCzGfgThaMWiko=
7,12,rWCTIQf75IdIo6yL0cJCe55z5os=,0vIlTClpBGXBr0CpPqPASfp14kA=
7,10,rWCTIQf75IdIo6yL0cJCe55z5os=,UD7TfXzXJHIqVrCzGfgThaMWiko=
8,10,rWCTIQf75IdIo6yL0cJCe55z5os=,ig4Vt+amCdtN+Ho9NFtMWeQKNUg=
5,11,rWCTIQf75IdIo6yL0cJCe55z5os=,UD7TfXzXJHIqVrCzGfgThaMWiko=
6,12,rWCTIQf75IdIo6yL0cJCe55z5os=,0vIlTClpBGXBr0CpPqPASfp14kA=
6,9,rWCTIQf75IdIo6yL0cJCe55z5os=,UD7TfXzXJHIqVrCzGfgThaMWiko=
5,10,rWCTIQf75IdIo6yL0cJCe55z5os=,UD7TfXzXJHIqVrCzGfgThaMWiko=
5,12,rWCTIQf75IdIo6yL0cJCe55z5os=,0vIlTClpBGXBr0CpPqPASfp14kA=
6,10,rWCTIQf75IdIo6yL0cJCe55z5os=,UD7TfXzXJHIqVrCzGfgThaMWiko=
2,10,djrMtmglhdaltWEgX5A7RBIp6AA=,qwgJvZmp0uEpnAC3CtSt+QKtO4Q=
3,9,djrMtmglhdaltWEgX5A7RBIp6AA=,qwgJvZmp0uEpnAC3CtSt+QKtO4Q=
3,10,djrMtmglhdaltWEgX5A7RBIp6AA=,qwgJvZmp0uEpnAC3CtSt+QKtO4Q=
1,10,djrMtmglhdaltWEgX5A7RBIp6AA=,qwgJvZmp0uEpnAC3CtSt+QKtO4Q=
1,9,djrMtmglhdaltWEgX5A7RBIp6AA=,qwgJvZmp0uEpnAC3CtSt+QKtO4Q=
4,9,djrMtmglhdaltWEgX5A7RBIp6AA=,UD7TfXzXJHIqVrCzGfgThaMWiko=
2,9,djrMtmglhdaltWEgX5A7RBIp6AA=,qwgJvZmp0uEpnAC3CtSt+QKtO4Q=
4,10,djrMtmglhdaltWEgX5A7RBIp6AA=,UD7TfXzXJHIqVrCzGfgThaMWiko=
6,8,u0qQ2lwIMkUbNd1Rd+W1xJDJ1Fk=,UD7TfXzXJHIqVrCzGfgThaMWiko=
6,6,u0qQ2lwIMkUbNd1Rd+W1xJDJ1Fk=,NqRspWGYHVWzAa49pXnuYsCiPYM=
5,6,u0qQ2lwIMkUbNd1Rd+W1xJDJ1Fk=,NqRspWGYHVWzAa49pXnuYsCiPYM=
6,5,u0qQ2lwIMkUbNd1Rd+W1xJDJ1Fk=,NqRspWGYHVWzAa49pXnuYsCiPYM=
6,7,u0qQ2lwIMkUbNd1Rd+W1xJDJ1Fk=,NqRspWGYHVWzAa49pXnuYsCiPYM=
5,7,u0qQ2lwIMkUbNd1Rd+W1xJDJ1Fk=,NqRspWGYHVWzAa49pXnuYsCiPYM=
5,5,u0qQ2lwIMkUbNd1Rd+W1xJDJ1Fk=,NqRspWGYHVWzAa49pXnuYsCiPYM=
5,8,u0qQ2lwIMkUbNd1Rd+W1xJDJ1Fk=,UD7TfXzXJHIqVrCzGfgThaMWiko=
3,6,3f/OGhaphXao+KWob7oPbM6o2Y4=,gJ95r+wupHEYNh+DLQ4fINTTa38=
3,7,fAPpDkMBkvJS8OYUXgzDxGefq5c=,gJ95r+wupHEYNh+DLQ4fINTTa38=
2,8,fAPpDkMBkvJS8OYUXgzDxGefq5c=,qwgJvZmp0uEpnAC3CtSt+QKtO4Q=
1,5,fAPpDkMBkvJS8OYUXgzDxGefq5c=,gJ95r+wupHEYNh+DLQ4fINTTa38=
4,6,fAPpDkMBkvJS8OYUXgzDxGefq5c=,NqRspWGYHVWzAa49pXnuYsCiPYM=
1,6,fAPpDkMBkvJS8OYUXgzDxGefq5c=,gJ95r+wupHEYNh+DLQ4fINTTa38=
4,5,fAPpDkMBkvJS8OYUXgzDxGefq5c=,NqRspWGYHVWzAa49pXnuYsCiPYM=
2,7,fAPpDkMBkvJS8OYUXgzDxGefq5c=,gJ95r+wupHEYNh+DLQ4fINTTa38=
1,7,fAPpDkMBkvJS8OYUXgzDxGefq5c=,gJ95r+wupHEYNh+DLQ4fINTTa38=
4,8,fAPpDkMBkvJS8OYUXgzDxGefq5c=,UD7TfXzXJHIqVrCzGfgThaMWiko=
2,5,fAPpDkMBkvJS8OYUXgzDxGefq5c=,gJ95r+wupHEYNh+DLQ4fINTTa38=
4,7,fAPpDkMBkvJS8OYUXgzDxGefq5c=,NqRspWGYHVWzAa49pXnuYsCiPYM=
3,8,fAPpDkMBkvJS8OYUXgzDxGefq5c=,qwgJvZmp0uEpnAC3CtSt+QKtO4Q=
1,8,fAPpDkMBkvJS8OYUXgzDxGefq5c=,qwgJvZmp0uEpnAC3CtSt+QKtO4Q=
3,5,fAPpDkMBkvJS8OYUXgzDxGefq5c=,gJ95r+wupHEYNh+DLQ4fINTTa38=
2,6,fAPpDkMBkvJS8OYUXgzDxGefq5c=,gJ95r+wupHEYNh+DLQ4fINTTa38=
6,4,dM8ABxuUzj4KJzEdAMWqjjzzsSE=,NqRspWGYHVWzAa49pXnuYsCiPYM=
6,3,dM8ABxuUzj4KJzEdAMWqjjzzsSE=,T/p1HKZbToV6B+/vYm/pe5Mq8M4=
5,3,dM8ABxuUzj4KJzEdAMWqjjzzsSE=,T/p1HKZbToV6B+/vYm/pe5Mq8M4=
5,4,dM8ABxuUzj4KJzEdAMWqjjzzsSE=,NqRspWGYHVWzAa49pXnuYsCiPYM=
6,2,dM8ABxuUzj4KJzEdAMWqjjzzsSE=,T/p1HKZbToV6B+/vYm/pe5Mq8M4=
5,2,dM8ABxuUzj4KJzEdAMWqjjzzsSE=,T/p1HKZbToV6B+/vYm/pe5Mq8M4=
6,1,dM8ABxuUzj4KJzEdAMWqjjzzsSE=,T/p1HKZbToV6B+/vYm/pe5Mq8M4=
5,1,dM8ABxuUzj4KJzEdAMWqjjzzsSE=,T/p1HKZbToV6B+/vYm/pe5Mq8M4=
10,2,dM8ABxuUzj4KJzEdAMWqjjzzsSE=,xdqfsDH4lCmi0QSYiNY/HT1+S7s=
9,2,dM8ABxuUzj4KJzEdAMWqjjzzsSE=,xdqfsDH4lCmi0QSYiNY/HT1+S7s=
8,2,dM8ABxuUzj4KJzEdAMWqjjzzsSE=,xdqfsDH4lCmi0QSYiNY/HT1+S7s=
10,1,dM8ABxuUzj4KJzEdAMWqjjzzsSE=,xdqfsDH4lCmi0QSYiNY/HT1+S7s=
9,1,dM8ABxuUzj4KJzEdAMWqjjzzsSE=,xdqfsDH4lCmi0QSYiNY/HT1+S7s=
8,1,dM8ABxuUzj4KJzEdAMWqjjzzsSE=,xdqfsDH4lCmi0QSYiNY/HT1+S7s=
7,2,dM8ABxuUzj4KJzEdAMWqjjzzsSE=,T/p1HKZbToV6B+/vYm/pe5Mq8M4=
10,7,dM8ABxuUzj4KJzEdAMWqjjzzsSE=,YoJ3Tjp2o1lYlSIxku+W5hfoEEM=
9,7,dM8ABxuUzj4KJzEdAMWqjjzzsSE=,YoJ3Tjp2o1lYlSIxku+W5hfoEEM=
7,3,dM8ABxuUzj4KJzEdAMWqjjzzsSE=,T/p1HKZbToV6B+/vYm/pe5Mq8M4=
7,8,dM8ABxuUzj4KJzEdAMWqjjzzsSE=,UD7TfXzXJHIqVrCzGfgThaMWiko=
7,6,dM8ABxuUzj4KJzEdAMWqjjzzsSE=,NqRspWGYHVWzAa49pXnuYsCiPYM=
7,1,dM8ABxuUzj4KJzEdAMWqjjzzsSE=,T/p1HKZbToV6B+/vYm/pe5Mq8M4=
7,7,dM8ABxuUzj4KJzEdAMWqjjzzsSE=,NqRspWGYHVWzAa49pXnuYsCiPYM=
10,8,dM8ABxuUzj4KJzEdAMWqjjzzsSE=,ig4Vt+amCdtN+Ho9NFtMWeQKNUg=
7,4,dM8ABxuUzj4KJzEdAMWqjjzzsSE=,NqRspWGYHVWzAa49pXnuYsCiPYM=
9,8,dM8ABxuUzj4KJzEdAMWqjjzzsSE=,ig4Vt+amCdtN+Ho9NFtMWeQKNUg=
8,3,dM8ABxuUzj4KJzEdAMWqjjzzsSE=,xdqfsDH4lCmi0QSYiNY/HT1+S7s=
9,3,dM8ABxuUzj4KJzEdAMWqjjzzsSE=,xdqfsDH4lCmi0QSYiNY/HT1+S7s=
8,8,icXDwBvGiYxBzoHWZXutRnp4sCo=,ig4Vt+amCdtN+Ho9NFtMWeQKNUg=
10,3,icXDwBvGiYxBzoHWZXutRnp4sCo=,xdqfsDH4lCmi0QSYiNY/HT1+S7s=
8,4,icXDwBvGiYxBzoHWZXutRnp4sCo=,YoJ3Tjp2o1lYlSIxku+W5hfoEEM=
8,5,icXDwBvGiYxBzoHWZXutRnp4sCo=,YoJ3Tjp2o1lYlSIxku+W5hfoEEM=
9,4,icXDwBvGiYxBzoHWZXutRnp4sCo=,YoJ3Tjp2o1lYlSIxku+W5hfoEEM=
10,4,icXDwBvGiYxBzoHWZXutRnp4sCo=,YoJ3Tjp2o1lYlSIxku+W5hfoEEM=
7,5,icXDwBvGiYxBzoHWZXutRnp4sCo=,NqRspWGYHVWzAa49pXnuYsCiPYM=
10,5,icXDwBvGiYxBzoHWZXutRnp4sCo=,YoJ3Tjp2o1lYlSIxku+W5hfoEEM=
8,7,icXDwBvGiYxBzoHWZXutRnp4sCo=,YoJ3Tjp2o1lYlSIxku+W5hfoEEM=
10,6,icXDwBvGiYxBzoHWZXutRnp4sCo=,YoJ3Tjp2o1lYlSIxku+W5hfoEEM=
9,5,icXDwBvGiYxBzoHWZXutRnp4sCo=,YoJ3Tjp2o1lYlSIxku+W5hfoEEM=
9,6,icXDwBvGiYxBzoHWZXutRnp4sCo=,YoJ3Tjp2o1lYlSIxku+W5hfoEEM=
8,6,icXDwBvGiYxBzoHWZXutRnp4sCo=,YoJ3Tjp2o1lYlSIxku+W5hfoEEM=
2,3,5qI8Piog4JzRzV94HRBvAhBjk7c=,NAfjTAGgoJKUmhFt+q6p3UA4O+M=
3,2,5qI8Piog4JzRzV94HRBvAhBjk7c=,NAfjTAGgoJKUmhFt+q6p3UA4O+M=
3,3,5qI8Piog4JzRzV94HRBvAhBjk7c=,NAfjTAGgoJKUmhFt+q6p3UA4O+M=
2,2,5qI8Piog4JzRzV94HRBvAhBjk7c=,NAfjTAGgoJKUmhFt+q6p3UA4O+M=
1,2,5qI8Piog4JzRzV94HRBvAhBjk7c=,NAfjTAGgoJKUmhFt+q6p3UA4O+M=
0,2,5qI8Piog4JzRzV94HRBvAhBjk7c=,NAfjTAGgoJKUmhFt+q6p3UA4O+M=
3,1,5qI8Piog4JzRzV94HRBvAhBjk7c=,NAfjTAGgoJKUmhFt+q6p3UA4O+M=
2,0,5qI8Piog4JzRzV94HRBvAhBjk7c=,NAfjTAGgoJKUmhFt+q6p3UA4O+M=
4,3,5qI8Piog4JzRzV94HRBvAhBjk7c=,T/p1HKZbToV6B+/vYm/pe5Mq8M4=
1,3,5qI8Piog4JzRzV94HRBvAhBjk7c=,NAfjTAGgoJKUmhFt+q6p3UA4O+M=
1,1,5qI8Piog4JzRzV94HRBvAhBjk7c=,NAfjTAGgoJKUmhFt+q6p3UA4O+M=
4,2,5qI8Piog4JzRzV94HRBvAhBjk7c=,T/p1HKZbToV6B+/vYm/pe5Mq8M4=
2,1,5qI8Piog4JzRzV94HRBvAhBjk7c=,NAfjTAGgoJKUmhFt+q6p3UA4O+M=
1,4,5qI8Piog4JzRzV94HRBvAhBjk7c=,gJ95r+wupHEYNh+DLQ4fINTTa38=
0,1,5qI8Piog4JzRzV94HRBvAhBjk7c=,NAfjTAGgoJKUmhFt+q6p3UA4O+M=
1,0,5qI8Piog4JzRzV94HRBvAhBjk7c=,NAfjTAGgoJKUmhFt+q6p3UA4O+M=
4,1,5qI8Piog4JzRzV94HRBvAhBjk7c=,T/p1HKZbToV6B+/vYm/pe5Mq8M4=
2,4,5qI8Piog4JzRzV94HRBvAhBjk7c=,gJ95r+wupHEYNh+DLQ4fINTTa38=
10,0,5qI8Piog4JzRzV94HRBvAhBjk7c=,xdqfsDH4lCmi0QSYiNY/HT1+S7s=
9,0,5qI8Piog4JzRzV94HRBvAhBjk7c=,xdqfsDH4lCmi0QSYiNY/HT1+S7s=
4,4,5qI8Piog4JzRzV94HRBvAhBjk7c=,NqRspWGYHVWzAa49pXnuYsCiPYM=
15,9,5qI8Piog4JzRzV94HRBvAhBjk7c=,aKlz01UM79MRb3hrbVLfp0L6q4Y=
15,10,5qI8Piog4JzRzV94HRBvAhBjk7c=,aKlz01UM79MRb3hrbVLfp0L6q4Y=
15,11,5qI8Piog4JzRzV94HRBvAhBjk7c=,aKlz01UM79MRb3hrbVLfp0L6q4Y=
15,14,5qI8Piog4JzRzV94HRBvAhBjk7c=,izMGcFeBgrkvMM986sB5R8Jwxx0=
15,13,5qI8Piog4JzRzV94HRBvAhBjk7c=,izMGcFeBgrkvMM986sB5R8Jwxx0=
15,12,5qI8Piog4JzRzV94HRBvAhBjk7c=,izMGcFeBgrkvMM986sB5R8Jwxx0=
3,4,5qI8Piog4JzRzV94HRBvAhBjk7c=,gJ95r+wupHEYNh+DLQ4fINTTa38=
8,0,5qI8Piog4JzRzV94HRBvAhBjk7c=,xdqfsDH4lCmi0QSYiNY/HT1+S7s=
4,0,5qI8Piog4JzRzV94HRBvAhBjk7c=,T/p1HKZbToV6B+/vYm/pe5Mq8M4=
3,0,5qI8Piog4JzRzV94HRBvAhBjk7c=,NAfjTAGgoJKUmhFt+q6p3UA4O+M=
7,0,5qI8Piog4JzRzV94HRBvAhBjk7c=,T/p1HKZbToV6B+/vYm/pe5Mq8M4=
6,0,5qI8Piog4JzRzV94HRBvAhBjk7c=,T/p1HKZbToV6B+/vYm/pe5Mq8M4=
5,0,5qI8Piog4JzRzV94HRBvAhBjk7c=,T/p1HKZbToV6B+/vYm/pe5Mq8M4=
5,15,5qI8Piog4JzRzV94HRBvAhBjk7c=,0vIlTClpBGXBr0CpPqPASfp14kA=
6,15,5qI8Piog4JzRzV94HRBvAhBjk7c=,0vIlTClpBGXBr0CpPqPASfp14kA=
0,9,5qI8Piog4JzRzV94HRBvAhBjk7c=,qwgJvZmp0uEpnAC3CtSt+QKtO4Q=
0,10,5qI8Piog4JzRzV94HRBvAhBjk7c=,qwgJvZmp0uEpnAC3CtSt+QKtO4Q=
0,5,5qI8Piog4JzRzV94HRBvAhBjk7c=,gJ95r+wupHEYNh+DLQ4fINTTa38=
0,8,5qI8Piog4JzRzV94HRBvAhBjk7c=,qwgJvZmp0uEpnAC3CtSt+QKtO4Q=
0,7,5qI8Piog4JzRzV94HRBvAhBjk7c=,gJ95r+wupHEYNh+DLQ4fINTTa38=
0,3,5qI8Piog4JzRzV94HRBvAhBjk7c=,NAfjTAGgoJKUmhFt+q6p3UA4O+M=
0,4,5qI8Piog4JzRzV94HRBvAhBjk7c=,gJ95r+wupHEYNh+DLQ4fINTTa38=
0,6,5qI8Piog4JzRzV94HRBvAhBjk7c=,gJ95r+wupHEYNh+DLQ4fINTTa38=
10,15,5qI8Piog4JzRzV94HRBvAhBjk7c=,/drLyJKZM7+S8ZkXwYyLd7XbCEI=
9,15,5qI8Piog4JzRzV94HRBvAhBjk7c=,/drLyJKZM7+S8ZkXwYyLd7XbCEI=
8,15,5qI8Piog4JzRzV94HRBvAhBjk7c=,/drLyJKZM7+S8ZkXwYyLd7XbCEI=
7,15,5qI8Piog4JzRzV94HRBvAhBjk7c=,0vIlTClpBGXBr0CpPqPASfp14kA=
14,15,5qI8Piog4JzRzV94HRBvAhBjk7c=,izMGcFeBgrkvMM986sB5R8Jwxx0=
13,15,5qI8Piog4JzRzV94HRBvAhBjk7c=,izMGcFeBgrkvMM986sB5R8Jwxx0=
11,15,5qI8Piog4JzRzV94HRBvAhBjk7c=,/drLyJKZM7+S8ZkXwYyLd7XbCEI=
12,15,5qI8Piog4JzRzV94HRBvAhBjk7c=,izMGcFeBgrkvMM986sB5R8Jwxx0=
15,15,JwiyhoTnIeAfCIdRGfG/0mZp5Sk=,izMGcFeBgrkvMM986sB5R8Jwxx0=
0,0,JwiyhoTnIeAfCIdRGfG/0mZp5Sk=,NAfjTAGgoJKUmhFt+q6p3UA4O+M=
15,7,JwiyhoTnIeAfCIdRGfG/0mZp5Sk=,WQUgZpllxVKIM2xqYhQkvmhId8M=
14,7,JwiyhoTnIeAfCIdRGfG/0mZp5Sk=,WQUgZpllxVKIM2xqYhQkvmhId8M=
11,8,JwiyhoTnIeAfCIdRGfG/0mZp5Sk=,ig4Vt+amCdtN+Ho9NFtMWeQKNUg=
11,6,JwiyhoTnIeAfCIdRGfG/0mZp5Sk=,YoJ3Tjp2o1lYlSIxku+W5hfoEEM=
11,5,JwiyhoTnIeAfCIdRGfG/0mZp5Sk=,YoJ3Tjp2o1lYlSIxku+W5hfoEEM=
12,8,JwiyhoTnIeAfCIdRGfG/0mZp5Sk=,aKlz01UM79MRb3hrbVLfp0L6q4Y=
13,8,JwiyhoTnIeAfCIdRGfG/0mZp5Sk=,aKlz01UM79MRb3hrbVLfp0L6q4Y=
14,8,JwiyhoTnIeAfCIdRGfG/0mZp5Sk=,aKlz01UM79MRb3hrbVLfp0L6q4Y=
15,8,JwiyhoTnIeAfCIdRGfG/0mZp5Sk=,aKlz01UM79MRb3hrbVLfp0L6q4Y=
12,5,JwiyhoTnIeAfCIdRGfG/0mZp5Sk=,WQUgZpllxVKIM2xqYhQkvmhId8M=
13,5,JwiyhoTnIeAfCIdRGfG/0mZp5Sk=,WQUgZpllxVKIM2xqYhQkvmhId8M=
14,5,JwiyhoTnIeAfCIdRGfG/0mZp5Sk=,WQUgZpllxVKIM2xqYhQkvmhId8M=
15,5,JwiyhoTnIeAfCIdRGfG/0mZp5Sk=,WQUgZpllxVKIM2xqYhQkvmhId8M=
12,6,JwiyhoTnIeAfCIdRGfG/0mZp5Sk=,WQUgZpllxVKIM2xqYhQkvmhId8M=
13,6,04S0fhUCfbblQDFNFAENwMn2+CA=,WQUgZpllxVKIM2xqYhQkvmhId8M=
14,6,04S0fhUCfbblQDFNFAENwMn2+CA=,WQUgZpllxVKIM2xqYhQkvmhId8M=
15,6,04S0fhUCfbblQDFNFAENwMn2+CA=,WQUgZpllxVKIM2xqYhQkvmhId8M=
12,7,04S0fhUCfbblQDFNFAENwMn2+CA=,WQUgZpllxVKIM2xqYhQkvmhId8M=
11,0,04S0fhUCfbblQDFNFAENwMn2+CA=,xdqfsDH4lCmi0QSYiNY/HT1+S7s=
15,3,04S0fhUCfbblQDFNFAENwMn2+CA=,C5yO8g1NwPj/8eZQZdxy1uA6r2s=
14,3,04S0fhUCfbblQDFNFAENwMn2+CA=,C5yO8g1NwPj/8eZQZdxy1uA6r2s=
13,3,04S0fhUCfbblQDFNFAENwMn2+CA=,C5yO8g1NwPj/8eZQZdxy1uA6r2s=
12,3,04S0fhUCfbblQDFNFAENwMn2+CA=,C5yO8g1NwPj/8eZQZdxy1uA6r2s=
15,2,04S0fhUCfbblQDFNFAENwMn2+CA=,C5yO8g1NwPj/8eZQZdxy1uA6r2s=
14,2,04S0fhUCfbblQDFNFAENwMn2+CA=,C5yO8g1NwPj/8eZQZdxy1uA6r2s=
13,2,04S0fhUCfbblQDFNFAENwMn2+CA=,C5yO8g1NwPj/8eZQZdxy1uA6r2s=
12,2,04S0fhUCfbblQDFNFAENwMn2+CA=,C5yO8g1NwPj/8eZQZdxy1uA6r2s=
15,1,04S0fhUCfbblQDFNFAENwMn2+CA=,C5yO8g1NwPj/8eZQZdxy1uA6r2s=
14,1,04S0fhUCfbblQDFNFAENwMn2+CA=,C5yO8g1NwPj/8eZQZdxy1uA6r2s=
13,1,04S0fhUCfbblQDFNFAENwMn2+CA=,C5yO8g1NwPj/8eZQZdxy1uA6r2s=
12,1,04S0fhUCfbblQDFNFAENwMn2+CA=,C5yO8g1NwPj/8eZQZdxy1uA6r2s=
15,0,04S0fhUCfbblQDFNFAENwMn2+CA=,C5yO8g1NwPj/8eZQZdxy1uA6r2s=
14,0,04S0fhUCfbblQDFNFAENwMn2+CA=,C5yO8g1NwPj/8eZQZdxy1uA6r2s=
13,0,04S0fhUCfbblQDFNFAENwMn2+CA=,C5yO8g1NwPj/8eZQZdxy1uA6r2s=
12,0,04S0fhUCfbblQDFNFAENwMn2+CA=,C5yO8g1NwPj/8eZQZdxy1uA6r2s=
11,7,04S0fhUCfbblQDFNFAENwMn2+CA=,YoJ3Tjp2o1lYlSIxku+W5hfoEEM=
11,1,04S0fhUCfbblQDFNFAENwMn2+CA=,xdqfsDH4lCmi0QSYiNY/HT1+S7s=
15,4,04S0fhUCfbblQDFNFAENwMn2+CA=,WQUgZpllxVKIM2xqYhQkvmhId8M=
11,2,04S0fhUCfbblQDFNFAENwMn2+CA=,xdqfsDH4lCmi0QSYiNY/HT1+S7s=
11,3,04S0fhUCfbblQDFNFAENwMn2+CA=,xdqfsDH4lCmi0QSYiNY/HT1+S7s=
13,7,04S0fhUCfbblQDFNFAENwMn2+CA=,WQUgZpllxVKIM2xqYhQkvmhId8M=
12,4,04S0fhUCfbblQDFNFAENwMn2+CA=,WQUgZpllxVKIM2xqYhQkvmhId8M=
11,4,04S0fhUCfbblQDFNFAENwMn2+CA=,YoJ3Tjp2o1lYlSIxku+W5hfoEEM=
13,4,04S0fhUCfbblQDFNFAENwMn2+CA=,WQUgZpllxVKIM2xqYhQkvmhId8M=
14,4,04S0fhUCfbblQDFNFAENwMn2+CA=,WQUgZpllxVKIM2xqYhQkvmhId8M=
2,14,04S0fhUCfbblQDFNFAENwMn2+CA=,3Jy7w+we8ei2vYbVrOcVSQBe/Jg=
2,13,04S0fhUCfbblQDFNFAENwMn2+CA=,3Jy7w+we8ei2vYbVrOcVSQBe/Jg=
0,14,04S0fhUCfbblQDFNFAENwMn2+CA=,3Jy7w+we8ei2vYbVrOcVSQBe/Jg=
0,12,04S0fhUCfbblQDFNFAENwMn2+CA=,3Jy7w+we8ei2vYbVrOcVSQBe/Jg=
2,12,04S0fhUCfbblQDFNFAENwMn2+CA=,3Jy7w+we8ei2vYbVrOcVSQBe/Jg=
4,15,04S0fhUCfbblQDFNFAENwMn2+CA=,0vIlTClpBGXBr0CpPqPASfp14kA=
2,15,04S0fhUCfbblQDFNFAENwMn2+CA=,3Jy7w+we8ei2vYbVrOcVSQBe/Jg=
3,11,04S0fhUCfbblQDFNFAENwMn2+CA=,qwgJvZmp0uEpnAC3CtSt+QKtO4Q=
4,14,04S0fhUCfbblQDFNFAENwMn2+CA=,0vIlTClpBGXBr0CpPqPASfp14kA=
3,12,04S0fhUCfbblQDFNFAENwMn2+CA=,3Jy7w+we8ei2vYbVrOcVSQBe/Jg=
4,12,04S0fhUCfbblQDFNFAENwMn2+CA=,0vIlTClpBGXBr0CpPqPASfp14kA=
1,12,04S0fhUCfbblQDFNFAENwMn2+CA=,3Jy7w+we8ei2vYbVrOcVSQBe/Jg=
1,13,04S0fhUCfbblQDFNFAENwMn2+CA=,3Jy7w+we8ei2vYbVrOcVSQBe/Jg=
2,11,04S0fhUCfbblQDFNFAENwMn2+CA=,qwgJvZmp0uEpnAC3CtSt+QKtO4Q=
1,11,04S0fhUCfbblQDFNFAENwMn2+CA=,qwgJvZmp0uEpnAC3CtSt+QKtO4Q=
1,15,04S0fhUCfbblQDFNFAENwMn2+CA=,3Jy7w+we8ei2vYbVrOcVSQBe/Jg=
4,11,04S0fhUCfbblQDFNFAENwMn2+CA=,UD7TfXzXJHIqVrCzGfgThaMWiko=
3,13,04S0fhUCfbblQDFNFAENwMn2+CA=,3Jy7w+we8ei2vYbVrOcVSQBe/Jg=
0,11,04S0fhUCfbblQDFNFAENwMn2+CA=,qwgJvZmp0uEpnAC3CtSt+QKtO4Q=
3,15,04S0fhUCfbblQDFNFAENwMn2+CA=,3Jy7w+we8ei2vYbVrOcVSQBe/Jg=
3,14,04S0fhUCfbblQDFNFAENwMn2+CA=,3Jy7w+we8ei2vYbVrOcVSQBe/Jg=
4,13,04S0fhUCfbblQDFNFAENwMn2+CA=,0vIlTClpBGXBr0CpPqPASfp14kA=
0,13,04S0fhUCfbblQDFNFAENwMn2+CA=,3Jy7w+we8ei2vYbVrOcVSQBe/Jg=
1,14,04S0fhUCfbblQDFNFAENwMn2+CA=,3Jy7w+we8ei2vYbVrOcVSQBe/Jg=
0,15,04S0fhUCfbblQDFNFAENwMn2+CA=,3Jy7w+we8ei2vYbVrOcVSQBe/Jg=
2,29,04S0fhUCfbblQDFNFAENwMn2+CA=,D32t041E0yY4lMtv1gnWS1JtAQg=
1,29,04S0fhUCfbblQDFNFAENwMn2+CA=,D32t041E0yY4lMtv1gnWS1JtAQg=
1,30,04S0fhUCfbblQDFNFAENwMn2+CA=,D32t041E0yY4lMtv1gnWS1JtAQg=
2,30,04S0fhUCfbblQDFNFAENwMn2+CA=,D32t041E0yY4lMtv1gnWS1JtAQg=
0,17,04S0fhUCfbblQDFNFAENwMn2+CA=,vfAYqS5EcOIN2+hln+NO3BFlcx0=
1,18,04S0fhUCfbblQDFNFAENwMn2+CA=,vfAYqS5EcOIN2+hln+NO3BFlcx0=
2,18,04S0fhUCfbblQDFNFAENwMn2+CA=,vfAYqS5EcOIN2+hln+NO3BFlcx0=
3,18,04S0fhUCfbblQDFNFAENwMn2+CA=,vfAYqS5EcOIN2+hln+NO3BFlcx0=
3,17,04S0fhUCfbblQDFNFAENwMn2+CA=,vfAYqS5EcOIN2+hln+NO3BFlcx0=
0,18,04S0fhUCfbblQDFNFAENwMn2+CA=,vfAYqS5EcOIN2+hln+NO3BFlcx0=
2,17,04S0fhUCfbblQDFNFAENwMn2+CA=,vfAYqS5EcOIN2+hln+NO3BFlcx0=
1,16,04S0fhUCfbblQDFNFAENwMn2+CA=,vfAYqS5EcOIN2+hln+NO3BFlcx0=
0,29,04S0fhUCfbblQDFNFAENwMn2+CA=,D32t041E0yY4lMtv1gnWS1JtAQg=
0,30,04S0fhUCfbblQDFNFAENwMn2+CA=,D32t041E0yY4lMtv1gnWS1JtAQg=
3,29,04S0fhUCfbblQDFNFAENwMn2+CA=,D32t041E0yY4lMtv1gnWS1JtAQg=
3,30,04S0fhUCfbblQDFNFAENwMn2+CA=,D32t041E0yY4lMtv1gnWS1JtAQg=
2,31,04S0fhUCfbblQDFNFAENwMn2+CA=,D32t041E0yY4lMtv1gnWS1JtAQg=
1,31,04S0fhUCfbblQDFNFAENwMn2+CA=,D32t041E0yY4lMtv1gnWS1JtAQg=
3,31,04S0fhUCfbblQDFNFAENwMn2+CA=,D32t041E0yY4lMtv1gnWS1JtAQg=
2,16,04S0fhUCfbblQDFNFAENwMn2+CA=,vfAYqS5EcOIN2+hln+NO3BFlcx0=
1,17,04S0fhUCfbblQDFNFAENwMn2+CA=,vfAYqS5EcOIN2+hln+NO3BFlcx0=
1,20,04S0fhUCfbblQDFNFAENwMn2+CA=,MF/IjLDSIXYnxUC1QPi8749sg5o=
1,21,04S0fhUCfbblQDFNFAENwMn2+CA=,MF/IjLDSIXYnxUC1QPi8749sg5o=
1,22,04S0fhUCfbblQDFNFAENwMn2+CA=,MF/IjLDSIXYnxUC1QPi8749sg5o=
2,20,04S0fhUCfbblQDFNFAENwMn2+CA=,MF/IjLDSIXYnxUC1QPi8749sg5o=
0,19,04S0fhUCfbblQDFNFAENwMn2+CA=,vfAYqS5EcOIN2+hln+NO3BFlcx0=
3,20,04S0fhUCfbblQDFNFAENwMn2+CA=,MF/IjLDSIXYnxUC1QPi8749sg5o=
2,21,04S0fhUCfbblQDFNFAENwMn2+CA=,MF/IjLDSIXYnxUC1QPi8749sg5o=
3,21,04S0fhUCfbblQDFNFAENwMn2+CA=,MF/IjLDSIXYnxUC1QPi8749sg5o=
1,19,04S0fhUCfbblQDFNFAENwMn2+CA=,vfAYqS5EcOIN2+hln+NO3BFlcx0=
0,21,04S0fhUCfbblQDFNFAENwMn2+CA=,MF/IjLDSIXYnxUC1QPi8749sg5o=
2,19,04S0fhUCfbblQDFNFAENwMn2+CA=,vfAYqS5EcOIN2+hln+NO3BFlcx0=
3,22,04S0fhUCfbblQDFNFAENwMn2+CA=,MF/IjLDSIXYnxUC1QPi8749sg5o=
2,22,04S0fhUCfbblQDFNFAENwMn2+CA=,MF/IjLDSIXYnxUC1QPi8749sg5o=
3,19,04S0fhUCfbblQDFNFAENwMn2+CA=,vfAYqS5EcOIN2+hln+NO3BFlcx0=
0,22,04S0fhUCfbblQDFNFAENwMn2+CA=,MF/IjLDSIXYnxUC1QPi8749sg5o=
0,20,04S0fhUCfbblQDFNFAENwMn2+CA=,MF/IjLDSIXYnxUC1QPi8749sg5o=
9,16,04S0fhUCfbblQDFNFAENwMn2+CA=,efvRm1vhUptpwcoWEu1AaT/UmKA=
10,16,04S0fhUCfbblQDFNFAENwMn2+CA=,efvRm1vhUptpwcoWEu1AaT/UmKA=
8,17,04S0fhUCfbblQDFNFAENwMn2+CA=,efvRm1vhUptpwcoWEu1AaT/UmKA=
9,17,04S0fhUCfbblQDFNFAENwMn2+CA=,efvRm1vhUptpwcoWEu1AaT/UmKA=
10,18,04S0fhUCfbblQDFNFAENwMn2+CA=,efvRm1vhUptpwcoWEu1AaT/UmKA=
8,18,dPm8Q4aJx0ICHqWSP0K++sbH5HY=,efvRm1vhUptpwcoWEu1AaT/UmKA=
10,17,dPm8Q4aJx0ICHqWSP0K++sbH5HY=,efvRm1vhUptpwcoWEu1AaT/UmKA=
9,18,dPm8Q4aJx0ICHqWSP0K++sbH5HY=,efvRm1vhUptpwcoWEu1AaT/UmKA=
8,19,dPm8Q4aJx0ICHqWSP0K++sbH5HY=,efvRm1vhUptpwcoWEu1AaT/UmKA=
9,19,dPm8Q4aJx0ICHqWSP0K++sbH5HY=,efvRm1vhUptpwcoWEu1AaT/UmKA=
10,19,dPm8Q4aJx0ICHqWSP0K++sbH5HY=,efvRm1vhUptpwcoWEu1AaT/UmKA=
0,31,dPm8Q4aJx0ICHqWSP0K++sbH5HY=,D32t041E0yY4lMtv1gnWS1JtAQg=
3,16,dPm8Q4aJx0ICHqWSP0K++sbH5HY=,vfAYqS5EcOIN2+hln+NO3BFlcx0=
8,16,dPm8Q4aJx0ICHqWSP0K++sbH5HY=,efvRm1vhUptpwcoWEu1AaT/UmKA=
0,16,dPm8Q4aJx0ICHqWSP0K++sbH5HY=,vfAYqS5EcOIN2+hln+NO3BFlcx0=
11,19,dPm8Q4aJx0ICHqWSP0K++sbH5HY=,efvRm1vhUptpwcoWEu1AaT/UmKA=
11,17,dPm8Q4aJx0ICHqWSP0K++sbH5HY=,efvRm1vhUptpwcoWEu1AaT/UmKA=
12,16,dPm8Q4aJx0ICHqWSP0K++sbH5HY=,0uIxNfiU/ZmSVnZsVflBzC0ZuGg=
15,18,dPm8Q4aJx0ICHqWSP0K++sbH5HY=,0uIxNfiU/ZmSVnZsVflBzC0ZuGg=
14,18,dPm8Q4aJx0ICHqWSP0K++sbH5HY=,0uIxNfiU/ZmSVnZsVflBzC0ZuGg=
13,16,dPm8Q4aJx0ICHqWSP0K++sbH5HY=,0uIxNfiU/ZmSVnZsVflBzC0ZuGg=
14,16,dPm8Q4aJx0ICHqWSP0K++sbH5HY=,0uIxNfiU/ZmSVnZsVflBzC0ZuGg=
13,18,dPm8Q4aJx0ICHqWSP0K++sbH5HY=,0uIxNfiU/ZmSVnZsVflBzC0ZuGg=
12,18,dPm8Q4aJx0ICHqWSP0K++sbH5HY=,0uIxNfiU/ZmSVnZsVflBzC0ZuGg=
15,16,dPm8Q4aJx0ICHqWSP0K++sbH5HY=,0uIxNfiU/ZmSVnZsVflBzC0ZuGg=
15,17,dPm8Q4aJx0ICHqWSP0K++sbH5HY=,0uIxNfiU/ZmSVnZsVflBzC0ZuGg=
14,17,dPm8Q4aJx0ICHqWSP0K++sbH5HY=,0uIxNfiU/ZmSVnZsVflBzC0ZuGg=
13,17,dPm8Q4aJx0ICHqWSP0K++sbH5HY=,0uIxNfiU/ZmSVnZsVflBzC0ZuGg=
11,18,dPm8Q4aJx0ICHqWSP0K++sbH5HY=,efvRm1vhUptpwcoWEu1AaT/UmKA=
11,16,dPm8Q4aJx0ICHqWSP0K++sbH5HY=,efvRm1vhUptpwcoWEu1AaT/UmKA=
15,19,dPm8Q4aJx0ICHqWSP0K++sbH5HY=,0uIxNfiU/ZmSVnZsVflBzC0ZuGg=
14,19,dPm8Q4aJx0ICHqWSP0K++sbH5HY=,0uIxNfiU/ZmSVnZsVflBzC0ZuGg=
13,19,dPm8Q4aJx0ICHqWSP0K++sbH5HY=,0uIxNfiU/ZmSVnZsVflBzC0ZuGg=
12,19,dPm8Q4aJx0ICHqWSP0K++sbH5HY=,0uIxNfiU/ZmSVnZsVflBzC0ZuGg=
12,17,dPm8Q4aJx0ICHqWSP0K++sbH5HY=,0uIxNfiU/ZmSVnZsVflBzC0ZuGg=
3,26,dPm8Q4aJx0ICHqWSP0K++sbH5HY=,brZFNQ9PnYp/LmshtharBRs9JMc=
0,23,dPm8Q4aJx0ICHqWSP0K++sbH5HY=,MF/IjLDSIXYnxUC1QPi8749sg5o=
1,27,dPm8Q4aJx0ICHqWSP0K++sbH5HY=,brZFNQ9PnYp/LmshtharBRs9JMc=
2,28,dPm8Q4aJx0ICHqWSP0K++sbH5HY=,D32t041E0yY4lMtv1gnWS1JtAQg=
2,26,dPm8Q4aJx0ICHqWSP0K++sbH5HY=,brZFNQ9PnYp/LmshtharBRs9JMc=
1,26,dPm8Q4aJx0ICHqWSP0K++sbH5HY=,brZFNQ9PnYp/LmshtharBRs9JMc=
2,27,dPm8Q4aJx0ICHqWSP0K++sbH5HY=,brZFNQ9PnYp/LmshtharBRs9JMc=
3,28,dPm8Q4aJx0ICHqWSP0K++sbH5HY=,D32t041E0yY4lMtv1gnWS1JtAQg=
3,27,dPm8Q4aJx0ICHqWSP0K++sbH5HY=,brZFNQ9PnYp/LmshtharBRs9JMc=
0,28,dPm8Q4aJx0ICHqWSP0K++sbH5HY=,D32t041E0yY4lMtv1gnWS1JtAQg=
1,28,dPm8Q4aJx0ICHqWSP0K++sbH5HY=,D32t041E0yY4lMtv1gnWS1JtAQg=
1,23,dPm8Q4aJx0ICHqWSP0K++sbH5HY=,MF/IjLDSIXYnxUC1QPi8749sg5o=
2,23,dPm8Q4aJx0ICHqWSP0K++sbH5HY=,MF/IjLDSIXYnxUC1QPi8749sg5o=
3,23,dPm8Q4aJx0ICHqWSP0K++sbH5HY=,MF/IjLDSIXYnxUC1QPi8749sg5o=
3,25,dPm8Q4aJx0ICHqWSP0K++sbH5HY=,brZFNQ9PnYp/LmshtharBRs9JMc=
0,24,dPm8Q4aJx0ICHqWSP0K++sbH5HY=,brZFNQ9PnYp/LmshtharBRs9JMc=
2,25,dPm8Q4aJx0ICHqWSP0K++sbH5HY=,brZFNQ9PnYp/LmshtharBRs9JMc=
1,24,dPm8Q4aJx0ICHqWSP0K++sbH5HY=,brZFNQ9PnYp/LmshtharBRs9JMc=
2,24,dPm8Q4aJx0ICHqWSP0K++sbH5HY=,brZFNQ9PnYp/LmshtharBRs9JMc=
1,25,dPm8Q4aJx0ICHqWSP0K++sbH5HY=,brZFNQ9PnYp/LmshtharBRs9JMc=
3,24,dPm8Q4aJx0ICHqWSP0K++sbH5HY=,brZFNQ9PnYp/LmshtharBRs9JMc=
0,25,dPm8Q4aJx0ICHqWSP0K++sbH5HY=,brZFNQ9PnYp/LmshtharBRs9JMc=
0,26,dPm8Q4aJx0ICHqWSP0K++sbH5HY=,brZFNQ9PnYp/LmshtharBRs9JMc=
0,27,dPm8Q4aJx0ICHqWSP0K++sbH5HY=,brZFNQ9PnYp/LmshtharBRs9JMc=
17,16,cjlLMGXgT7ACYpjoJxFNFzo1lU0=,SZ3BRG53MzKvb4/KO0cqF9ob8x8=
19,17,cjlLMGXgT7ACYpjoJxFNFzo1lU0=,SZ3BRG53MzKvb4/KO0cqF9ob8x8=
19,19,cjlLMGXgT7ACYpjoJxFNFzo1lU0=,SZ3BRG53MzKvb4/KO0cqF9ob8x8=
16,18,cjlLMGXgT7ACYpjoJxFNFzo1lU0=,SZ3BRG53MzKvb4/KO0cqF9ob8x8=
17,18,cjlLMGXgT7ACYpjoJxFNFzo1lU0=,SZ3BRG53MzKvb4/KO0cqF9ob8x8=
16,19,cjlLMGXgT7ACYpjoJxFNFzo1lU0=,SZ3BRG53MzKvb4/KO0cqF9ob8x8=
18,19,cjlLMGXgT7ACYpjoJxFNFzo1lU0=,SZ3BRG53MzKvb4/KO0cqF9ob8x8=
16,16,cjlLMGXgT7ACYpjoJxFNFzo1lU0=,SZ3BRG53MzKvb4/KO0cqF9ob8x8=
17,19,cjlLMGXgT7ACYpjoJxFNFzo1lU0=,SZ3BRG53MzKvb4/KO0cqF9ob8x8=
17,17,cjlLMGXgT7ACYpjoJxFNFzo1lU0=,SZ3BRG53MzKvb4/KO0cqF9ob8x8=
19,16,cjlLMGXgT7ACYpjoJxFNFzo1lU0=,SZ3BRG53MzKvb4/KO0cqF9ob8x8=
18,16,cjlLMGXgT7ACYpjoJxFNFzo1lU0=,SZ3BRG53MzKvb4/KO0cqF9ob8x8=
16,17,cjlLMGXgT7ACYpjoJxFNFzo1lU0=,SZ3BRG53MzKvb4/KO0cqF9ob8x8=
18,17,cjlLMGXgT7ACYpjoJxFNFzo1lU0=,SZ3BRG53MzKvb4/KO0cqF9ob8x8=
19,18,cjlLMGXgT7ACYpjoJxFNFzo1lU0=,SZ3BRG53MzKvb4/KO0cqF9ob8x8=
18,18,cjlLMGXgT7ACYpjoJxFNFzo1lU0=,SZ3BRG53MzKvb4/KO0cqF9ob8x8=
25,5,unW884bKEsyDmF14vfbC42x1IGU=,K7OB60NlO9phDR8hrKD9K17WWrI=
26,6,unW884bKEsyDmF14vfbC42x1IGU=,K7OB60NlO9phDR8hrKD9K17WWrI=
25,6,unW884bKEsyDmF14vfbC42x1IGU=,K7OB60NlO9phDR8hrKD9K17WWrI=
26,5,unW884bKEsyDmF14vfbC42x1IGU=,K7OB60NlO9phDR8hrKD9K17WWrI=
25,3,s0qi8MURqzjptc0MKDEcxElRFBE=,iotAHspspEvw01uJ8oDLSn9J5BA=
26,0,s0qi8MURqzjptc0MKDEcxElRFBE=,iotAHspspEvw01uJ8oDLSn9J5BA=
26,2,s0qi8MURqzjptc0MKDEcxElRFBE=,iotAHspspEvw01uJ8oDLSn9J5BA=
25,2,s0qi8MURqzjptc0MKDEcxElRFBE=,iotAHspspEvw01uJ8oDLSn9J5BA=
26,1,s0qi8MURqzjptc0MKDEcxElRFBE=,iotAHspspEvw01uJ8oDLSn9J5BA=
25,1,s0qi8MURqzjptc0MKDEcxElRFBE=,iotAHspspEvw01uJ8oDLSn9J5BA=
26,4,s0qi8MURqzjptc0MKDEcxElRFBE=,K7OB60NlO9phDR8hrKD9K17WWrI=
25,4,s0qi8MURqzjptc0MKDEcxElRFBE=,K7OB60NlO9phDR8hrKD9K17WWrI=
26,3,s0qi8MURqzjptc0MKDEcxElRFBE=,iotAHspspEvw01uJ8oDLSn9J5BA=
25,0,s0qi8MURqzjptc0MKDEcxElRFBE=,iotAHspspEvw01uJ8oDLSn9J5BA=
17,9,s0qi8MURqzjptc0MKDEcxElRFBE=,jszI9FYO+1R9Jrx4dAQI9nqdX7w=
18,10,n/EXTo80t4whNdilPVGLY+uKSZg=,jszI9FYO+1R9Jrx4dAQI9nqdX7w=
18,9,n/EXTo80t4whNdilPVGLY+uKSZg=,jszI9FYO+1R9Jrx4dAQI9nqdX7w=
17,10,n/EXTo80t4whNdilPVGLY+uKSZg=,jszI9FYO+1R9Jrx4dAQI9nqdX7w=
20,9,n/EXTo80t4whNdilPVGLY+uKSZg=,1QPQZwf15o24YD+6XIbGugjD26U=
21,9,n/EXTo80t4whNdilPVGLY+uKSZg=,1QPQZwf15o24YD+6XIbGugjD26U=
19,10,n/EXTo80t4whNdilPVGLY+uKSZg=,jszI9FYO+1R9Jrx4dAQI9nqdX7w=
22,9,n/EXTo80t4whNdilPVGLY+uKSZg=,1QPQZwf15o24YD+6XIbGugjD26U=
20,10,n/EXTo80t4whNdilPVGLY+uKSZg=,1QPQZwf15o24YD+6XIbGugjD26U=
21,10,n/EXTo80t4whNdilPVGLY+uKSZg=,1QPQZwf15o24YD+6XIbGugjD26U=
22,10,n/EXTo80t4whNdilPVGLY+uKSZg=,1QPQZwf15o24YD+6XIbGugjD26U=
19,9,n/EXTo80t4whNdilPVGLY+uKSZg=,jszI9FYO+1R9Jrx4dAQI9nqdX7w=
24,1,n/EXTo80t4whNdilPVGLY+uKSZg=,iotAHspspEvw01uJ8oDLSn9J5BA=
24,2,n/EXTo80t4whNdilPVGLY+uKSZg=,iotAHspspEvw01uJ8oDLSn9J5BA=
21,1,n/EXTo80t4whNdilPVGLY+uKSZg=,8RCIvgPQ7wewp//w/Ao2ufwGCp4=
22,1,n/EXTo80t4whNdilPVGLY+uKSZg=,8RCIvgPQ7wewp//w/Ao2ufwGCp4=
23,1,n/EXTo80t4whNdilPVGLY+uKSZg=,8RCIvgPQ7wewp//w/Ao2ufwGCp4=
21,2,n/EXTo80t4whNdilPVGLY+uKSZg=,8RCIvgPQ7wewp//w/Ao2ufwGCp4=
22,2,n/EXTo80t4whNdilPVGLY+uKSZg=,8RCIvgPQ7wewp//w/Ao2ufwGCp4=
23,2,n/EXTo80t4whNdilPVGLY+uKSZg=,8RCIvgPQ7wewp//w/Ao2ufwGCp4=
21,0,n/EXTo80t4whNdilPVGLY+uKSZg=,8RCIvgPQ7wewp//w/Ao2ufwGCp4=
22,0,n/EXTo80t4whNdilPVGLY+uKSZg=,8RCIvgPQ7wewp//w/Ao2ufwGCp4=
23,0,n/EXTo80t4whNdilPVGLY+uKSZg=,8RCIvgPQ7wewp//w/Ao2ufwGCp4=
24,0,n/EXTo80t4whNdilPVGLY+uKSZg=,iotAHspspEvw01uJ8oDLSn9J5BA=
24,3,n/EXTo80t4whNdilPVGLY+uKSZg=,iotAHspspEvw01uJ8oDLSn9J5BA=
24,4,n/EXTo80t4whNdilPVGLY+uKSZg=,K7OB60NlO9phDR8hrKD9K17WWrI=
24,5,n/EXTo80t4whNdilPVGLY+uKSZg=,K7OB60NlO9phDR8hrKD9K17WWrI=
21,3,n/EXTo80t4whNdilPVGLY+uKSZg=,8RCIvgPQ7wewp//w/Ao2ufwGCp4=
21,7,n/EXTo80t4whNdilPVGLY+uKSZg=,9XIpvfgnbJcT6G2DgYNfC7gkwwE=
22,4,n/EXTo80t4whNdilPVGLY+uKSZg=,9XIpvfgnbJcT6G2DgYNfC7gkwwE=
23,4,n/EXTo80t4whNdilPVGLY+uKSZg=,9XIpvfgnbJcT6G2DgYNfC7gkwwE=
21,4,n/EXTo80t4whNdilPVGLY+uKSZg=,9XIpvfgnbJcT6G2DgYNfC7gkwwE=
22,3,n/EXTo80t4whNdilPVGLY+uKSZg=,8RCIvgPQ7wewp//w/Ao2ufwGCp4=
23,3,n/EXTo80t4whNdilPVGLY+uKSZg=,8RCIvgPQ7wewp//w/Ao2ufwGCp4=
22,8,n/EXTo80t4whNdilPVGLY+uKSZg=,1QPQZwf15o24YD+6XIbGugjD26U=
22,7,n/EXTo80t4whNdilPVGLY+uKSZg=,9XIpvfgnbJcT6G2DgYNfC7gkwwE=
21,8,n/EXTo80t4whNdilPVGLY+uKSZg=,1QPQZwf15o24YD+6XIbGugjD26U=
24,6,n/EXTo80t4whNdilPVGLY+uKSZg=,K7OB60NlO9phDR8hrKD9K17WWrI=
22,6,n/EXTo80t4whNdilPVGLY+uKSZg=,9XIpvfgnbJcT6G2DgYNfC7gkwwE=
21,6,n/EXTo80t4whNdilPVGLY+uKSZg=,9XIpvfgnbJcT6G2DgYNfC7gkwwE=
23,5,n/EXTo80t4whNdilPVGLY+uKSZg=,9XIpvfgnbJcT6G2DgYNfC7gkwwE=
21,5,n/EXTo80t4whNdilPVGLY+uKSZg=,9XIpvfgnbJcT6G2DgYNfC7gkwwE=
22,5,n/EXTo80t4whNdilPVGLY+uKSZg=,9XIpvfgnbJcT6G2DgYNfC7gkwwE=
23,6,n/EXTo80t4whNdilPVGLY+uKSZg=,9XIpvfgnbJcT6G2DgYNfC7gkwwE=
21,12,n/EXTo80t4whNdilPVGLY+uKSZg=,ePDAmGGXTgUmeCVBj3IllW9p8gg=
22,12,n/EXTo80t4whNdilPVGLY+uKSZg=,ePDAmGGXTgUmeCVBj3IllW9p8gg=
21,13,n/EXTo80t4whNdilPVGLY+uKSZg=,ePDAmGGXTgUmeCVBj3IllW9p8gg=
22,13,n/EXTo80t4whNdilPVGLY+uKSZg=,ePDAmGGXTgUmeCVBj3IllW9p8gg=
23,13,n/EXTo80t4whNdilPVGLY+uKSZg=,ePDAmGGXTgUmeCVBj3IllW9p8gg=
21,14,n/EXTo80t4whNdilPVGLY+uKSZg=,ePDAmGGXTgUmeCVBj3IllW9p8gg=
22,14,n/EXTo80t4whNdilPVGLY+uKSZg=,ePDAmGGXTgUmeCVBj3IllW9p8gg=
22,11,n/EXTo80t4whNdilPVGLY+uKSZg=,1QPQZwf15o24YD+6XIbGugjD26U=
23,14,n/EXTo80t4whNdilPVGLY+uKSZg=,ePDAmGGXTgUmeCVBj3IllW9p8gg=
21,11,n/EXTo80t4whNdilPVGLY+uKSZg=,1QPQZwf15o24YD+6XIbGugjD26U=
18,13,n/EXTo80t4whNdilPVGLY+uKSZg=,ioCeGkm7S0g8HIjvnVhMe6zjoas=
19,13,n/EXTo80t4whNdilPVGLY+uKSZg=,ioCeGkm7S0g8HIjvnVhMe6zjoas=
17,14,n/EXTo80t4whNdilPVGLY+uKSZg=,ioCeGkm7S0g8HIjvnVhMe6zjoas=
18,14,n/EXTo80t4whNdilPVGLY+uKSZg=,ioCeGkm7S0g8HIjvnVhMe6zjoas=
19,14,n/EXTo80t4whNdilPVGLY+uKSZg=,ioCeGkm7S0g8HIjvnVhMe6zjoas=
20,13,n/EXTo80t4whNdilPVGLY+uKSZg=,ePDAmGGXTgUmeCVBj3IllW9p8gg=
20,12,n/EXTo80t4whNdilPVGLY+uKSZg=,ePDAmGGXTgUmeCVBj3IllW9p8gg=
20,14,n/EXTo80t4whNdilPVGLY+uKSZg=,ePDAmGGXTgUmeCVBj3IllW9p8gg=
18,11,n/EXTo80t4whNdilPVGLY+uKSZg=,jszI9FYO+1R9Jrx4dAQI9nqdX7w=
20,11,n/EXTo80t4whNdilPVGLY+uKSZg=,1QPQZwf15o24YD+6XIbGugjD26U=
17,11,n/EXTo80t4whNdilPVGLY+uKSZg=,jszI9FYO+1R9Jrx4dAQI9nqdX7w=
17,13,n/EXTo80t4whNdilPVGLY+uKSZg=,ioCeGkm7S0g8HIjvnVhMe6zjoas=
18,12,n/EXTo80t4whNdilPVGLY+uKSZg=,ioCeGkm7S0g8HIjvnVhMe6zjoas=
19,11,n/EXTo80t4whNdilPVGLY+uKSZg=,jszI9FYO+1R9Jrx4dAQI9nqdX7w=
19,12,n/EXTo80t4whNdilPVGLY+uKSZg=,ioCeGkm7S0g8HIjvnVhMe6zjoas=
17,12,n/EXTo80t4whNdilPVGLY+uKSZg=,ioCeGkm7S0g8HIjvnVhMe6zjoas=
16,14,n/EXTo80t4whNdilPVGLY+uKSZg=,ioCeGkm7S0g8HIjvnVhMe6zjoas=
16,13,n/EXTo80t4whNdilPVGLY+uKSZg=,ioCeGkm7S0g8HIjvnVhMe6zjoas=
16,9,n/EXTo80t4whNdilPVGLY+uKSZg=,jszI9FYO+1R9Jrx4dAQI9nqdX7w=
16,11,n/EXTo80t4whNdilPVGLY+uKSZg=,jszI9FYO+1R9Jrx4dAQI9nqdX7w=
27,5,n/EXTo80t4whNdilPVGLY+uKSZg=,K7OB60NlO9phDR8hrKD9K17WWrI=
16,12,n/EXTo80t4whNdilPVGLY+uKSZg=,ioCeGkm7S0g8HIjvnVhMe6zjoas=
27,6,n/EXTo80t4whNdilPVGLY+uKSZg=,K7OB60NlO9phDR8hrKD9K17WWrI=
27,3,n/EXTo80t4whNdilPVGLY+uKSZg=,iotAHspspEvw01uJ8oDLSn9J5BA=
27,4,n/EXTo80t4whNdilPVGLY+uKSZg=,K7OB60NlO9phDR8hrKD9K17WWrI=
27,1,n/EXTo80t4whNdilPVGLY+uKSZg=,iotAHspspEvw01uJ8oDLSn9J5BA=
27,2,n/EXTo80t4whNdilPVGLY+uKSZg=,iotAHspspEvw01uJ8oDLSn9J5BA=
16,10,n/EXTo80t4whNdilPVGLY+uKSZg=,jszI9FYO+1R9Jrx4dAQI9nqdX7w=
27,0,n/EXTo80t4whNdilPVGLY+uKSZg=,iotAHspspEvw01uJ8oDLSn9J5BA=
21,15,n/EXTo80t4whNdilPVGLY+uKSZg=,ePDAmGGXTgUmeCVBj3IllW9p8gg=
22,15,n/EXTo80t4whNdilPVGLY+uKSZg=,ePDAmGGXTgUmeCVBj3IllW9p8gg=
17,15,n/EXTo80t4whNdilPVGLY+uKSZg=,ioCeGkm7S0g8HIjvnVhMe6zjoas=
18,15,n/EXTo80t4whNdilPVGLY+uKSZg=,ioCeGkm7S0g8HIjvnVhMe6zjoas=
20,15,n/EXTo80t4whNdilPVGLY+uKSZg=,ePDAmGGXTgUmeCVBj3IllW9p8gg=
19,15,n/EXTo80t4whNdilPVGLY+uKSZg=,ioCeGkm7S0g8HIjvnVhMe6zjoas=
23,15,n/EXTo80t4whNdilPVGLY+uKSZg=,ePDAmGGXTgUmeCVBj3IllW9p8gg=
16,15,n/EXTo80t4whNdilPVGLY+uKSZg=,ioCeGkm7S0g8HIjvnVhMe6zjoas=
24,9,n/EXTo80t4whNdilPVGLY+uKSZg=,uV1BmETHck4RMy2l6hTs/puZ+CE=
24,7,n/EXTo80t4whNdilPVGLY+uKSZg=,K7OB60NlO9phDR8hrKD9K17WWrI=
25,9,n/EXTo80t4whNdilPVGLY+uKSZg=,uV1BmETHck4RMy2l6hTs/puZ+CE=
25,7,n/EXTo80t4whNdilPVGLY+uKSZg=,K7OB60NlO9phDR8hrKD9K17WWrI=
26,7,n/EXTo80t4whNdilPVGLY+uKSZg=,K7OB60NlO9phDR8hrKD9K17WWrI=
26,9,n/EXTo80t4whNdilPVGLY+uKSZg=,uV1BmETHck4RMy2l6hTs/puZ+CE=
27,7,n/EXTo80t4whNdilPVGLY+uKSZg=,K7OB60NlO9phDR8hrKD9K17WWrI=
27,9,n/EXTo80t4whNdilPVGLY+uKSZg=,uV1BmETHck4RMy2l6hTs/puZ+CE=
18,7,n/EXTo80t4whNdilPVGLY+uKSZg=,MKXbJWVshGxb7aOOfRmdMsZxFOE=
18,8,n/EXTo80t4whNdilPVGLY+uKSZg=,jszI9FYO+1R9Jrx4dAQI9nqdX7w=
19,6,n/EXTo80t4whNdilPVGLY+uKSZg=,MKXbJWVshGxb7aOOfRmdMsZxFOE=
23,8,n/EXTo80t4whNdilPVGLY+uKSZg=,1QPQZwf15o24YD+6XIbGugjD26U=
16,7,n/EXTo80t4whNdilPVGLY+uKSZg=,MKXbJWVshGxb7aOOfRmdMsZxFOE=
19,7,n/EXTo80t4whNdilPVGLY+uKSZg=,MKXbJWVshGxb7aOOfRmdMsZxFOE=
19,8,n/EXTo80t4whNdilPVGLY+uKSZg=,jszI9FYO+1R9Jrx4dAQI9nqdX7w=
24,10,n/EXTo80t4whNdilPVGLY+uKSZg=,uV1BmETHck4RMy2l6hTs/puZ+CE=
16,8,n/EXTo80t4whNdilPVGLY+uKSZg=,jszI9FYO+1R9Jrx4dAQI9nqdX7w=
20,7,n/EXTo80t4whNdilPVGLY+uKSZg=,9XIpvfgnbJcT6G2DgYNfC7gkwwE=
19,5,n/EXTo80t4whNdilPVGLY+uKSZg=,MKXbJWVshGxb7aOOfRmdMsZxFOE=
20,5,n/EXTo80t4whNdilPVGLY+uKSZg=,9XIpvfgnbJcT6G2DgYNfC7gkwwE=
17,8,n/EXTo80t4whNdilPVGLY+uKSZg=,jszI9FYO+1R9Jrx4dAQI9nqdX7w=
16,5,n/EXTo80t4whNdilPVGLY+uKSZg=,MKXbJWVshGxb7aOOfRmdMsZxFOE=
17,5,n/EXTo80t4whNdilPVGLY+uKSZg=,MKXbJWVshGxb7aOOfRmdMsZxFOE=
18,5,n/EXTo80t4whNdilPVGLY+uKSZg=,MKXbJWVshGxb7aOOfRmdMsZxFOE=
16,6,n/EXTo80t4whNdilPVGLY+uKSZg=,MKXbJWVshGxb7aOOfRmdMsZxFOE=
20,6,n/EXTo80t4whNdilPVGLY+uKSZg=,9XIpvfgnbJcT6G2DgYNfC7gkwwE=
17,6,n/EXTo80t4whNdilPVGLY+uKSZg=,MKXbJWVshGxb7aOOfRmdMsZxFOE=
18,6,n/EXTo80t4whNdilPVGLY+uKSZg=,MKXbJWVshGxb7aOOfRmdMsZxFOE=
20,8,n/EXTo80t4whNdilPVGLY+uKSZg=,1QPQZwf15o24YD+6XIbGugjD26U=
17,7,n/EXTo80t4whNdilPVGLY+uKSZg=,MKXbJWVshGxb7aOOfRmdMsZxFOE=
27,8,n/EXTo80t4whNdilPVGLY+uKSZg=,uV1BmETHck4RMy2l6hTs/puZ+CE=
25,10,n/EXTo80t4whNdilPVGLY+uKSZg=,uV1BmETHck4RMy2l6hTs/puZ+CE=
25,8,n/EXTo80t4whNdilPVGLY+uKSZg=,uV1BmETHck4RMy2l6hTs/puZ+CE=
26,10,n/EXTo80t4whNdilPVGLY+uKSZg=,uV1BmETHck4RMy2l6hTs/puZ+CE=
23,12,n/EXTo80t4whNdilPVGLY+uKSZg=,ePDAmGGXTgUmeCVBj3IllW9p8gg=
23,11,n/EXTo80t4whNdilPVGLY+uKSZg=,1QPQZwf15o24YD+6XIbGugjD26U=
24,8,n/EXTo80t4whNdilPVGLY+uKSZg=,uV1BmETHck4RMy2l6hTs/puZ+CE=
27,11,n/EXTo80t4whNdilPVGLY+uKSZg=,uV1BmETHck4RMy2l6hTs/puZ+CE=
23,10,n/EXTo80t4whNdilPVGLY+uKSZg=,1QPQZwf15o24YD+6XIbGugjD26U=
26,11,n/EXTo80t4whNdilPVGLY+uKSZg=,uV1BmETHck4RMy2l6hTs/puZ+CE=
24,11,n/EXTo80t4whNdilPVGLY+uKSZg=,uV1BmETHck4RMy2l6hTs/puZ+CE=
23,9,n/EXTo80t4whNdilPVGLY+uKSZg=,1QPQZwf15o24YD+6XIbGugjD26U=
27,10,n/EXTo80t4whNdilPVGLY+uKSZg=,uV1BmETHck4RMy2l6hTs/puZ+CE=
23,7,n/EXTo80t4whNdilPVGLY+uKSZg=,9XIpvfgnbJcT6G2DgYNfC7gkwwE=
26,8,n/EXTo80t4whNdilPVGLY+uKSZg=,uV1BmETHck4RMy2l6hTs/puZ+CE=
25,11,n/EXTo80t4whNdilPVGLY+uKSZg=,uV1BmETHck4RMy2l6hTs/puZ+CE=
16,0,n/EXTo80t4whNdilPVGLY+uKSZg=,0SHU4jgHeO+AamolFfWnOLvPaEo=
19,2,n/EXTo80t4whNdilPVGLY+uKSZg=,0SHU4jgHeO+AamolFfWnOLvPaEo=
16,2,n/EXTo80t4whNdilPVGLY+uKSZg=,0SHU4jgHeO+AamolFfWnOLvPaEo=
20,4,n/EXTo80t4whNdilPVGLY+uKSZg=,9XIpvfgnbJcT6G2DgYNfC7gkwwE=
20,2,n/EXTo80t4whNdilPVGLY+uKSZg=,8RCIvgPQ7wewp//w/Ao2ufwGCp4=
17,0,n/EXTo80t4whNdilPVGLY+uKSZg=,0SHU4jgHeO+AamolFfWnOLvPaEo=
19,4,n/EXTo80t4whNdilPVGLY+uKSZg=,MKXbJWVshGxb7aOOfRmdMsZxFOE=
18,1,n/EXTo80t4whNdilPVGLY+uKSZg=,0SHU4jgHeO+AamolFfWnOLvPaEo=
19,1,n/EXTo80t4whNdilPVGLY+uKSZg=,0SHU4jgHeO+AamolFfWnOLvPaEo=
20,1,n/EXTo80t4whNdilPVGLY+uKSZg=,8RCIvgPQ7wewp//w/Ao2ufwGCp4=
16,3,n/EXTo80t4whNdilPVGLY+uKSZg=,0SHU4jgHeO+AamolFfWnOLvPaEo=
17,3,n/EXTo80t4whNdilPVGLY+uKSZg=,0SHU4jgHeO+AamolFfWnOLvPaEo=
17,4,n/EXTo80t4whNdilPVGLY+uKSZg=,MKXbJWVshGxb7aOOfRmdMsZxFOE=
16,4,n/EXTo80t4whNdilPVGLY+uKSZg=,MKXbJWVshGxb7aOOfRmdMsZxFOE=
20,3,n/EXTo80t4whNdilPVGLY+uKSZg=,8RCIvgPQ7wewp//w/Ao2ufwGCp4=
17,2,n/EXTo80t4whNdilPVGLY+uKSZg=,0SHU4jgHeO+AamolFfWnOLvPaEo=
17,1,n/EXTo80t4whNdilPVGLY+uKSZg=,0SHU4jgHeO+AamolFfWnOLvPaEo=
18,2,n/EXTo80t4whNdilPVGLY+uKSZg=,0SHU4jgHeO+AamolFfWnOLvPaEo=
16,1,n/EXTo80t4whNdilPVGLY+uKSZg=,0SHU4jgHeO+AamolFfWnOLvPaEo=
20,0,n/EXTo80t4whNdilPVGLY+uKSZg=,8RCIvgPQ7wewp//w/Ao2ufwGCp4=
19,3,n/EXTo80t4whNdilPVGLY+uKSZg=,0SHU4jgHeO+AamolFfWnOLvPaEo=
18,4,n/EXTo80t4whNdilPVGLY+uKSZg=,MKXbJWVshGxb7aOOfRmdMsZxFOE=
19,0,n/EXTo80t4whNdilPVGLY+uKSZg=,0SHU4jgHeO+AamolFfWnOLvPaEo=
18,0,n/EXTo80t4whNdilPVGLY+uKSZg=,0SHU4jgHeO+AamolFfWnOLvPaEo=
18,3,n/EXTo80t4whNdilPVGLY+uKSZg=,0SHU4jgHeO+AamolFfWnOLvPaEo=
