-51,14,gPK5ydPBkHLUBhCvw0HgThpk3zU=,8yipSc5PrFMWGOn/Or9hwZfDDN4=
-52,12,gPK5ydPBkHLUBhCvw0HgThpk3zU=,8yipSc5PrFMWGOn/Or9hwZfDDN4=
-50,15,gPK5ydPBkHLUBhCvw0HgThpk3zU=,8yipSc5PrFMWGOn/Or9hwZfDDN4=
-51,15,gPK5ydPBkHLUBhCvw0HgThpk3zU=,8yipSc5PrFMWGOn/Or9hwZfDDN4=
-49,12,gPK5ydPBkHLUBhCvw0HgThpk3zU=,8yipSc5PrFMWGOn/Or9hwZfDDN4=
-52,14,gPK5ydPBkHLUBhCvw0HgThpk3zU=,8yipSc5PrFMWGOn/Or9hwZfDDN4=
-51,13,gPK5ydPBkHLUBhCvw0HgThpk3zU=,8yipSc5PrFMWGOn/Or9hwZfDDN4=
-50,12,gPK5ydPBkHLUBhCvw0HgThpk3zU=,8yipSc5PrFMWGOn/Or9hwZfDDN4=
-51,12,gPK5ydPBkHLUBhCvw0HgThpk3zU=,8yipSc5PrFMWGOn/Or9hwZfDDN4=
-52,13,gPK5ydPBkHLUBhCvw0HgThpk3zU=,8yipSc5PrFMWGOn/Or9hwZfDDN4=
-52,15,gPK5ydPBkHLUBhCvw0HgThpk3zU=,8yipSc5PrFMWGOn/Or9hwZfDDN4=
-50,14,gPK5ydPBkHLUBhCvw0HgThpk3zU=,8yipSc5PrFMWGOn/Or9hwZfDDN4=
-49,13,gPK5ydPBkHLUBhCvw0HgThpk3zU=,8yipSc5PrFMWGOn/Or9hwZfDDN4=
-50,13,gPK5ydPBkHLUBhCvw0HgThpk3zU=,8yipSc5PrFMWGOn/Or9hwZfDDN4=
-49,15,gPK5ydPBkHLUBhCvw0HgThpk3zU=,8yipSc5PrFMWGOn/Or9hwZfDDN4=
-49,14,gPK5ydPBkHLUBhCvw0HgThpk3zU=,8yipSc5PrFMWGOn/Or9hwZfDDN4=
-52,16,gPK5ydPBkHLUBhCvw0HgThpk3zU=,myc+gNkowygPNs1xi4NPoj9XEkQ=
-49,18,gPK5ydPBkHLUBhCvw0HgThpk3zU=,myc+gNkowygPNs1xi4NPoj9XEkQ=
-51,18,gPK5ydPBkHLUBhCvw0HgThpk3zU=,myc+gNkowygPNs1xi4NPoj9XEkQ=
-49,19,gPK5ydPBkHLUBhCvw0HgThpk3zU=,myc+gNkowygPNs1xi4NPoj9XEkQ=
-52,18,gPK5ydPBkHLUBhCvw0HgThpk3zU=,myc+gNkowygPNs1xi4NPoj9XEkQ=
-50,16,gPK5ydPBkHLUBhCvw0HgThpk3zU=,myc+gNkowygPNs1xi4NPoj9XEkQ=
-49,17,gPK5ydPBkHLUBhCvw0HgThpk3zU=,myc+gNkowygPNs1xi4NPoj9XEkQ=
-50,19,gPK5ydPBkHLUBhCvw0HgThpk3zU=,myc+gNkowygPNs1xi4NPoj9XEkQ=
-51,17,gPK5ydPBkHLUBhCvw0HgThpk3zU=,myc+gNkowygPNs1xi4NPoj9XEkQ=
-51,16,gPK5ydPBkHLUBhCvw0HgThpk3zU=,myc+gNkowygPNs1xi4NPoj9XEkQ=
-52,17,gPK5ydPBkHLUBhCvw0HgThpk3zU=,myc+gNkowygPNs1xi4NPoj9XEkQ=
-50,17,gPK5ydPBkHLUBhCvw0HgThpk3zU=,myc+gNkowygPNs1xi4NPoj9XEkQ=
-51,19,gPK5ydPBkHLUBhCvw0HgThpk3zU=,myc+gNkowygPNs1xi4NPoj9XEkQ=
-52,19,gPK5ydPBkHLUBhCvw0HgThpk3zU=,myc+gNkowygPNs1xi4NPoj9XEkQ=
-50,18,gPK5ydPBkHLUBhCvw0HgThpk3zU=,myc+gNkowygPNs1xi4NPoj9XEkQ=
-49,16,gPK5ydPBkHLUBhCvw0HgThpk3zU=,myc+gNkowygPNs1xi4NPoj9XEkQ=
-39,25,/7RGS75F6yp99uDTw9SKoADZ31s=,SVLGlUJycAL88C+swxTWdofE2Ek=
-39,26,/7RGS75F6yp99uDTw9SKoADZ31s=,SVLGlUJycAL88C+swxTWdofE2Ek=
-38,26,/7RGS75F6yp99uDTw9SKoADZ31s=,SVLGlUJycAL88C+swxTWdofE2Ek=
-38,25,/7RGS75F6yp99uDTw9SKoADZ31s=,SVLGlUJycAL88C+swxTWdofE2Ek=
-43,22,/7RGS75F6yp99uDTw9SKoADZ31s=,gQix7tsoZ4OrMhJyUDp17VdxPmI=
-42,22,/7RGS75F6yp99uDTw9SKoADZ31s=,gQix7tsoZ4OrMhJyUDp17VdxPmI=
-43,21,/7RGS75F6yp99uDTw9SKoADZ31s=,gQix7tsoZ4OrMhJyUDp17VdxPmI=
-42,21,/7RGS75F6yp99uDTw9SKoADZ31s=,gQix7tsoZ4OrMhJyUDp17VdxPmI=
-35,21,/7RGS75F6yp99uDTw9SKoADZ31s=,w+BpTnm6XGxykdgqwG8LweHNIJk=
-34,21,/7RGS75F6yp99uDTw9SKoADZ31s=,w+BpTnm6XGxykdgqwG8LweHNIJk=
-35,22,/7RGS75F6yp99uDTw9SKoADZ31s=,w+BpTnm6XGxykdgqwG8LweHNIJk=
-34,22,/7RGS75F6yp99uDTw9SKoADZ31s=,w+BpTnm6XGxykdgqwG8LweHNIJk=
-43,17,iHZesQiCUnzxwXn4BESO7qvQ+SQ=,pGLHsGcdqEhnBihvu2NOGjCwcYg=
-36,21,iHZesQiCUnzxwXn4BESO7qvQ+SQ=,w+BpTnm6XGxykdgqwG8LweHNIJk=
-39,23,iHZesQiCUnzxwXn4BESO7qvQ+SQ=,tINQB185YInj9LgcR6FiUWHiiII=
-38,23,iHZesQiCUnzxwXn4BESO7qvQ+SQ=,tINQB185YInj9LgcR6FiUWHiiII=
-36,22,iHZesQiCUnzxwXn4BESO7qvQ+SQ=,w+BpTnm6XGxykdgqwG8LweHNIJk=
-41,22,iHZesQiCUnzxwXn4BESO7qvQ+SQ=,gQix7tsoZ4OrMhJyUDp17VdxPmI=
-38,24,iHZesQiCUnzxwXn4BESO7qvQ+SQ=,SVLGlUJycAL88C+swxTWdofE2Ek=
-40,21,iHZesQiCUnzxwXn4BESO7qvQ+SQ=,tINQB185YInj9LgcR6FiUWHiiII=
-39,21,iHZesQiCUnzxwXn4BESO7qvQ+SQ=,tINQB185YInj9LgcR6FiUWHiiII=
-39,24,iHZesQiCUnzxwXn4BESO7qvQ+SQ=,SVLGlUJycAL88C+swxTWdofE2Ek=
-37,22,iHZesQiCUnzxwXn4BESO7qvQ+SQ=,tINQB185YInj9LgcR6FiUWHiiII=
-38,22,iHZesQiCUnzxwXn4BESO7qvQ+SQ=,tINQB185YInj9LgcR6FiUWHiiII=
-41,21,cAl9KuRVuw/vuECPUZsRC3mWSmM=,gQix7tsoZ4OrMhJyUDp17VdxPmI=
-39,22,cAl9KuRVuw/vuECPUZsRC3mWSmM=,tINQB185YInj9LgcR6FiUWHiiII=
-40,22,cAl9KuRVuw/vuECPUZsRC3mWSmM=,tINQB185YInj9LgcR6FiUWHiiII=
-42,20,cAl9KuRVuw/vuECPUZsRC3mWSmM=,gQix7tsoZ4OrMhJyUDp17VdxPmI=
-42,18,cAl9KuRVuw/vuECPUZsRC3mWSmM=,pGLHsGcdqEhnBihvu2NOGjCwcYg=
-37,21,cAl9KuRVuw/vuECPUZsRC3mWSmM=,tINQB185YInj9LgcR6FiUWHiiII=
-38,21,cAl9KuRVuw/vuECPUZsRC3mWSmM=,tINQB185YInj9LgcR6FiUWHiiII=
-42,19,cAl9KuRVuw/vuECPUZsRC3mWSmM=,pGLHsGcdqEhnBihvu2NOGjCwcYg=
-43,20,cAl9KuRVuw/vuECPUZsRC3mWSmM=,gQix7tsoZ4OrMhJyUDp17VdxPmI=
-43,18,cAl9KuRVuw/vuECPUZsRC3mWSmM=,pGLHsGcdqEhnBihvu2NOGjCwcYg=
-43,19,cAl9KuRVuw/vuECPUZsRC3mWSmM=,pGLHsGcdqEhnBihvu2NOGjCwcYg=
-42,17,cAl9KuRVuw/vuECPUZsRC3mWSmM=,pGLHsGcdqEhnBihvu2NOGjCwcYg=
-47,17,cAl9KuRVuw/vuECPUZsRC3mWSmM=,5jXM1NxQKYQ8CraoxxUxeOxUCQc=
-46,17,cAl9KuRVuw/vuECPUZsRC3mWSmM=,5jXM1NxQKYQ8CraoxxUxeOxUCQc=
-45,17,cAl9KuRVuw/vuECPUZsRC3mWSmM=,5jXM1NxQKYQ8CraoxxUxeOxUCQc=
-44,18,cAl9KuRVuw/vuECPUZsRC3mWSmM=,pGLHsGcdqEhnBihvu2NOGjCwcYg=
-47,18,cAl9KuRVuw/vuECPUZsRC3mWSmM=,5jXM1NxQKYQ8CraoxxUxeOxUCQc=
-46,18,cAl9KuRVuw/vuECPUZsRC3mWSmM=,5jXM1NxQKYQ8CraoxxUxeOxUCQc=
-45,18,cAl9KuRVuw/vuECPUZsRC3mWSmM=,5jXM1NxQKYQ8CraoxxUxeOxUCQc=
-44,17,cAl9KuRVuw/vuECPUZsRC3mWSmM=,pGLHsGcdqEhnBihvu2NOGjCwcYg=
-47,19,cAl9KuRVuw/vuECPUZsRC3mWSmM=,5jXM1NxQKYQ8CraoxxUxeOxUCQc=
-46,19,cAl9KuRVuw/vuECPUZsRC3mWSmM=,5jXM1NxQKYQ8CraoxxUxeOxUCQc=
-44,21,cAl9KuRVuw/vuECPUZsRC3mWSmM=,gQix7tsoZ4OrMhJyUDp17VdxPmI=
-44,19,cAl9KuRVuw/vuECPUZsRC3mWSmM=,pGLHsGcdqEhnBihvu2NOGjCwcYg=
-45,19,cAl9KuRVuw/vuECPUZsRC3mWSmM=,5jXM1NxQKYQ8CraoxxUxeOxUCQc=
-44,20,cAl9KuRVuw/vuECPUZsRC3mWSmM=,gQix7tsoZ4OrMhJyUDp17VdxPmI=
-44,22,cAl9KuRVuw/vuECPUZsRC3mWSmM=,gQix7tsoZ4OrMhJyUDp17VdxPmI=
-47,16,cAl9KuRVuw/vuECPUZsRC3mWSmM=,5jXM1NxQKYQ8CraoxxUxeOxUCQc=
-46,16,cAl9KuRVuw/vuECPUZsRC3mWSmM=,5jXM1NxQKYQ8CraoxxUxeOxUCQc=
-33,21,cAl9KuRVuw/vuECPUZsRC3mWSmM=,w+BpTnm6XGxykdgqwG8LweHNIJk=
-33,22,cAl9KuRVuw/vuECPUZsRC3mWSmM=,w+BpTnm6XGxykdgqwG8LweHNIJk=
-37,23,cAl9KuRVuw/vuECPUZsRC3mWSmM=,tINQB185YInj9LgcR6FiUWHiiII=
-36,23,cAl9KuRVuw/vuECPUZsRC3mWSmM=,w+BpTnm6XGxykdgqwG8LweHNIJk=
-35,23,cAl9KuRVuw/vuECPUZsRC3mWSmM=,w+BpTnm6XGxykdgqwG8LweHNIJk=
-34,23,cAl9KuRVuw/vuECPUZsRC3mWSmM=,w+BpTnm6XGxykdgqwG8LweHNIJk=
-37,24,cAl9KuRVuw/vuECPUZsRC3mWSmM=,SVLGlUJycAL88C+swxTWdofE2Ek=
-37,26,cAl9KuRVuw/vuECPUZsRC3mWSmM=,SVLGlUJycAL88C+swxTWdofE2Ek=
-37,25,cAl9KuRVuw/vuECPUZsRC3mWSmM=,SVLGlUJycAL88C+swxTWdofE2Ek=
-40,23,cAl9KuRVuw/vuECPUZsRC3mWSmM=,tINQB185YInj9LgcR6FiUWHiiII=
-40,25,cAl9KuRVuw/vuECPUZsRC3mWSmM=,SVLGlUJycAL88C+swxTWdofE2Ek=
-40,26,cAl9KuRVuw/vuECPUZsRC3mWSmM=,SVLGlUJycAL88C+swxTWdofE2Ek=
-43,23,cAl9KuRVuw/vuECPUZsRC3mWSmM=,gQix7tsoZ4OrMhJyUDp17VdxPmI=
-42,23,cAl9KuRVuw/vuECPUZsRC3mWSmM=,gQix7tsoZ4OrMhJyUDp17VdxPmI=
-41,23,cAl9KuRVuw/vuECPUZsRC3mWSmM=,gQix7tsoZ4OrMhJyUDp17VdxPmI=
-40,24,cAl9KuRVuw/vuECPUZsRC3mWSmM=,SVLGlUJycAL88C+swxTWdofE2Ek=
-44,23,cAl9KuRVuw/vuECPUZsRC3mWSmM=,gQix7tsoZ4OrMhJyUDp17VdxPmI=
-33,23,cAl9KuRVuw/vuECPUZsRC3mWSmM=,w+BpTnm6XGxykdgqwG8LweHNIJk=
-48,17,cAl9KuRVuw/vuECPUZsRC3mWSmM=,5jXM1NxQKYQ8CraoxxUxeOxUCQc=
-48,18,cAl9KuRVuw/vuECPUZsRC3mWSmM=,5jXM1NxQKYQ8CraoxxUxeOxUCQc=
-39,27,cAl9KuRVuw/vuECPUZsRC3mWSmM=,SVLGlUJycAL88C+swxTWdofE2Ek=
-38,27,cAl9KuRVuw/vuECPUZsRC3mWSmM=,SVLGlUJycAL88C+swxTWdofE2Ek=
-37,27,cAl9KuRVuw/vuECPUZsRC3mWSmM=,SVLGlUJycAL88C+swxTWdofE2Ek=
-40,27,cAl9KuRVuw/vuECPUZsRC3mWSmM=,SVLGlUJycAL88C+swxTWdofE2Ek=
-48,16,cAl9KuRVuw/vuECPUZsRC3mWSmM=,5jXM1NxQKYQ8CraoxxUxeOxUCQc=
-48,19,cAl9KuRVuw/vuECPUZsRC3mWSmM=,5jXM1NxQKYQ8CraoxxUxeOxUCQc=
-43,16,cAl9KuRVuw/vuECPUZsRC3mWSmM=,pGLHsGcdqEhnBihvu2NOGjCwcYg=
-45,16,cAl9KuRVuw/vuECPUZsRC3mWSmM=,5jXM1NxQKYQ8CraoxxUxeOxUCQc=
-42,16,cAl9KuRVuw/vuECPUZsRC3mWSmM=,pGLHsGcdqEhnBihvu2NOGjCwcYg=
-44,16,cAl9KuRVuw/vuECPUZsRC3mWSmM=,pGLHsGcdqEhnBihvu2NOGjCwcYg=
-35,19,cAl9KuRVuw/vuECPUZsRC3mWSmM=,+91gJHlgkim8ZkbzoigpDjMRzgQ=
-35,17,fas8kMz2i6RdoDlzOvRPIxLy15Q=,+91gJHlgkim8ZkbzoigpDjMRzgQ=
-34,19,fas8kMz2i6RdoDlzOvRPIxLy15Q=,+91gJHlgkim8ZkbzoigpDjMRzgQ=
-33,18,fas8kMz2i6RdoDlzOvRPIxLy15Q=,+91gJHlgkim8ZkbzoigpDjMRzgQ=
-33,19,fas8kMz2i6RdoDlzOvRPIxLy15Q=,+91gJHlgkim8ZkbzoigpDjMRzgQ=
-33,16,fas8kMz2i6RdoDlzOvRPIxLy15Q=,+91gJHlgkim8ZkbzoigpDjMRzgQ=
-34,17,fas8kMz2i6RdoDlzOvRPIxLy15Q=,+91gJHlgkim8ZkbzoigpDjMRzgQ=
-33,17,fas8kMz2i6RdoDlzOvRPIxLy15Q=,+91gJHlgkim8ZkbzoigpDjMRzgQ=
-35,20,fas8kMz2i6RdoDlzOvRPIxLy15Q=,w+BpTnm6XGxykdgqwG8LweHNIJk=
-33,20,fas8kMz2i6RdoDlzOvRPIxLy15Q=,w+BpTnm6XGxykdgqwG8LweHNIJk=
-34,16,fas8kMz2i6RdoDlzOvRPIxLy15Q=,+91gJHlgkim8ZkbzoigpDjMRzgQ=
-34,20,fas8kMz2i6RdoDlzOvRPIxLy15Q=,w+BpTnm6XGxykdgqwG8LweHNIJk=
-35,18,fas8kMz2i6RdoDlzOvRPIxLy15Q=,+91gJHlgkim8ZkbzoigpDjMRzgQ=
-34,18,fas8kMz2i6RdoDlzOvRPIxLy15Q=,+91gJHlgkim8ZkbzoigpDjMRzgQ=
-35,16,fas8kMz2i6RdoDlzOvRPIxLy15Q=,+91gJHlgkim8ZkbzoigpDjMRzgQ=
-41,19,fas8kMz2i6RdoDlzOvRPIxLy15Q=,pGLHsGcdqEhnBihvu2NOGjCwcYg=
-36,19,fas8kMz2i6RdoDlzOvRPIxLy15Q=,+91gJHlgkim8ZkbzoigpDjMRzgQ=
-38,18,fas8kMz2i6RdoDlzOvRPIxLy15Q=,elxrMqP9D3H9lhzBVmsq3T14q18=
-40,18,fas8kMz2i6RdoDlzOvRPIxLy15Q=,elxrMqP9D3H9lhzBVmsq3T14q18=
-41,20,fas8kMz2i6RdoDlzOvRPIxLy15Q=,gQix7tsoZ4OrMhJyUDp17VdxPmI=
-41,18,fas8kMz2i6RdoDlzOvRPIxLy15Q=,pGLHsGcdqEhnBihvu2NOGjCwcYg=
-37,18,fas8kMz2i6RdoDlzOvRPIxLy15Q=,elxrMqP9D3H9lhzBVmsq3T14q18=
-40,17,fas8kMz2i6RdoDlzOvRPIxLy15Q=,elxrMqP9D3H9lhzBVmsq3T14q18=
-40,19,fas8kMz2i6RdoDlzOvRPIxLy15Q=,elxrMqP9D3H9lhzBVmsq3T14q18=
-39,18,fas8kMz2i6RdoDlzOvRPIxLy15Q=,elxrMqP9D3H9lhzBVmsq3T14q18=
-37,16,fas8kMz2i6RdoDlzOvRPIxLy15Q=,elxrMqP9D3H9lhzBVmsq3T14q18=
-41,16,fas8kMz2i6RdoDlzOvRPIxLy15Q=,pGLHsGcdqEhnBihvu2NOGjCwcYg=
-36,16,fas8kMz2i6RdoDlzOvRPIxLy15Q=,+91gJHlgkim8ZkbzoigpDjMRzgQ=
-39,16,fas8kMz2i6RdoDlzOvRPIxLy15Q=,elxrMqP9D3H9lhzBVmsq3T14q18=
-38,16,fas8kMz2i6RdoDlzOvRPIxLy15Q=,elxrMqP9D3H9lhzBVmsq3T14q18=
-37,17,fas8kMz2i6RdoDlzOvRPIxLy15Q=,elxrMqP9D3H9lhzBVmsq3T14q18=
-38,17,fas8kMz2i6RdoDlzOvRPIxLy15Q=,elxrMqP9D3H9lhzBVmsq3T14q18=
-36,17,fas8kMz2i6RdoDlzOvRPIxLy15Q=,+91gJHlgkim8ZkbzoigpDjMRzgQ=
-37,20,fas8kMz2i6RdoDlzOvRPIxLy15Q=,tINQB185YInj9LgcR6FiUWHiiII=
-40,20,fas8kMz2i6RdoDlzOvRPIxLy15Q=,tINQB185YInj9LgcR6FiUWHiiII=
-36,20,fas8kMz2i6RdoDlzOvRPIxLy15Q=,w+BpTnm6XGxykdgqwG8LweHNIJk=
-40,16,fas8kMz2i6RdoDlzOvRPIxLy15Q=,elxrMqP9D3H9lhzBVmsq3T14q18=
-39,17,fas8kMz2i6RdoDlzOvRPIxLy15Q=,elxrMqP9D3H9lhzBVmsq3T14q18=
-36,18,fas8kMz2i6RdoDlzOvRPIxLy15Q=,+91gJHlgkim8ZkbzoigpDjMRzgQ=
-41,17,fas8kMz2i6RdoDlzOvRPIxLy15Q=,pGLHsGcdqEhnBihvu2NOGjCwcYg=
-38,19,fas8kMz2i6RdoDlzOvRPIxLy15Q=,elxrMqP9D3H9lhzBVmsq3T14q18=
-37,19,fas8kMz2i6RdoDlzOvRPIxLy15Q=,elxrMqP9D3H9lhzBVmsq3T14q18=
-38,20,fas8kMz2i6RdoDlzOvRPIxLy15Q=,tINQB185YInj9LgcR6FiUWHiiII=
-39,20,fas8kMz2i6RdoDlzOvRPIxLy15Q=,tINQB185YInj9LgcR6FiUWHiiII=
-39,19,fas8kMz2i6RdoDlzOvRPIxLy15Q=,elxrMqP9D3H9lhzBVmsq3T14q18=
-39,9,fas8kMz2i6RdoDlzOvRPIxLy15Q=,xE/mrieqy6yP6/bnsQGE00q1ALo=
-38,9,fas8kMz2i6RdoDlzOvRPIxLy15Q=,xE/mrieqy6yP6/bnsQGE00q1ALo=
-39,10,fas8kMz2i6RdoDlzOvRPIxLy15Q=,xE/mrieqy6yP6/bnsQGE00q1ALo=
-38,10,fas8kMz2i6RdoDlzOvRPIxLy15Q=,xE/mrieqy6yP6/bnsQGE00q1ALo=
-40,9,fas8kMz2i6RdoDlzOvRPIxLy15Q=,xE/mrieqy6yP6/bnsQGE00q1ALo=
-40,10,fas8kMz2i6RdoDlzOvRPIxLy15Q=,xE/mrieqy6yP6/bnsQGE00q1ALo=
-47,14,vS4qWrHz4mN2q5G8pjiq2M0Pt7w=,KAglZF+FYOMb5NWUmxhxkNKzwA8=
-46,13,vS4qWrHz4mN2q5G8pjiq2M0Pt7w=,KAglZF+FYOMb5NWUmxhxkNKzwA8=
-47,13,EE1LaIafrkhJG9zDEEEUbR6gygg=,KAglZF+FYOMb5NWUmxhxkNKzwA8=
-46,14,EE1LaIafrkhJG9zDEEEUbR6gygg=,KAglZF+FYOMb5NWUmxhxkNKzwA8=
-39,11,EE1LaIafrkhJG9zDEEEUbR6gygg=,xE/mrieqy6yP6/bnsQGE00q1ALo=
-38,11,EE1LaIafrkhJG9zDEEEUbR6gygg=,xE/mrieqy6yP6/bnsQGE00q1ALo=
-39,12,EE1LaIafrkhJG9zDEEEUbR6gygg=,3A5Zxm/qIffR5wyDxNSIq8ngOCk=
-38,12,EE1LaIafrkhJG9zDEEEUbR6gygg=,3A5Zxm/qIffR5wyDxNSIq8ngOCk=
-39,13,EE1LaIafrkhJG9zDEEEUbR6gygg=,3A5Zxm/qIffR5wyDxNSIq8ngOCk=
-38,13,EE1LaIafrkhJG9zDEEEUbR6gygg=,3A5Zxm/qIffR5wyDxNSIq8ngOCk=
-39,14,EE1LaIafrkhJG9zDEEEUbR6gygg=,3A5Zxm/qIffR5wyDxNSIq8ngOCk=
-38,14,EE1LaIafrkhJG9zDEEEUbR6gygg=,3A5Zxm/qIffR5wyDxNSIq8ngOCk=
-39,15,EE1LaIafrkhJG9zDEEEUbR6gygg=,3A5Zxm/qIffR5wyDxNSIq8ngOCk=
-38,15,FVtRGwQqqIQYFAFT+b5ykbBUMSQ=,3A5Zxm/qIffR5wyDxNSIq8ngOCk=
-37,9,FVtRGwQqqIQYFAFT+b5ykbBUMSQ=,xE/mrieqy6yP6/bnsQGE00q1ALo=
-36,9,FVtRGwQqqIQYFAFT+b5ykbBUMSQ=,Dyo6oGZO7os2Z25k/qSgGyAwPpY=
-35,9,FVtRGwQqqIQYFAFT+b5ykbBUMSQ=,Dyo6oGZO7os2Z25k/qSgGyAwPpY=
-36,10,FVtRGwQqqIQYFAFT+b5ykbBUMSQ=,Dyo6oGZO7os2Z25k/qSgGyAwPpY=
-34,9,FVtRGwQqqIQYFAFT+b5ykbBUMSQ=,Dyo6oGZO7os2Z25k/qSgGyAwPpY=
-35,10,FVtRGwQqqIQYFAFT+b5ykbBUMSQ=,Dyo6oGZO7os2Z25k/qSgGyAwPpY=
-34,10,FVtRGwQqqIQYFAFT+b5ykbBUMSQ=,Dyo6oGZO7os2Z25k/qSgGyAwPpY=
-37,10,FVtRGwQqqIQYFAFT+b5ykbBUMSQ=,xE/mrieqy6yP6/bnsQGE00q1ALo=
-33,9,FVtRGwQqqIQYFAFT+b5ykbBUMSQ=,Dyo6oGZO7os2Z25k/qSgGyAwPpY=
-33,10,FVtRGwQqqIQYFAFT+b5ykbBUMSQ=,Dyo6oGZO7os2Z25k/qSgGyAwPpY=
-40,11,FVtRGwQqqIQYFAFT+b5ykbBUMSQ=,xE/mrieqy6yP6/bnsQGE00q1ALo=
-41,14,FVtRGwQqqIQYFAFT+b5ykbBUMSQ=,qIHbv78lczeTt8D5YjJyMtQd87c=
-40,12,FVtRGwQqqIQYFAFT+b5ykbBUMSQ=,3A5Zxm/qIffR5wyDxNSIq8ngOCk=
-43,12,FVtRGwQqqIQYFAFT+b5ykbBUMSQ=,qIHbv78lczeTt8D5YjJyMtQd87c=
-43,14,FVtRGwQqqIQYFAFT+b5ykbBUMSQ=,qIHbv78lczeTt8D5YjJyMtQd87c=
-40,13,FVtRGwQqqIQYFAFT+b5ykbBUMSQ=,3A5Zxm/qIffR5wyDxNSIq8ngOCk=
-45,14,FVtRGwQqqIQYFAFT+b5ykbBUMSQ=,KAglZF+FYOMb5NWUmxhxkNKzwA8=
-42,12,Bzy+SU+bP8uRaaIKbFWVUPDyDa4=,qIHbv78lczeTt8D5YjJyMtQd87c=
-40,14,Bzy+SU+bP8uRaaIKbFWVUPDyDa4=,3A5Zxm/qIffR5wyDxNSIq8ngOCk=
-41,12,Bzy+SU+bP8uRaaIKbFWVUPDyDa4=,qIHbv78lczeTt8D5YjJyMtQd87c=
-43,13,Bzy+SU+bP8uRaaIKbFWVUPDyDa4=,qIHbv78lczeTt8D5YjJyMtQd87c=
-42,13,Bzy+SU+bP8uRaaIKbFWVUPDyDa4=,qIHbv78lczeTt8D5YjJyMtQd87c=
-41,13,Bzy+SU+bP8uRaaIKbFWVUPDyDa4=,qIHbv78lczeTt8D5YjJyMtQd87c=
-40,15,Bzy+SU+bP8uRaaIKbFWVUPDyDa4=,3A5Zxm/qIffR5wyDxNSIq8ngOCk=
-45,13,Bzy+SU+bP8uRaaIKbFWVUPDyDa4=,KAglZF+FYOMb5NWUmxhxkNKzwA8=
-42,14,Bzy+SU+bP8uRaaIKbFWVUPDyDa4=,qIHbv78lczeTt8D5YjJyMtQd87c=
-44,13,Bzy+SU+bP8uRaaIKbFWVUPDyDa4=,qIHbv78lczeTt8D5YjJyMtQd87c=
-44,14,Bzy+SU+bP8uRaaIKbFWVUPDyDa4=,qIHbv78lczeTt8D5YjJyMtQd87c=
-42,15,Bzy+SU+bP8uRaaIKbFWVUPDyDa4=,qIHbv78lczeTt8D5YjJyMtQd87c=
-41,15,Bzy+SU+bP8uRaaIKbFWVUPDyDa4=,qIHbv78lczeTt8D5YjJyMtQd87c=
-43,15,Bzy+SU+bP8uRaaIKbFWVUPDyDa4=,qIHbv78lczeTt8D5YjJyMtQd87c=
-48,13,Bzy+SU+bP8uRaaIKbFWVUPDyDa4=,KAglZF+FYOMb5NWUmxhxkNKzwA8=
-48,14,Bzy+SU+bP8uRaaIKbFWVUPDyDa4=,KAglZF+FYOMb5NWUmxhxkNKzwA8=
-46,9,Bzy+SU+bP8uRaaIKbFWVUPDyDa4=,Ed4tRoX1RCaE6b3iT9AHMvYYfhw=
-46,10,Bzy+SU+bP8uRaaIKbFWVUPDyDa4=,Ed4tRoX1RCaE6b3iT9AHMvYYfhw=
-47,8,Bzy+SU+bP8uRaaIKbFWVUPDyDa4=,Ed4tRoX1RCaE6b3iT9AHMvYYfhw=
-46,8,Bzy+SU+bP8uRaaIKbFWVUPDyDa4=,Ed4tRoX1RCaE6b3iT9AHMvYYfhw=
-48,9,Bzy+SU+bP8uRaaIKbFWVUPDyDa4=,Ed4tRoX1RCaE6b3iT9AHMvYYfhw=
-47,12,Bzy+SU+bP8uRaaIKbFWVUPDyDa4=,KAglZF+FYOMb5NWUmxhxkNKzwA8=
-47,9,Bzy+SU+bP8uRaaIKbFWVUPDyDa4=,Ed4tRoX1RCaE6b3iT9AHMvYYfhw=
-45,9,Bzy+SU+bP8uRaaIKbFWVUPDyDa4=,Ed4tRoX1RCaE6b3iT9AHMvYYfhw=
-45,10,Bzy+SU+bP8uRaaIKbFWVUPDyDa4=,Ed4tRoX1RCaE6b3iT9AHMvYYfhw=
-46,12,Bzy+SU+bP8uRaaIKbFWVUPDyDa4=,KAglZF+FYOMb5NWUmxhxkNKzwA8=
-48,12,Bzy+SU+bP8uRaaIKbFWVUPDyDa4=,KAglZF+FYOMb5NWUmxhxkNKzwA8=
-45,12,Bzy+SU+bP8uRaaIKbFWVUPDyDa4=,KAglZF+FYOMb5NWUmxhxkNKzwA8=
-48,11,Bzy+SU+bP8uRaaIKbFWVUPDyDa4=,Ed4tRoX1RCaE6b3iT9AHMvYYfhw=
-48,10,Bzy+SU+bP8uRaaIKbFWVUPDyDa4=,Ed4tRoX1RCaE6b3iT9AHMvYYfhw=
-47,11,Bzy+SU+bP8uRaaIKbFWVUPDyDa4=,Ed4tRoX1RCaE6b3iT9AHMvYYfhw=
-47,10,Bzy+SU+bP8uRaaIKbFWVUPDyDa4=,Ed4tRoX1RCaE6b3iT9AHMvYYfhw=
-46,11,Bzy+SU+bP8uRaaIKbFWVUPDyDa4=,Ed4tRoX1RCaE6b3iT9AHMvYYfhw=
-45,11,Bzy+SU+bP8uRaaIKbFWVUPDyDa4=,Ed4tRoX1RCaE6b3iT9AHMvYYfhw=
-45,8,Bzy+SU+bP8uRaaIKbFWVUPDyDa4=,Ed4tRoX1RCaE6b3iT9AHMvYYfhw=
-35,8,Bzy+SU+bP8uRaaIKbFWVUPDyDa4=,Dyo6oGZO7os2Z25k/qSgGyAwPpY=
-34,8,Bzy+SU+bP8uRaaIKbFWVUPDyDa4=,Dyo6oGZO7os2Z25k/qSgGyAwPpY=
-38,8,Bzy+SU+bP8uRaaIKbFWVUPDyDa4=,xE/mrieqy6yP6/bnsQGE00q1ALo=
-40,8,Bzy+SU+bP8uRaaIKbFWVUPDyDa4=,xE/mrieqy6yP6/bnsQGE00q1ALo=
-39,8,Bzy+SU+bP8uRaaIKbFWVUPDyDa4=,xE/mrieqy6yP6/bnsQGE00q1ALo=
-37,8,Bzy+SU+bP8uRaaIKbFWVUPDyDa4=,xE/mrieqy6yP6/bnsQGE00q1ALo=
-36,8,Bzy+SU+bP8uRaaIKbFWVUPDyDa4=,Dyo6oGZO7os2Z25k/qSgGyAwPpY=
-33,8,Bzy+SU+bP8uRaaIKbFWVUPDyDa4=,Dyo6oGZO7os2Z25k/qSgGyAwPpY=
-44,12,Bzy+SU+bP8uRaaIKbFWVUPDyDa4=,qIHbv78lczeTt8D5YjJyMtQd87c=
-48,8,Bzy+SU+bP8uRaaIKbFWVUPDyDa4=,Ed4tRoX1RCaE6b3iT9AHMvYYfhw=
-47,15,Bzy+SU+bP8uRaaIKbFWVUPDyDa4=,KAglZF+FYOMb5NWUmxhxkNKzwA8=
-44,15,Bzy+SU+bP8uRaaIKbFWVUPDyDa4=,qIHbv78lczeTt8D5YjJyMtQd87c=
-48,15,Bzy+SU+bP8uRaaIKbFWVUPDyDa4=,KAglZF+FYOMb5NWUmxhxkNKzwA8=
-46,15,Bzy+SU+bP8uRaaIKbFWVUPDyDa4=,KAglZF+FYOMb5NWUmxhxkNKzwA8=
-45,15,Bzy+SU+bP8uRaaIKbFWVUPDyDa4=,KAglZF+FYOMb5NWUmxhxkNKzwA8=
-36,13,Bzy+SU+bP8uRaaIKbFWVUPDyDa4=,deNLh2JkPVhwrs4DdaN3HNkyi3Y=
-33,12,Bzy+SU+bP8uRaaIKbFWVUPDyDa4=,deNLh2JkPVhwrs4DdaN3HNkyi3Y=
-35,13,Bzy+SU+bP8uRaaIKbFWVUPDyDa4=,deNLh2JkPVhwrs4DdaN3HNkyi3Y=
-37,14,Bzy+SU+bP8uRaaIKbFWVUPDyDa4=,3A5Zxm/qIffR5wyDxNSIq8ngOCk=
-36,11,Bzy+SU+bP8uRaaIKbFWVUPDyDa4=,Dyo6oGZO7os2Z25k/qSgGyAwPpY=
-35,11,Bzy+SU+bP8uRaaIKbFWVUPDyDa4=,Dyo6oGZO7os2Z25k/qSgGyAwPpY=
-33,15,Bzy+SU+bP8uRaaIKbFWVUPDyDa4=,deNLh2JkPVhwrs4DdaN3HNkyi3Y=
-34,13,Bzy+SU+bP8uRaaIKbFWVUPDyDa4=,deNLh2JkPVhwrs4DdaN3HNkyi3Y=
-37,11,Bzy+SU+bP8uRaaIKbFWVUPDyDa4=,xE/mrieqy6yP6/bnsQGE00q1ALo=
-33,13,Bzy+SU+bP8uRaaIKbFWVUPDyDa4=,deNLh2JkPVhwrs4DdaN3HNkyi3Y=
-35,15,Bzy+SU+bP8uRaaIKbFWVUPDyDa4=,deNLh2JkPVhwrs4DdaN3HNkyi3Y=
-34,15,Bzy+SU+bP8uRaaIKbFWVUPDyDa4=,deNLh2JkPVhwrs4DdaN3HNkyi3Y=
-34,12,Bzy+SU+bP8uRaaIKbFWVUPDyDa4=,deNLh2JkPVhwrs4DdaN3HNkyi3Y=
-37,13,Bzy+SU+bP8uRaaIKbFWVUPDyDa4=,3A5Zxm/qIffR5wyDxNSIq8ngOCk=
-36,14,Bzy+SU+bP8uRaaIKbFWVUPDyDa4=,deNLh2JkPVhwrs4DdaN3HNkyi3Y=
-36,15,Bzy+SU+bP8uRaaIKbFWVUPDyDa4=,deNLh2JkPVhwrs4DdaN3HNkyi3Y=
-33,11,Bzy+SU+bP8uRaaIKbFWVUPDyDa4=,Dyo6oGZO7os2Z25k/qSgGyAwPpY=
-33,14,Bzy+SU+bP8uRaaIKbFWVUPDyDa4=,deNLh2JkPVhwrs4DdaN3HNkyi3Y=
-34,11,Bzy+SU+bP8uRaaIKbFWVUPDyDa4=,Dyo6oGZO7os2Z25k/qSgGyAwPpY=
-34,14,Bzy+SU+bP8uRaaIKbFWVUPDyDa4=,deNLh2JkPVhwrs4DdaN3HNkyi3Y=
-35,12,Bzy+SU+bP8uRaaIKbFWVUPDyDa4=,deNLh2JkPVhwrs4DdaN3HNkyi3Y=
-37,15,Bzy+SU+bP8uRaaIKbFWVUPDyDa4=,3A5Zxm/qIffR5wyDxNSIq8ngOCk=
-37,12,Bzy+SU+bP8uRaaIKbFWVUPDyDa4=,3A5Zxm/qIffR5wyDxNSIq8ngOCk=
-35,14,Bzy+SU+bP8uRaaIKbFWVUPDyDa4=,deNLh2JkPVhwrs4DdaN3HNkyi3Y=
-36,12,Bzy+SU+bP8uRaaIKbFWVUPDyDa4=,deNLh2JkPVhwrs4DdaN3HNkyi3Y=
