-47,-31,bpx8M6zWJzHuQle0tfsoOv/OVKs=,p6AFOOB01tihURtktL8P2wGi29s=
-46,-31,bpx8M6zWJzHuQle0tfsoOv/OVKs=,p6AFOOB01tihURtktL8P2wGi29s=
-46,-30,bpx8M6zWJzHuQle0tfsoOv/OVKs=,p6AFOOB01tihURtktL8P2wGi29s=
-47,-30,bpx8M6zWJzHuQle0tfsoOv/OVKs=,p6AFOOB01tihURtktL8P2wGi29s=
-39,-27,bpx8M6zWJzHuQle0tfsoOv/OVKs=,1U2Ah8aM5SKaSk3/LznPCTFA/Uo=
-38,-27,bpx8M6zWJzHuQle0tfsoOv/OVKs=,1U2Ah8aM5SKaSk3/LznPCTFA/Uo=
-39,-26,bpx8M6zWJzHuQle0tfsoOv/OVKs=,1U2Ah8aM5SKaSk3/LznPCTFA/Uo=
-38,-26,bpx8M6zWJzHuQle0tfsoOv/OVKs=,1U2Ah8aM5SKaSk3/LznPCTFA/Uo=
-34,-30,6z1urnfBGTK1gIU5VNU/vXLaer4=,Gll2GvfOkYQcm8zVAAPqTYRncnU=
-35,-30,6z1urnfBGTK1gIU5VNU/vXLaer4=,Gll2GvfOkYQcm8zVAAPqTYRncnU=
-34,-31,6z1urnfBGTK1gIU5VNU/vXLaer4=,Gll2GvfOkYQcm8zVAAPqTYRncnU=
-35,-31,6z1urnfBGTK1gIU5VNU/vXLaer4=,Gll2GvfOkYQcm8zVAAPqTYRncnU=
-35,-22,6z1urnfBGTK1gIU5VNU/vXLaer4=,xJWKNH3sRuhoDt2bcrMwVpDrpMQ=
-34,-22,6z1urnfBGTK1gIU5VNU/vXLaer4=,xJWKNH3sRuhoDt2bcrMwVpDrpMQ=
-35,-23,6z1urnfBGTK1gIU5VNU/vXLaer4=,xJWKNH3sRuhoDt2bcrMwVpDrpMQ=
-34,-23,6z1urnfBGTK1gIU5VNU/vXLaer4=,xJWKNH3sRuhoDt2bcrMwVpDrpMQ=
-40,-26,6z1urnfBGTK1gIU5VNU/vXLaer4=,1U2Ah8aM5SKaSk3/LznPCTFA/Uo=
-40,-27,6z1urnfBGTK1gIU5VNU/vXLaer4=,1U2Ah8aM5SKaSk3/LznPCTFA/Uo=
-39,-25,6z1urnfBGTK1gIU5VNU/vXLaer4=,1U2Ah8aM5SKaSk3/LznPCTFA/Uo=
-38,-25,6z1urnfBGTK1gIU5VNU/vXLaer4=,1U2Ah8aM5SKaSk3/LznPCTFA/Uo=
-36,-23,6z1urnfBGTK1gIU5VNU/vXLaer4=,xJWKNH3sRuhoDt2bcrMwVpDrpMQ=
-36,-22,6z1urnfBGTK1gIU5VNU/vXLaer4=,xJWKNH3sRuhoDt2bcrMwVpDrpMQ=
-47,-29,6z1urnfBGTK1gIU5VNU/vXLaer4=,p6AFOOB01tihURtktL8P2wGi29s=
-46,-29,6z1urnfBGTK1gIU5VNU/vXLaer4=,p6AFOOB01tihURtktL8P2wGi29s=
-47,-32,woM6ziZtj+0p3T53vnb64LIBLaM=,p6AFOOB01tihURtktL8P2wGi29s=
-46,-32,woM6ziZtj+0p3T53vnb64LIBLaM=,p6AFOOB01tihURtktL8P2wGi29s=
-33,-23,woM6ziZtj+0p3T53vnb64LIBLaM=,xJWKNH3sRuhoDt2bcrMwVpDrpMQ=
-33,-22,woM6ziZtj+0p3T53vnb64LIBLaM=,xJWKNH3sRuhoDt2bcrMwVpDrpMQ=
-33,-30,woM6ziZtj+0p3T53vnb64LIBLaM=,Gll2GvfOkYQcm8zVAAPqTYRncnU=
-33,-31,woM6ziZtj+0p3T53vnb64LIBLaM=,Gll2GvfOkYQcm8zVAAPqTYRncnU=
-35,-32,woM6ziZtj+0p3T53vnb64LIBLaM=,Gll2GvfOkYQcm8zVAAPqTYRncnU=
-34,-32,woM6ziZtj+0p3T53vnb64LIBLaM=,Gll2GvfOkYQcm8zVAAPqTYRncnU=
-33,-32,woM6ziZtj+0p3T53vnb64LIBLaM=,Gll2GvfOkYQcm8zVAAPqTYRncnU=
-40,-25,woM6ziZtj+0p3T53vnb64LIBLaM=,1U2Ah8aM5SKaSk3/LznPCTFA/Uo=
-48,-31,woM6ziZtj+0p3T53vnb64LIBLaM=,p6AFOOB01tihURtktL8P2wGi29s=
-48,-32,woM6ziZtj+0p3T53vnb64LIBLaM=,p6AFOOB01tihURtktL8P2wGi29s=
-34,-21,woM6ziZtj+0p3T53vnb64LIBLaM=,xJWKNH3sRuhoDt2bcrMwVpDrpMQ=
-48,-30,woM6ziZtj+0p3T53vnb64LIBLaM=,p6AFOOB01tihURtktL8P2wGi29s=
-35,-21,woM6ziZtj+0p3T53vnb64LIBLaM=,xJWKNH3sRuhoDt2bcrMwVpDrpMQ=
-33,-21,woM6ziZtj+0p3T53vnb64LIBLaM=,xJWKNH3sRuhoDt2bcrMwVpDrpMQ=
-36,-21,woM6ziZtj+0p3T53vnb64LIBLaM=,xJWKNH3sRuhoDt2bcrMwVpDrpMQ=
-48,-29,woM6ziZtj+0p3T53vnb64LIBLaM=,p6AFOOB01tihURtktL8P2wGi29s=
-44,-29,woM6ziZtj+0p3T53vnb64LIBLaM=,a3L+TuXUmbTaN4Nbij4XMoVZKEo=
-44,-31,woM6ziZtj+0p3T53vnb64LIBLaM=,a3L+TuXUmbTaN4Nbij4XMoVZKEo=
-43,-31,woM6ziZtj+0p3T53vnb64LIBLaM=,a3L+TuXUmbTaN4Nbij4XMoVZKEo=
-44,-32,VIRjowsdFynkMIw9C36OgyLH8T4=,a3L+TuXUmbTaN4Nbij4XMoVZKEo=
-42,-31,VIRjowsdFynkMIw9C36OgyLH8T4=,a3L+TuXUmbTaN4Nbij4XMoVZKEo=
-44,-30,VIRjowsdFynkMIw9C36OgyLH8T4=,a3L+TuXUmbTaN4Nbij4XMoVZKEo=
-43,-30,VIRjowsdFynkMIw9C36OgyLH8T4=,a3L+TuXUmbTaN4Nbij4XMoVZKEo=
-43,-29,VIRjowsdFynkMIw9C36OgyLH8T4=,a3L+TuXUmbTaN4Nbij4XMoVZKEo=
-43,-32,VIRjowsdFynkMIw9C36OgyLH8T4=,a3L+TuXUmbTaN4Nbij4XMoVZKEo=
-42,-29,VIRjowsdFynkMIw9C36OgyLH8T4=,a3L+TuXUmbTaN4Nbij4XMoVZKEo=
-42,-32,VIRjowsdFynkMIw9C36OgyLH8T4=,a3L+TuXUmbTaN4Nbij4XMoVZKEo=
-42,-30,VIRjowsdFynkMIw9C36OgyLH8T4=,a3L+TuXUmbTaN4Nbij4XMoVZKEo=
-45,-31,VIRjowsdFynkMIw9C36OgyLH8T4=,p6AFOOB01tihURtktL8P2wGi29s=
-45,-30,VIRjowsdFynkMIw9C36OgyLH8T4=,p6AFOOB01tihURtktL8P2wGi29s=
-45,-32,VIRjowsdFynkMIw9C36OgyLH8T4=,p6AFOOB01tihURtktL8P2wGi29s=
-45,-29,VIRjowsdFynkMIw9C36OgyLH8T4=,p6AFOOB01tihURtktL8P2wGi29s=
-38,-32,VIRjowsdFynkMIw9C36OgyLH8T4=,Ytz9tfnqaNT/K/ipa1ADcYE8yAE=
-39,-32,VIRjowsdFynkMIw9C36OgyLH8T4=,Ytz9tfnqaNT/K/ipa1ADcYE8yAE=
-38,-30,VIRjowsdFynkMIw9C36OgyLH8T4=,Ytz9tfnqaNT/K/ipa1ADcYE8yAE=
-37,-32,VIRjowsdFynkMIw9C36OgyLH8T4=,Ytz9tfnqaNT/K/ipa1ADcYE8yAE=
-37,-30,VIRjowsdFynkMIw9C36OgyLH8T4=,Ytz9tfnqaNT/K/ipa1ADcYE8yAE=
-40,-29,VIRjowsdFynkMIw9C36OgyLH8T4=,Ytz9tfnqaNT/K/ipa1ADcYE8yAE=
-41,-30,VIRjowsdFynkMIw9C36OgyLH8T4=,a3L+TuXUmbTaN4Nbij4XMoVZKEo=
-36,-30,VIRjowsdFynkMIw9C36OgyLH8T4=,Gll2GvfOkYQcm8zVAAPqTYRncnU=
-41,-32,VIRjowsdFynkMIw9C36OgyLH8T4=,a3L+TuXUmbTaN4Nbij4XMoVZKEo=
-40,-31,VIRjowsdFynkMIw9C36OgyLH8T4=,Ytz9tfnqaNT/K/ipa1ADcYE8yAE=
-40,-30,VIRjowsdFynkMIw9C36OgyLH8T4=,Ytz9tfnqaNT/K/ipa1ADcYE8yAE=
-39,-29,VIRjowsdFynkMIw9C36OgyLH8T4=,Ytz9tfnqaNT/K/ipa1ADcYE8yAE=
-39,-30,VIRjowsdFynkMIw9C36OgyLH8T4=,Ytz9tfnqaNT/K/ipa1ADcYE8yAE=
-36,-31,VIRjowsdFynkMIw9C36OgyLH8T4=,Gll2GvfOkYQcm8zVAAPqTYRncnU=
-41,-31,VIRjowsdFynkMIw9C36OgyLH8T4=,a3L+TuXUmbTaN4Nbij4XMoVZKEo=
-39,-31,VIRjowsdFynkMIw9C36OgyLH8T4=,Ytz9tfnqaNT/K/ipa1ADcYE8yAE=
-36,-32,VIRjowsdFynkMIw9C36OgyLH8T4=,Gll2GvfOkYQcm8zVAAPqTYRncnU=
-38,-31,VIRjowsdFynkMIw9C36OgyLH8T4=,Ytz9tfnqaNT/K/ipa1ADcYE8yAE=
-40,-32,VIRjowsdFynkMIw9C36OgyLH8T4=,Ytz9tfnqaNT/K/ipa1ADcYE8yAE=
-37,-31,VIRjowsdFynkMIw9C36OgyLH8T4=,Ytz9tfnqaNT/K/ipa1ADcYE8yAE=
-41,-29,VIRjowsdFynkMIw9C36OgyLH8T4=,a3L+TuXUmbTaN4Nbij4XMoVZKEo=
-40,-28,VIRjowsdFynkMIw9C36OgyLH8T4=,1U2Ah8aM5SKaSk3/LznPCTFA/Uo=
-39,-28,VIRjowsdFynkMIw9C36OgyLH8T4=,1U2Ah8aM5SKaSk3/LznPCTFA/Uo=
-38,-28,VIRjowsdFynkMIw9C36OgyLH8T4=,1U2Ah8aM5SKaSk3/LznPCTFA/Uo=
-38,-29,VIRjowsdFynkMIw9C36OgyLH8T4=,Ytz9tfnqaNT/K/ipa1ADcYE8yAE=
-36,-24,VIRjowsdFynkMIw9C36OgyLH8T4=,xJWKNH3sRuhoDt2bcrMwVpDrpMQ=
-35,-27,VIRjowsdFynkMIw9C36OgyLH8T4=,8myCUmIOlHmB3kwE14gW7FQZzVY=
-35,-28,VIRjowsdFynkMIw9C36OgyLH8T4=,8myCUmIOlHmB3kwE14gW7FQZzVY=
-37,-29,VIRjowsdFynkMIw9C36OgyLH8T4=,Ytz9tfnqaNT/K/ipa1ADcYE8yAE=
-33,-24,VIRjowsdFynkMIw9C36OgyLH8T4=,xJWKNH3sRuhoDt2bcrMwVpDrpMQ=
-34,-24,VIRjowsdFynkMIw9C36OgyLH8T4=,xJWKNH3sRuhoDt2bcrMwVpDrpMQ=
-34,-27,VIRjowsdFynkMIw9C36OgyLH8T4=,8myCUmIOlHmB3kwE14gW7FQZzVY=
-35,-26,VIRjowsdFynkMIw9C36OgyLH8T4=,8myCUmIOlHmB3kwE14gW7FQZzVY=
-37,-26,VIRjowsdFynkMIw9C36OgyLH8T4=,1U2Ah8aM5SKaSk3/LznPCTFA/Uo=
-33,-27,VIRjowsdFynkMIw9C36OgyLH8T4=,8myCUmIOlHmB3kwE14gW7FQZzVY=
-35,-24,VIRjowsdFynkMIw9C36OgyLH8T4=,xJWKNH3sRuhoDt2bcrMwVpDrpMQ=
-34,-26,VIRjowsdFynkMIw9C36OgyLH8T4=,8myCUmIOlHmB3kwE14gW7FQZzVY=
-36,-26,VIRjowsdFynkMIw9C36OgyLH8T4=,8myCUmIOlHmB3kwE14gW7FQZzVY=
-36,-28,VIRjowsdFynkMIw9C36OgyLH8T4=,8myCUmIOlHmB3kwE14gW7FQZzVY=
-33,-29,VIRjowsdFynkMIw9C36OgyLH8T4=,Gll2GvfOkYQcm8zVAAPqTYRncnU=
-36,-27,VIRjowsdFynkMIw9C36OgyLH8T4=,8myCUmIOlHmB3kwE14gW7FQZzVY=
-37,-28,VIRjowsdFynkMIw9C36OgyLH8T4=,1U2Ah8aM5SKaSk3/LznPCTFA/Uo=
-37,-25,VIRjowsdFynkMIw9C36OgyLH8T4=,1U2Ah8aM5SKaSk3/LznPCTFA/Uo=
-34,-29,VIRjowsdFynkMIw9C36OgyLH8T4=,Gll2GvfOkYQcm8zVAAPqTYRncnU=
-33,-26,VIRjowsdFynkMIw9C36OgyLH8T4=,8myCUmIOlHmB3kwE14gW7FQZzVY=
-36,-25,VIRjowsdFynkMIw9C36OgyLH8T4=,8myCUmIOlHmB3kwE14gW7FQZzVY=
-36,-29,VIRjowsdFynkMIw9C36OgyLH8T4=,Gll2GvfOkYQcm8zVAAPqTYRncnU=
-37,-27,VIRjowsdFynkMIw9C36OgyLH8T4=,1U2Ah8aM5SKaSk3/LznPCTFA/Uo=
-35,-25,VIRjowsdFynkMIw9C36OgyLH8T4=,8myCUmIOlHmB3kwE14gW7FQZzVY=
-34,-25,VIRjowsdFynkMIw9C36OgyLH8T4=,8myCUmIOlHmB3kwE14gW7FQZzVY=
-34,-28,VIRjowsdFynkMIw9C36OgyLH8T4=,8myCUmIOlHmB3kwE14gW7FQZzVY=
-33,-25,VIRjowsdFynkMIw9C36OgyLH8T4=,8myCUmIOlHmB3kwE14gW7FQZzVY=
-35,-29,VIRjowsdFynkMIw9C36OgyLH8T4=,Gll2GvfOkYQcm8zVAAPqTYRncnU=
-33,-28,VIRjowsdFynkMIw9C36OgyLH8T4=,8myCUmIOlHmB3kwE14gW7FQZzVY=
-56,-31,bQDPKuBQYjfStcPZhBh9E4bJN8M=,I1r4kWiKhizjeT5CUR+svgLe+aw=
-55,-30,bQDPKuBQYjfStcPZhBh9E4bJN8M=,I1r4kWiKhizjeT5CUR+svgLe+aw=
-55,-32,bQDPKuBQYjfStcPZhBh9E4bJN8M=,I1r4kWiKhizjeT5CUR+svgLe+aw=
-55,-29,bQDPKuBQYjfStcPZhBh9E4bJN8M=,I1r4kWiKhizjeT5CUR+svgLe+aw=
-56,-32,bQDPKuBQYjfStcPZhBh9E4bJN8M=,I1r4kWiKhizjeT5CUR+svgLe+aw=
-54,-31,bQDPKuBQYjfStcPZhBh9E4bJN8M=,I1r4kWiKhizjeT5CUR+svgLe+aw=
-54,-32,bQDPKuBQYjfStcPZhBh9E4bJN8M=,I1r4kWiKhizjeT5CUR+svgLe+aw=
-56,-29,bQDPKuBQYjfStcPZhBh9E4bJN8M=,I1r4kWiKhizjeT5CUR+svgLe+aw=
-55,-31,bQDPKuBQYjfStcPZhBh9E4bJN8M=,I1r4kWiKhizjeT5CUR+svgLe+aw=
-54,-30,bQDPKuBQYjfStcPZhBh9E4bJN8M=,I1r4kWiKhizjeT5CUR+svgLe+aw=
-56,-30,bQDPKuBQYjfStcPZhBh9E4bJN8M=,I1r4kWiKhizjeT5CUR+svgLe+aw=
-54,-29,bQDPKuBQYjfStcPZhBh9E4bJN8M=,I1r4kWiKhizjeT5CUR+svgLe+aw=
-52,-30,bQDPKuBQYjfStcPZhBh9E4bJN8M=,4NY/+yBasLd3SSWCV2L0W17AfiQ=
-49,-31,bQDPKuBQYjfStcPZhBh9E4bJN8M=,4NY/+yBasLd3SSWCV2L0W17AfiQ=
-53,-31,bQDPKuBQYjfStcPZhBh9E4bJN8M=,I1r4kWiKhizjeT5CUR+svgLe+aw=
-50,-29,bQDPKuBQYjfStcPZhBh9E4bJN8M=,4NY/+yBasLd3SSWCV2L0W17AfiQ=
-49,-29,bQDPKuBQYjfStcPZhBh9E4bJN8M=,4NY/+yBasLd3SSWCV2L0W17AfiQ=
-51,-29,bQDPKuBQYjfStcPZhBh9E4bJN8M=,4NY/+yBasLd3SSWCV2L0W17AfiQ=
-52,-31,bQDPKuBQYjfStcPZhBh9E4bJN8M=,4NY/+yBasLd3SSWCV2L0W17AfiQ=
-51,-31,bQDPKuBQYjfStcPZhBh9E4bJN8M=,4NY/+yBasLd3SSWCV2L0W17AfiQ=
-52,-29,bQDPKuBQYjfStcPZhBh9E4bJN8M=,4NY/+yBasLd3SSWCV2L0W17AfiQ=
-53,-29,bQDPKuBQYjfStcPZhBh9E4bJN8M=,I1r4kWiKhizjeT5CUR+svgLe+aw=
-52,-32,bQDPKuBQYjfStcPZhBh9E4bJN8M=,4NY/+yBasLd3SSWCV2L0W17AfiQ=
-53,-32,bQDPKuBQYjfStcPZhBh9E4bJN8M=,I1r4kWiKhizjeT5CUR+svgLe+aw=
-51,-30,bQDPKuBQYjfStcPZhBh9E4bJN8M=,4NY/+yBasLd3SSWCV2L0W17AfiQ=
-53,-30,bQDPKuBQYjfStcPZhBh9E4bJN8M=,I1r4kWiKhizjeT5CUR+svgLe+aw=
-50,-30,bQDPKuBQYjfStcPZhBh9E4bJN8M=,4NY/+yBasLd3SSWCV2L0W17AfiQ=
-49,-30,bQDPKuBQYjfStcPZhBh9E4bJN8M=,4NY/+yBasLd3SSWCV2L0W17AfiQ=
-51,-32,bQDPKuBQYjfStcPZhBh9E4bJN8M=,4NY/+yBasLd3SSWCV2L0W17AfiQ=
-50,-31,bQDPKuBQYjfStcPZhBh9E4bJN8M=,4NY/+yBasLd3SSWCV2L0W17AfiQ=
-49,-32,bQDPKuBQYjfStcPZhBh9E4bJN8M=,4NY/+yBasLd3SSWCV2L0W17AfiQ=
-50,-32,bQDPKuBQYjfStcPZhBh9E4bJN8M=,4NY/+yBasLd3SSWCV2L0W17AfiQ=
