-11,-7,l30Pn3Oft6YrO9MZH5sFHcLmjSw=,tOX65niiECh2iGJUzUn+2jgGA1A=
-10,-7,l30Pn3Oft6YrO9MZH5sFHcLmjSw=,tOX65niiECh2iGJUzUn+2jgGA1A=
-11,-6,l30Pn3Oft6YrO9MZH5sFHcLmjSw=,tOX65niiECh2iGJUzUn+2jgGA1A=
-10,-6,l30Pn3Oft6YrO9MZH5sFHcLmjSw=,tOX65niiECh2iGJUzUn+2jgGA1A=
-11,-3,l30Pn3Oft6YrO9MZH5sFHcLmjSw=,YD1qbys4fxPHC4Lp0pnVWVLnZOw=
-10,-4,l30Pn3Oft6YrO9MZH5sFHcLmjSw=,YD1qbys4fxPHC4Lp0pnVWVLnZOw=
-11,-4,l30Pn3Oft6YrO9MZH5sFHcLmjSw=,YD1qbys4fxPHC4Lp0pnVWVLnZOw=
-10,-2,l30Pn3Oft6YrO9MZH5sFHcLmjSw=,YD1qbys4fxPHC4Lp0pnVWVLnZOw=
-11,-2,l30Pn3Oft6YrO9MZH5sFHcLmjSw=,YD1qbys4fxPHC4Lp0pnVWVLnZOw=
-10,-5,l30Pn3Oft6YrO9MZH5sFHcLmjSw=,tOX65niiECh2iGJUzUn+2jgGA1A=
-11,-5,l30Pn3Oft6YrO9MZH5sFHcLmjSw=,tOX65niiECh2iGJUzUn+2jgGA1A=
-10,-3,l30Pn3Oft6YrO9MZH5sFHcLmjSw=,YD1qbys4fxPHC4Lp0pnVWVLnZOw=
-8,-7,l30Pn3Oft6YrO9MZH5sFHcLmjSw=,IfPiIISYvZ8rTIpB0T48q7VjcwM=
-9,-6,l30Pn3Oft6YrO9MZH5sFHcLmjSw=,tOX65niiECh2iGJUzUn+2jgGA1A=
-6,-6,l30Pn3Oft6YrO9MZH5sFHcLmjSw=,IfPiIISYvZ8rTIpB0T48q7VjcwM=
-7,-6,l30Pn3Oft6YrO9MZH5sFHcLmjSw=,IfPiIISYvZ8rTIpB0T48q7VjcwM=
-9,-7,l30Pn3Oft6YrO9MZH5sFHcLmjSw=,tOX65niiECh2iGJUzUn+2jgGA1A=
-7,-7,l30Pn3Oft6YrO9MZH5sFHcLmjSw=,IfPiIISYvZ8rTIpB0T48q7VjcwM=
-8,-6,l30Pn3Oft6YrO9MZH5sFHcLmjSw=,IfPiIISYvZ8rTIpB0T48q7VjcwM=
-6,-7,l30Pn3Oft6YrO9MZH5sFHcLmjSw=,IfPiIISYvZ8rTIpB0T48q7VjcwM=
-6,-5,l30Pn3Oft6YrO9MZH5sFHcLmjSw=,IfPiIISYvZ8rTIpB0T48q7VjcwM=
-8,-5,l30Pn3Oft6YrO9MZH5sFHcLmjSw=,IfPiIISYvZ8rTIpB0T48q7VjcwM=
-7,-5,l30Pn3Oft6YrO9MZH5sFHcLmjSw=,IfPiIISYvZ8rTIpB0T48q7VjcwM=
-9,-2,l30Pn3Oft6YrO9MZH5sFHcLmjSw=,YD1qbys4fxPHC4Lp0pnVWVLnZOw=
-7,-3,l30Pn3Oft6YrO9MZH5sFHcLmjSw=,VU2qZtR/0SwVIFzZtigl/wd1elM=
-6,-2,l30Pn3Oft6YrO9MZH5sFHcLmjSw=,VU2qZtR/0SwVIFzZtigl/wd1elM=
-8,-3,l30Pn3Oft6YrO9MZH5sFHcLmjSw=,VU2qZtR/0SwVIFzZtigl/wd1elM=
-7,-2,l30Pn3Oft6YrO9MZH5sFHcLmjSw=,VU2qZtR/0SwVIFzZtigl/wd1elM=
-7,-4,l30Pn3Oft6YrO9MZH5sFHcLmjSw=,VU2qZtR/0SwVIFzZtigl/wd1elM=
-8,-2,l30Pn3Oft6YrO9MZH5sFHcLmjSw=,VU2qZtR/0SwVIFzZtigl/wd1elM=
-6,-4,l30Pn3Oft6YrO9MZH5sFHcLmjSw=,VU2qZtR/0SwVIFzZtigl/wd1elM=
-9,-4,l30Pn3Oft6YrO9MZH5sFHcLmjSw=,YD1qbys4fxPHC4Lp0pnVWVLnZOw=
-6,-3,l30Pn3Oft6YrO9MZH5sFHcLmjSw=,VU2qZtR/0SwVIFzZtigl/wd1elM=
-9,-5,l30Pn3Oft6YrO9MZH5sFHcLmjSw=,tOX65niiECh2iGJUzUn+2jgGA1A=
-9,-3,l30Pn3Oft6YrO9MZH5sFHcLmjSw=,YD1qbys4fxPHC4Lp0pnVWVLnZOw=
-8,-4,l30Pn3Oft6YrO9MZH5sFHcLmjSw=,VU2qZtR/0SwVIFzZtigl/wd1elM=
-7,-11,l30Pn3Oft6YrO9MZH5sFHcLmjSw=,Xil4sKETD9IY81s8PPgXSCJNo4s=
-7,-8,l30Pn3Oft6YrO9MZH5sFHcLmjSw=,IfPiIISYvZ8rTIpB0T48q7VjcwM=
-7,-9,l30Pn3Oft6YrO9MZH5sFHcLmjSw=,Xil4sKETD9IY81s8PPgXSCJNo4s=
-6,-9,l30Pn3Oft6YrO9MZH5sFHcLmjSw=,Xil4sKETD9IY81s8PPgXSCJNo4s=
-6,-8,l30Pn3Oft6YrO9MZH5sFHcLmjSw=,IfPiIISYvZ8rTIpB0T48q7VjcwM=
-7,-10,l30Pn3Oft6YrO9MZH5sFHcLmjSw=,Xil4sKETD9IY81s8PPgXSCJNo4s=
-6,-10,l30Pn3Oft6YrO9MZH5sFHcLmjSw=,Xil4sKETD9IY81s8PPgXSCJNo4s=
-2,-6,l30Pn3Oft6YrO9MZH5sFHcLmjSw=,PnWDOi6J3AxYiH/x/3ncTtFNANE=
-6,-11,l30Pn3Oft6YrO9MZH5sFHcLmjSw=,Xil4sKETD9IY81s8PPgXSCJNo4s=
-5,-6,l30Pn3Oft6YrO9MZH5sFHcLmjSw=,IfPiIISYvZ8rTIpB0T48q7VjcwM=
-5,-7,l30Pn3Oft6YrO9MZH5sFHcLmjSw=,IfPiIISYvZ8rTIpB0T48q7VjcwM=
-3,-6,l30Pn3Oft6YrO9MZH5sFHcLmjSw=,PnWDOi6J3AxYiH/x/3ncTtFNANE=
-4,-6,l30Pn3Oft6YrO9MZH5sFHcLmjSw=,PnWDOi6J3AxYiH/x/3ncTtFNANE=
-2,-7,l30Pn3Oft6YrO9MZH5sFHcLmjSw=,PnWDOi6J3AxYiH/x/3ncTtFNANE=
-3,-7,l30Pn3Oft6YrO9MZH5sFHcLmjSw=,PnWDOi6J3AxYiH/x/3ncTtFNANE=
-4,-7,l30Pn3Oft6YrO9MZH5sFHcLmjSw=,PnWDOi6J3AxYiH/x/3ncTtFNANE=
-4,-5,l30Pn3Oft6YrO9MZH5sFHcLmjSw=,PnWDOi6J3AxYiH/x/3ncTtFNANE=
-2,-2,l30Pn3Oft6YrO9MZH5sFHcLmjSw=,KkhvbtmAxjSTctkF16QJP/TQyqE=
-5,-2,l30Pn3Oft6YrO9MZH5sFHcLmjSw=,VU2qZtR/0SwVIFzZtigl/wd1elM=
-3,-3,l30Pn3Oft6YrO9MZH5sFHcLmjSw=,KkhvbtmAxjSTctkF16QJP/TQyqE=
-4,-3,l30Pn3Oft6YrO9MZH5sFHcLmjSw=,KkhvbtmAxjSTctkF16QJP/TQyqE=
-3,-4,l30Pn3Oft6YrO9MZH5sFHcLmjSw=,KkhvbtmAxjSTctkF16QJP/TQyqE=
-5,-4,l30Pn3Oft6YrO9MZH5sFHcLmjSw=,VU2qZtR/0SwVIFzZtigl/wd1elM=
-4,-4,l30Pn3Oft6YrO9MZH5sFHcLmjSw=,KkhvbtmAxjSTctkF16QJP/TQyqE=
-2,-3,l30Pn3Oft6YrO9MZH5sFHcLmjSw=,KkhvbtmAxjSTctkF16QJP/TQyqE=
-5,-3,l30Pn3Oft6YrO9MZH5sFHcLmjSw=,VU2qZtR/0SwVIFzZtigl/wd1elM=
-2,-4,l30Pn3Oft6YrO9MZH5sFHcLmjSw=,KkhvbtmAxjSTctkF16QJP/TQyqE=
-4,-2,l30Pn3Oft6YrO9MZH5sFHcLmjSw=,KkhvbtmAxjSTctkF16QJP/TQyqE=
-2,-5,l30Pn3Oft6YrO9MZH5sFHcLmjSw=,PnWDOi6J3AxYiH/x/3ncTtFNANE=
-5,-5,l30Pn3Oft6YrO9MZH5sFHcLmjSw=,IfPiIISYvZ8rTIpB0T48q7VjcwM=
-3,-2,l30Pn3Oft6YrO9MZH5sFHcLmjSw=,KkhvbtmAxjSTctkF16QJP/TQyqE=
-3,-5,l30Pn3Oft6YrO9MZH5sFHcLmjSw=,PnWDOi6J3AxYiH/x/3ncTtFNANE=
-2,-9,l30Pn3Oft6YrO9MZH5sFHcLmjSw=,t7UC99Ab3jbhao3yFEdA55lrTnY=
-3,-9,l30Pn3Oft6YrO9MZH5sFHcLmjSw=,t7UC99Ab3jbhao3yFEdA55lrTnY=
-4,-9,l30Pn3Oft6YrO9MZH5sFHcLmjSw=,t7UC99Ab3jbhao3yFEdA55lrTnY=
-3,-11,l30Pn3Oft6YrO9MZH5sFHcLmjSw=,t7UC99Ab3jbhao3yFEdA55lrTnY=
-3,-8,l30Pn3Oft6YrO9MZH5sFHcLmjSw=,PnWDOi6J3AxYiH/x/3ncTtFNANE=
-5,-11,l30Pn3Oft6YrO9MZH5sFHcLmjSw=,Xil4sKETD9IY81s8PPgXSCJNo4s=
-4,-11,l30Pn3Oft6YrO9MZH5sFHcLmjSw=,t7UC99Ab3jbhao3yFEdA55lrTnY=
-2,-10,l30Pn3Oft6YrO9MZH5sFHcLmjSw=,t7UC99Ab3jbhao3yFEdA55lrTnY=
-4,-10,l30Pn3Oft6YrO9MZH5sFHcLmjSw=,t7UC99Ab3jbhao3yFEdA55lrTnY=
-3,-10,l30Pn3Oft6YrO9MZH5sFHcLmjSw=,t7UC99Ab3jbhao3yFEdA55lrTnY=
-2,-11,l30Pn3Oft6YrO9MZH5sFHcLmjSw=,t7UC99Ab3jbhao3yFEdA55lrTnY=
-5,-10,l30Pn3Oft6YrO9MZH5sFHcLmjSw=,Xil4sKETD9IY81s8PPgXSCJNo4s=
-4,-8,l30Pn3Oft6YrO9MZH5sFHcLmjSw=,PnWDOi6J3AxYiH/x/3ncTtFNANE=
-2,-8,l30Pn3Oft6YrO9MZH5sFHcLmjSw=,PnWDOi6J3AxYiH/x/3ncTtFNANE=
-5,-8,l30Pn3Oft6YrO9MZH5sFHcLmjSw=,IfPiIISYvZ8rTIpB0T48q7VjcwM=
-5,-9,l30Pn3Oft6YrO9MZH5sFHcLmjSw=,Xil4sKETD9IY81s8PPgXSCJNo4s=
-8,-11,Mj1Ur9BX3eXQTYHOsWzaKWD4p2U=,Xil4sKETD9IY81s8PPgXSCJNo4s=
-8,-9,Mj1Ur9BX3eXQTYHOsWzaKWD4p2U=,Xil4sKETD9IY81s8PPgXSCJNo4s=
-9,-9,Mj1Ur9BX3eXQTYHOsWzaKWD4p2U=,/tn50MCBpXVSQWaVlkpcqUT2mD8=
-10,-8,Mj1Ur9BX3eXQTYHOsWzaKWD4p2U=,tOX65niiECh2iGJUzUn+2jgGA1A=
-11,-8,Mj1Ur9BX3eXQTYHOsWzaKWD4p2U=,tOX65niiECh2iGJUzUn+2jgGA1A=
-10,-9,Mj1Ur9BX3eXQTYHOsWzaKWD4p2U=,/tn50MCBpXVSQWaVlkpcqUT2mD8=
-9,-8,Mj1Ur9BX3eXQTYHOsWzaKWD4p2U=,tOX65niiECh2iGJUzUn+2jgGA1A=
-11,-9,Mj1Ur9BX3eXQTYHOsWzaKWD4p2U=,/tn50MCBpXVSQWaVlkpcqUT2mD8=
-9,-10,Mj1Ur9BX3eXQTYHOsWzaKWD4p2U=,/tn50MCBpXVSQWaVlkpcqUT2mD8=
-10,-10,Mj1Ur9BX3eXQTYHOsWzaKWD4p2U=,/tn50MCBpXVSQWaVlkpcqUT2mD8=
-11,-10,Mj1Ur9BX3eXQTYHOsWzaKWD4p2U=,/tn50MCBpXVSQWaVlkpcqUT2mD8=
-8,-10,Mj1Ur9BX3eXQTYHOsWzaKWD4p2U=,Xil4sKETD9IY81s8PPgXSCJNo4s=
-8,-8,Mj1Ur9BX3eXQTYHOsWzaKWD4p2U=,IfPiIISYvZ8rTIpB0T48q7VjcwM=
-9,-11,Mj1Ur9BX3eXQTYHOsWzaKWD4p2U=,/tn50MCBpXVSQWaVlkpcqUT2mD8=
-10,-11,Mj1Ur9BX3eXQTYHOsWzaKWD4p2U=,/tn50MCBpXVSQWaVlkpcqUT2mD8=
-11,-11,Mj1Ur9BX3eXQTYHOsWzaKWD4p2U=,/tn50MCBpXVSQWaVlkpcqUT2mD8=
-10,-12,Mj1Ur9BX3eXQTYHOsWzaKWD4p2U=,/tn50MCBpXVSQWaVlkpcqUT2mD8=
-11,-15,Mj1Ur9BX3eXQTYHOsWzaKWD4p2U=,v7jM7RHAafd6utjcPxZiOBwNUAY=
-11,-13,Mj1Ur9BX3eXQTYHOsWzaKWD4p2U=,v7jM7RHAafd6utjcPxZiOBwNUAY=
-11,-14,Mj1Ur9BX3eXQTYHOsWzaKWD4p2U=,v7jM7RHAafd6utjcPxZiOBwNUAY=
-10,-13,Mj1Ur9BX3eXQTYHOsWzaKWD4p2U=,v7jM7RHAafd6utjcPxZiOBwNUAY=
-10,-14,Mj1Ur9BX3eXQTYHOsWzaKWD4p2U=,v7jM7RHAafd6utjcPxZiOBwNUAY=
-11,-12,Mj1Ur9BX3eXQTYHOsWzaKWD4p2U=,/tn50MCBpXVSQWaVlkpcqUT2mD8=
-10,-15,Mj1Ur9BX3eXQTYHOsWzaKWD4p2U=,v7jM7RHAafd6utjcPxZiOBwNUAY=
-9,-13,Mj1Ur9BX3eXQTYHOsWzaKWD4p2U=,v7jM7RHAafd6utjcPxZiOBwNUAY=
-9,-12,Mj1Ur9BX3eXQTYHOsWzaKWD4p2U=,/tn50MCBpXVSQWaVlkpcqUT2mD8=
-8,-13,Mj1Ur9BX3eXQTYHOsWzaKWD4p2U=,WGA2o+U1EMfK/YcsYyyB1AEzpzE=
-7,-12,Mj1Ur9BX3eXQTYHOsWzaKWD4p2U=,Xil4sKETD9IY81s8PPgXSCJNo4s=
-6,-12,Mj1Ur9BX3eXQTYHOsWzaKWD4p2U=,Xil4sKETD9IY81s8PPgXSCJNo4s=
-8,-12,Mj1Ur9BX3eXQTYHOsWzaKWD4p2U=,Xil4sKETD9IY81s8PPgXSCJNo4s=
-6,-14,Mj1Ur9BX3eXQTYHOsWzaKWD4p2U=,WGA2o+U1EMfK/YcsYyyB1AEzpzE=
-9,-15,Mj1Ur9BX3eXQTYHOsWzaKWD4p2U=,v7jM7RHAafd6utjcPxZiOBwNUAY=
-7,-14,Mj1Ur9BX3eXQTYHOsWzaKWD4p2U=,WGA2o+U1EMfK/YcsYyyB1AEzpzE=
-9,-14,Mj1Ur9BX3eXQTYHOsWzaKWD4p2U=,v7jM7RHAafd6utjcPxZiOBwNUAY=
-8,-14,Mj1Ur9BX3eXQTYHOsWzaKWD4p2U=,WGA2o+U1EMfK/YcsYyyB1AEzpzE=
-7,-13,Mj1Ur9BX3eXQTYHOsWzaKWD4p2U=,WGA2o+U1EMfK/YcsYyyB1AEzpzE=
-7,-15,Mj1Ur9BX3eXQTYHOsWzaKWD4p2U=,WGA2o+U1EMfK/YcsYyyB1AEzpzE=
-6,-15,Mj1Ur9BX3eXQTYHOsWzaKWD4p2U=,WGA2o+U1EMfK/YcsYyyB1AEzpzE=
-8,-15,Mj1Ur9BX3eXQTYHOsWzaKWD4p2U=,WGA2o+U1EMfK/YcsYyyB1AEzpzE=
-6,-13,Mj1Ur9BX3eXQTYHOsWzaKWD4p2U=,WGA2o+U1EMfK/YcsYyyB1AEzpzE=
-2,-14,Mj1Ur9BX3eXQTYHOsWzaKWD4p2U=,i7BQRGzAYuqo240qdwHh0ilsovs=
-3,-14,Mj1Ur9BX3eXQTYHOsWzaKWD4p2U=,i7BQRGzAYuqo240qdwHh0ilsovs=
-4,-14,Mj1Ur9BX3eXQTYHOsWzaKWD4p2U=,i7BQRGzAYuqo240qdwHh0ilsovs=
-5,-12,Mj1Ur9BX3eXQTYHOsWzaKWD4p2U=,Xil4sKETD9IY81s8PPgXSCJNo4s=
-5,-14,Mj1Ur9BX3eXQTYHOsWzaKWD4p2U=,WGA2o+U1EMfK/YcsYyyB1AEzpzE=
-2,-12,Mj1Ur9BX3eXQTYHOsWzaKWD4p2U=,t7UC99Ab3jbhao3yFEdA55lrTnY=
-5,-13,Mj1Ur9BX3eXQTYHOsWzaKWD4p2U=,WGA2o+U1EMfK/YcsYyyB1AEzpzE=
-3,-12,Mj1Ur9BX3eXQTYHOsWzaKWD4p2U=,t7UC99Ab3jbhao3yFEdA55lrTnY=
-2,-15,Mj1Ur9BX3eXQTYHOsWzaKWD4p2U=,i7BQRGzAYuqo240qdwHh0ilsovs=
-3,-15,Mj1Ur9BX3eXQTYHOsWzaKWD4p2U=,i7BQRGzAYuqo240qdwHh0ilsovs=
-4,-15,Mj1Ur9BX3eXQTYHOsWzaKWD4p2U=,i7BQRGzAYuqo240qdwHh0ilsovs=
-5,-15,Mj1Ur9BX3eXQTYHOsWzaKWD4p2U=,WGA2o+U1EMfK/YcsYyyB1AEzpzE=
-2,-13,Mj1Ur9BX3eXQTYHOsWzaKWD4p2U=,i7BQRGzAYuqo240qdwHh0ilsovs=
-4,-12,Mj1Ur9BX3eXQTYHOsWzaKWD4p2U=,t7UC99Ab3jbhao3yFEdA55lrTnY=
-4,-13,Mj1Ur9BX3eXQTYHOsWzaKWD4p2U=,i7BQRGzAYuqo240qdwHh0ilsovs=
-3,-13,Mj1Ur9BX3eXQTYHOsWzaKWD4p2U=,i7BQRGzAYuqo240qdwHh0ilsovs=
-12,-15,Mj1Ur9BX3eXQTYHOsWzaKWD4p2U=,v7jM7RHAafd6utjcPxZiOBwNUAY=
-14,-14,Mj1Ur9BX3eXQTYHOsWzaKWD4p2U=,RVut5eqmLz5Ee2bAyyUYn8ce7mc=
-13,-15,Mj1Ur9BX3eXQTYHOsWzaKWD4p2U=,RVut5eqmLz5Ee2bAyyUYn8ce7mc=
-13,-14,Mj1Ur9BX3eXQTYHOsWzaKWD4p2U=,RVut5eqmLz5Ee2bAyyUYn8ce7mc=
-15,-14,Mj1Ur9BX3eXQTYHOsWzaKWD4p2U=,RVut5eqmLz5Ee2bAyyUYn8ce7mc=
-14,-15,Mj1Ur9BX3eXQTYHOsWzaKWD4p2U=,RVut5eqmLz5Ee2bAyyUYn8ce7mc=
-12,-14,Mj1Ur9BX3eXQTYHOsWzaKWD4p2U=,v7jM7RHAafd6utjcPxZiOBwNUAY=
-15,-15,Mj1Ur9BX3eXQTYHOsWzaKWD4p2U=,RVut5eqmLz5Ee2bAyyUYn8ce7mc=
-12,-12,Mj1Ur9BX3eXQTYHOsWzaKWD4p2U=,/tn50MCBpXVSQWaVlkpcqUT2mD8=
-13,-12,Mj1Ur9BX3eXQTYHOsWzaKWD4p2U=,Uv32Ox+F7FfMdKGjbLg4dq8tlPw=
-14,-12,Mj1Ur9BX3eXQTYHOsWzaKWD4p2U=,Uv32Ox+F7FfMdKGjbLg4dq8tlPw=
-15,-12,Mj1Ur9BX3eXQTYHOsWzaKWD4p2U=,Uv32Ox+F7FfMdKGjbLg4dq8tlPw=
-13,-10,Mj1Ur9BX3eXQTYHOsWzaKWD4p2U=,Uv32Ox+F7FfMdKGjbLg4dq8tlPw=
-14,-10,Mj1Ur9BX3eXQTYHOsWzaKWD4p2U=,Uv32Ox+F7FfMdKGjbLg4dq8tlPw=
-12,-11,Mj1Ur9BX3eXQTYHOsWzaKWD4p2U=,/tn50MCBpXVSQWaVlkpcqUT2mD8=
-15,-13,Mj1Ur9BX3eXQTYHOsWzaKWD4p2U=,RVut5eqmLz5Ee2bAyyUYn8ce7mc=
-13,-13,Mj1Ur9BX3eXQTYHOsWzaKWD4p2U=,RVut5eqmLz5Ee2bAyyUYn8ce7mc=
-14,-13,Mj1Ur9BX3eXQTYHOsWzaKWD4p2U=,RVut5eqmLz5Ee2bAyyUYn8ce7mc=
-15,-10,Mj1Ur9BX3eXQTYHOsWzaKWD4p2U=,Uv32Ox+F7FfMdKGjbLg4dq8tlPw=
-13,-11,Mj1Ur9BX3eXQTYHOsWzaKWD4p2U=,Uv32Ox+F7FfMdKGjbLg4dq8tlPw=
-16,-11,Mj1Ur9BX3eXQTYHOsWzaKWD4p2U=,Uv32Ox+F7FfMdKGjbLg4dq8tlPw=
-12,-13,Mj1Ur9BX3eXQTYHOsWzaKWD4p2U=,v7jM7RHAafd6utjcPxZiOBwNUAY=
-16,-10,Mj1Ur9BX3eXQTYHOsWzaKWD4p2U=,Uv32Ox+F7FfMdKGjbLg4dq8tlPw=
-12,-10,Mj1Ur9BX3eXQTYHOsWzaKWD4p2U=,/tn50MCBpXVSQWaVlkpcqUT2mD8=
-14,-11,Mj1Ur9BX3eXQTYHOsWzaKWD4p2U=,Uv32Ox+F7FfMdKGjbLg4dq8tlPw=
-15,-11,Mj1Ur9BX3eXQTYHOsWzaKWD4p2U=,Uv32Ox+F7FfMdKGjbLg4dq8tlPw=
-11,-1,Mj1Ur9BX3eXQTYHOsWzaKWD4p2U=,YD1qbys4fxPHC4Lp0pnVWVLnZOw=
-10,-1,Mj1Ur9BX3eXQTYHOsWzaKWD4p2U=,YD1qbys4fxPHC4Lp0pnVWVLnZOw=
-9,-1,Mj1Ur9BX3eXQTYHOsWzaKWD4p2U=,YD1qbys4fxPHC4Lp0pnVWVLnZOw=
-6,-1,Mj1Ur9BX3eXQTYHOsWzaKWD4p2U=,VU2qZtR/0SwVIFzZtigl/wd1elM=
-8,-1,Mj1Ur9BX3eXQTYHOsWzaKWD4p2U=,VU2qZtR/0SwVIFzZtigl/wd1elM=
-7,-1,Mj1Ur9BX3eXQTYHOsWzaKWD4p2U=,VU2qZtR/0SwVIFzZtigl/wd1elM=
-2,-1,Mj1Ur9BX3eXQTYHOsWzaKWD4p2U=,KkhvbtmAxjSTctkF16QJP/TQyqE=
-5,-1,Mj1Ur9BX3eXQTYHOsWzaKWD4p2U=,VU2qZtR/0SwVIFzZtigl/wd1elM=
-4,-1,Mj1Ur9BX3eXQTYHOsWzaKWD4p2U=,KkhvbtmAxjSTctkF16QJP/TQyqE=
-1,-2,Mj1Ur9BX3eXQTYHOsWzaKWD4p2U=,KkhvbtmAxjSTctkF16QJP/TQyqE=
-1,-3,Mj1Ur9BX3eXQTYHOsWzaKWD4p2U=,KkhvbtmAxjSTctkF16QJP/TQyqE=
-3,-1,Mj1Ur9BX3eXQTYHOsWzaKWD4p2U=,KkhvbtmAxjSTctkF16QJP/TQyqE=
-1,-7,Mj1Ur9BX3eXQTYHOsWzaKWD4p2U=,PnWDOi6J3AxYiH/x/3ncTtFNANE=
-1,-4,Mj1Ur9BX3eXQTYHOsWzaKWD4p2U=,KkhvbtmAxjSTctkF16QJP/TQyqE=
-1,-6,Mj1Ur9BX3eXQTYHOsWzaKWD4p2U=,PnWDOi6J3AxYiH/x/3ncTtFNANE=
-1,-5,Mj1Ur9BX3eXQTYHOsWzaKWD4p2U=,PnWDOi6J3AxYiH/x/3ncTtFNANE=
-1,-9,Mj1Ur9BX3eXQTYHOsWzaKWD4p2U=,t7UC99Ab3jbhao3yFEdA55lrTnY=
-1,-8,Mj1Ur9BX3eXQTYHOsWzaKWD4p2U=,PnWDOi6J3AxYiH/x/3ncTtFNANE=
-1,-10,Mj1Ur9BX3eXQTYHOsWzaKWD4p2U=,t7UC99Ab3jbhao3yFEdA55lrTnY=
-1,-11,Mj1Ur9BX3eXQTYHOsWzaKWD4p2U=,t7UC99Ab3jbhao3yFEdA55lrTnY=
-1,-14,Mj1Ur9BX3eXQTYHOsWzaKWD4p2U=,i7BQRGzAYuqo240qdwHh0ilsovs=
-1,-12,Mj1Ur9BX3eXQTYHOsWzaKWD4p2U=,t7UC99Ab3jbhao3yFEdA55lrTnY=
-1,-15,Mj1Ur9BX3eXQTYHOsWzaKWD4p2U=,i7BQRGzAYuqo240qdwHh0ilsovs=
-1,-13,Mj1Ur9BX3eXQTYHOsWzaKWD4p2U=,i7BQRGzAYuqo240qdwHh0ilsovs=
-3,-16,Mj1Ur9BX3eXQTYHOsWzaKWD4p2U=,i7BQRGzAYuqo240qdwHh0ilsovs=
-2,-16,Mj1Ur9BX3eXQTYHOsWzaKWD4p2U=,i7BQRGzAYuqo240qdwHh0ilsovs=
-7,-16,Mj1Ur9BX3eXQTYHOsWzaKWD4p2U=,WGA2o+U1EMfK/YcsYyyB1AEzpzE=
-4,-16,Mj1Ur9BX3eXQTYHOsWzaKWD4p2U=,i7BQRGzAYuqo240qdwHh0ilsovs=
-6,-16,Mj1Ur9BX3eXQTYHOsWzaKWD4p2U=,WGA2o+U1EMfK/YcsYyyB1AEzpzE=
-5,-16,Mj1Ur9BX3eXQTYHOsWzaKWD4p2U=,WGA2o+U1EMfK/YcsYyyB1AEzpzE=
-9,-16,Mj1Ur9BX3eXQTYHOsWzaKWD4p2U=,v7jM7RHAafd6utjcPxZiOBwNUAY=
-12,-16,Mj1Ur9BX3eXQTYHOsWzaKWD4p2U=,v7jM7RHAafd6utjcPxZiOBwNUAY=
-8,-16,Mj1Ur9BX3eXQTYHOsWzaKWD4p2U=,WGA2o+U1EMfK/YcsYyyB1AEzpzE=
-10,-16,Mj1Ur9BX3eXQTYHOsWzaKWD4p2U=,v7jM7RHAafd6utjcPxZiOBwNUAY=
-11,-16,Mj1Ur9BX3eXQTYHOsWzaKWD4p2U=,v7jM7RHAafd6utjcPxZiOBwNUAY=
-13,-16,nO9+d8DecKzK/5Vz7kxH4oyHHB4=,RVut5eqmLz5Ee2bAyyUYn8ce7mc=
-14,-16,nO9+d8DecKzK/5Vz7kxH4oyHHB4=,RVut5eqmLz5Ee2bAyyUYn8ce7mc=
-15,-16,nO9+d8DecKzK/5Vz7kxH4oyHHB4=,RVut5eqmLz5Ee2bAyyUYn8ce7mc=
-16,-15,nO9+d8DecKzK/5Vz7kxH4oyHHB4=,RVut5eqmLz5Ee2bAyyUYn8ce7mc=
-1,-1,nO9+d8DecKzK/5Vz7kxH4oyHHB4=,KkhvbtmAxjSTctkF16QJP/TQyqE=
-16,-13,nO9+d8DecKzK/5Vz7kxH4oyHHB4=,RVut5eqmLz5Ee2bAyyUYn8ce7mc=
-1,-16,nO9+d8DecKzK/5Vz7kxH4oyHHB4=,i7BQRGzAYuqo240qdwHh0ilsovs=
-16,-12,nO9+d8DecKzK/5Vz7kxH4oyHHB4=,Uv32Ox+F7FfMdKGjbLg4dq8tlPw=
-16,-16,nO9+d8DecKzK/5Vz7kxH4oyHHB4=,RVut5eqmLz5Ee2bAyyUYn8ce7mc=
-16,-14,nO9+d8DecKzK/5Vz7kxH4oyHHB4=,RVut5eqmLz5Ee2bAyyUYn8ce7mc=
-16,-9,nO9+d8DecKzK/5Vz7kxH4oyHHB4=,Uv32Ox+F7FfMdKGjbLg4dq8tlPw=
-13,-6,nO9+d8DecKzK/5Vz7kxH4oyHHB4=,iud0BaLmnC2IPs7Xe9ds5J+MNAU=
-14,-6,nO9+d8DecKzK/5Vz7kxH4oyHHB4=,iud0BaLmnC2IPs7Xe9ds5J+MNAU=
-12,-6,nO9+d8DecKzK/5Vz7kxH4oyHHB4=,tOX65niiECh2iGJUzUn+2jgGA1A=
-12,-8,nO9+d8DecKzK/5Vz7kxH4oyHHB4=,tOX65niiECh2iGJUzUn+2jgGA1A=
-15,-6,nO9+d8DecKzK/5Vz7kxH4oyHHB4=,iud0BaLmnC2IPs7Xe9ds5J+MNAU=
-14,-7,nO9+d8DecKzK/5Vz7kxH4oyHHB4=,iud0BaLmnC2IPs7Xe9ds5J+MNAU=
-12,-7,nO9+d8DecKzK/5Vz7kxH4oyHHB4=,tOX65niiECh2iGJUzUn+2jgGA1A=
-12,-9,nO9+d8DecKzK/5Vz7kxH4oyHHB4=,/tn50MCBpXVSQWaVlkpcqUT2mD8=
-15,-7,nO9+d8DecKzK/5Vz7kxH4oyHHB4=,iud0BaLmnC2IPs7Xe9ds5J+MNAU=
-16,-6,nO9+d8DecKzK/5Vz7kxH4oyHHB4=,iud0BaLmnC2IPs7Xe9ds5J+MNAU=
-13,-7,nO9+d8DecKzK/5Vz7kxH4oyHHB4=,iud0BaLmnC2IPs7Xe9ds5J+MNAU=
-15,-8,nO9+d8DecKzK/5Vz7kxH4oyHHB4=,iud0BaLmnC2IPs7Xe9ds5J+MNAU=
-16,-7,nO9+d8DecKzK/5Vz7kxH4oyHHB4=,iud0BaLmnC2IPs7Xe9ds5J+MNAU=
-13,-8,nO9+d8DecKzK/5Vz7kxH4oyHHB4=,iud0BaLmnC2IPs7Xe9ds5J+MNAU=
-16,-8,nO9+d8DecKzK/5Vz7kxH4oyHHB4=,iud0BaLmnC2IPs7Xe9ds5J+MNAU=
-14,-8,nO9+d8DecKzK/5Vz7kxH4oyHHB4=,iud0BaLmnC2IPs7Xe9ds5J+MNAU=
-13,-9,nO9+d8DecKzK/5Vz7kxH4oyHHB4=,Uv32Ox+F7FfMdKGjbLg4dq8tlPw=
-14,-9,nO9+d8DecKzK/5Vz7kxH4oyHHB4=,Uv32Ox+F7FfMdKGjbLg4dq8tlPw=
-15,-9,nO9+d8DecKzK/5Vz7kxH4oyHHB4=,Uv32Ox+F7FfMdKGjbLg4dq8tlPw=
-13,-1,nO9+d8DecKzK/5Vz7kxH4oyHHB4=,y9jakoRZVKo8fT3FskHFXGAOStY=
-13,-2,nO9+d8DecKzK/5Vz7kxH4oyHHB4=,y9jakoRZVKo8fT3FskHFXGAOStY=
-13,-4,nO9+d8DecKzK/5Vz7kxH4oyHHB4=,y9jakoRZVKo8fT3FskHFXGAOStY=
-12,-4,nO9+d8DecKzK/5Vz7kxH4oyHHB4=,YD1qbys4fxPHC4Lp0pnVWVLnZOw=
-12,-3,nO9+d8DecKzK/5Vz7kxH4oyHHB4=,YD1qbys4fxPHC4Lp0pnVWVLnZOw=
-12,-1,nO9+d8DecKzK/5Vz7kxH4oyHHB4=,YD1qbys4fxPHC4Lp0pnVWVLnZOw=
-16,-2,nO9+d8DecKzK/5Vz7kxH4oyHHB4=,y9jakoRZVKo8fT3FskHFXGAOStY=
-15,-4,nO9+d8DecKzK/5Vz7kxH4oyHHB4=,y9jakoRZVKo8fT3FskHFXGAOStY=
-16,-4,nO9+d8DecKzK/5Vz7kxH4oyHHB4=,y9jakoRZVKo8fT3FskHFXGAOStY=
-14,-2,nO9+d8DecKzK/5Vz7kxH4oyHHB4=,y9jakoRZVKo8fT3FskHFXGAOStY=
-16,-5,nO9+d8DecKzK/5Vz7kxH4oyHHB4=,iud0BaLmnC2IPs7Xe9ds5J+MNAU=
-15,-2,nO9+d8DecKzK/5Vz7kxH4oyHHB4=,y9jakoRZVKo8fT3FskHFXGAOStY=
-14,-4,nO9+d8DecKzK/5Vz7kxH4oyHHB4=,y9jakoRZVKo8fT3FskHFXGAOStY=
-13,-3,nO9+d8DecKzK/5Vz7kxH4oyHHB4=,y9jakoRZVKo8fT3FskHFXGAOStY=
-14,-1,nO9+d8DecKzK/5Vz7kxH4oyHHB4=,y9jakoRZVKo8fT3FskHFXGAOStY=
-15,-3,nO9+d8DecKzK/5Vz7kxH4oyHHB4=,y9jakoRZVKo8fT3FskHFXGAOStY=
-14,-3,nO9+d8DecKzK/5Vz7kxH4oyHHB4=,y9jakoRZVKo8fT3FskHFXGAOStY=
-15,-1,nO9+d8DecKzK/5Vz7kxH4oyHHB4=,y9jakoRZVKo8fT3FskHFXGAOStY=
-12,-5,nO9+d8DecKzK/5Vz7kxH4oyHHB4=,tOX65niiECh2iGJUzUn+2jgGA1A=
-13,-5,nO9+d8DecKzK/5Vz7kxH4oyHHB4=,iud0BaLmnC2IPs7Xe9ds5J+MNAU=
-16,-1,nO9+d8DecKzK/5Vz7kxH4oyHHB4=,y9jakoRZVKo8fT3FskHFXGAOStY=
-16,-3,nO9+d8DecKzK/5Vz7kxH4oyHHB4=,y9jakoRZVKo8fT3FskHFXGAOStY=
-14,-5,nO9+d8DecKzK/5Vz7kxH4oyHHB4=,iud0BaLmnC2IPs7Xe9ds5J+MNAU=
-12,-2,nO9+d8DecKzK/5Vz7kxH4oyHHB4=,YD1qbys4fxPHC4Lp0pnVWVLnZOw=
-15,-5,nO9+d8DecKzK/5Vz7kxH4oyHHB4=,iud0BaLmnC2IPs7Xe9ds5J+MNAU=
-14,-23,nO9+d8DecKzK/5Vz7kxH4oyHHB4=,RRDcSKoyTBbSMwIeiTR1JiWawlI=
-15,-23,nO9+d8DecKzK/5Vz7kxH4oyHHB4=,RRDcSKoyTBbSMwIeiTR1JiWawlI=
-15,-22,nO9+d8DecKzK/5Vz7kxH4oyHHB4=,RRDcSKoyTBbSMwIeiTR1JiWawlI=
-14,-22,nO9+d8DecKzK/5Vz7kxH4oyHHB4=,RRDcSKoyTBbSMwIeiTR1JiWawlI=
-12,-22,nO9+d8DecKzK/5Vz7kxH4oyHHB4=,W0q+hUZlDNQsXjqg7/qPyqAe8hs=
-12,-23,nO9+d8DecKzK/5Vz7kxH4oyHHB4=,W0q+hUZlDNQsXjqg7/qPyqAe8hs=
-11,-22,nO9+d8DecKzK/5Vz7kxH4oyHHB4=,W0q+hUZlDNQsXjqg7/qPyqAe8hs=
-13,-23,nO9+d8DecKzK/5Vz7kxH4oyHHB4=,RRDcSKoyTBbSMwIeiTR1JiWawlI=
-13,-22,nO9+d8DecKzK/5Vz7kxH4oyHHB4=,RRDcSKoyTBbSMwIeiTR1JiWawlI=
-10,-23,nO9+d8DecKzK/5Vz7kxH4oyHHB4=,W0q+hUZlDNQsXjqg7/qPyqAe8hs=
-11,-23,nO9+d8DecKzK/5Vz7kxH4oyHHB4=,W0q+hUZlDNQsXjqg7/qPyqAe8hs=
-10,-22,nO9+d8DecKzK/5Vz7kxH4oyHHB4=,W0q+hUZlDNQsXjqg7/qPyqAe8hs=
-15,-19,nO9+d8DecKzK/5Vz7kxH4oyHHB4=,62+X3eA8Qa5DcJy2ne02SP7zKwg=
-14,-20,nO9+d8DecKzK/5Vz7kxH4oyHHB4=,62+X3eA8Qa5DcJy2ne02SP7zKwg=
-15,-20,nO9+d8DecKzK/5Vz7kxH4oyHHB4=,62+X3eA8Qa5DcJy2ne02SP7zKwg=
-15,-18,nO9+d8DecKzK/5Vz7kxH4oyHHB4=,62+X3eA8Qa5DcJy2ne02SP7zKwg=
-14,-21,nO9+d8DecKzK/5Vz7kxH4oyHHB4=,RRDcSKoyTBbSMwIeiTR1JiWawlI=
-14,-18,nO9+d8DecKzK/5Vz7kxH4oyHHB4=,62+X3eA8Qa5DcJy2ne02SP7zKwg=
-15,-21,nO9+d8DecKzK/5Vz7kxH4oyHHB4=,RRDcSKoyTBbSMwIeiTR1JiWawlI=
-14,-19,nO9+d8DecKzK/5Vz7kxH4oyHHB4=,62+X3eA8Qa5DcJy2ne02SP7zKwg=
-13,-20,nO9+d8DecKzK/5Vz7kxH4oyHHB4=,62+X3eA8Qa5DcJy2ne02SP7zKwg=
-10,-18,nO9+d8DecKzK/5Vz7kxH4oyHHB4=,QVmG0tgyFURrKmaX0dqd2lKNlIw=
-12,-21,nO9+d8DecKzK/5Vz7kxH4oyHHB4=,W0q+hUZlDNQsXjqg7/qPyqAe8hs=
-12,-18,nO9+d8DecKzK/5Vz7kxH4oyHHB4=,QVmG0tgyFURrKmaX0dqd2lKNlIw=
-13,-21,nO9+d8DecKzK/5Vz7kxH4oyHHB4=,RRDcSKoyTBbSMwIeiTR1JiWawlI=
-13,-18,nO9+d8DecKzK/5Vz7kxH4oyHHB4=,62+X3eA8Qa5DcJy2ne02SP7zKwg=
-11,-18,nO9+d8DecKzK/5Vz7kxH4oyHHB4=,QVmG0tgyFURrKmaX0dqd2lKNlIw=
-11,-21,nO9+d8DecKzK/5Vz7kxH4oyHHB4=,W0q+hUZlDNQsXjqg7/qPyqAe8hs=
-13,-19,nO9+d8DecKzK/5Vz7kxH4oyHHB4=,62+X3eA8Qa5DcJy2ne02SP7zKwg=
-10,-19,nO9+d8DecKzK/5Vz7kxH4oyHHB4=,QVmG0tgyFURrKmaX0dqd2lKNlIw=
-10,-20,nO9+d8DecKzK/5Vz7kxH4oyHHB4=,QVmG0tgyFURrKmaX0dqd2lKNlIw=
-11,-19,nO9+d8DecKzK/5Vz7kxH4oyHHB4=,QVmG0tgyFURrKmaX0dqd2lKNlIw=
-12,-19,nO9+d8DecKzK/5Vz7kxH4oyHHB4=,QVmG0tgyFURrKmaX0dqd2lKNlIw=
-12,-20,nO9+d8DecKzK/5Vz7kxH4oyHHB4=,QVmG0tgyFURrKmaX0dqd2lKNlIw=
-10,-21,nO9+d8DecKzK/5Vz7kxH4oyHHB4=,W0q+hUZlDNQsXjqg7/qPyqAe8hs=
-11,-20,nO9+d8DecKzK/5Vz7kxH4oyHHB4=,QVmG0tgyFURrKmaX0dqd2lKNlIw=
-11,-27,nO9+d8DecKzK/5Vz7kxH4oyHHB4=,n59cNdoSxL0TEzRC85pLblZR9LQ=
-10,-25,nO9+d8DecKzK/5Vz7kxH4oyHHB4=,n59cNdoSxL0TEzRC85pLblZR9LQ=
-11,-26,nO9+d8DecKzK/5Vz7kxH4oyHHB4=,n59cNdoSxL0TEzRC85pLblZR9LQ=
-11,-25,nO9+d8DecKzK/5Vz7kxH4oyHHB4=,n59cNdoSxL0TEzRC85pLblZR9LQ=
-11,-24,nO9+d8DecKzK/5Vz7kxH4oyHHB4=,W0q+hUZlDNQsXjqg7/qPyqAe8hs=
-10,-27,nO9+d8DecKzK/5Vz7kxH4oyHHB4=,n59cNdoSxL0TEzRC85pLblZR9LQ=
-10,-26,nO9+d8DecKzK/5Vz7kxH4oyHHB4=,n59cNdoSxL0TEzRC85pLblZR9LQ=
-10,-24,nO9+d8DecKzK/5Vz7kxH4oyHHB4=,W0q+hUZlDNQsXjqg7/qPyqAe8hs=
-12,-27,nO9+d8DecKzK/5Vz7kxH4oyHHB4=,n59cNdoSxL0TEzRC85pLblZR9LQ=
-13,-27,nO9+d8DecKzK/5Vz7kxH4oyHHB4=,4n3JtfxnRdBGFEYi/xSjFp0S5tQ=
-13,-26,nO9+d8DecKzK/5Vz7kxH4oyHHB4=,4n3JtfxnRdBGFEYi/xSjFp0S5tQ=
-14,-26,nO9+d8DecKzK/5Vz7kxH4oyHHB4=,4n3JtfxnRdBGFEYi/xSjFp0S5tQ=
-15,-26,nO9+d8DecKzK/5Vz7kxH4oyHHB4=,4n3JtfxnRdBGFEYi/xSjFp0S5tQ=
-12,-24,nO9+d8DecKzK/5Vz7kxH4oyHHB4=,W0q+hUZlDNQsXjqg7/qPyqAe8hs=
-14,-27,nO9+d8DecKzK/5Vz7kxH4oyHHB4=,4n3JtfxnRdBGFEYi/xSjFp0S5tQ=
-13,-24,nO9+d8DecKzK/5Vz7kxH4oyHHB4=,RRDcSKoyTBbSMwIeiTR1JiWawlI=
-15,-24,nO9+d8DecKzK/5Vz7kxH4oyHHB4=,RRDcSKoyTBbSMwIeiTR1JiWawlI=
-12,-25,nO9+d8DecKzK/5Vz7kxH4oyHHB4=,n59cNdoSxL0TEzRC85pLblZR9LQ=
-12,-26,nO9+d8DecKzK/5Vz7kxH4oyHHB4=,n59cNdoSxL0TEzRC85pLblZR9LQ=
-14,-24,nO9+d8DecKzK/5Vz7kxH4oyHHB4=,RRDcSKoyTBbSMwIeiTR1JiWawlI=
-15,-27,nO9+d8DecKzK/5Vz7kxH4oyHHB4=,4n3JtfxnRdBGFEYi/xSjFp0S5tQ=
-13,-25,nO9+d8DecKzK/5Vz7kxH4oyHHB4=,4n3JtfxnRdBGFEYi/xSjFp0S5tQ=
-14,-25,nO9+d8DecKzK/5Vz7kxH4oyHHB4=,4n3JtfxnRdBGFEYi/xSjFp0S5tQ=
-15,-25,nO9+d8DecKzK/5Vz7kxH4oyHHB4=,4n3JtfxnRdBGFEYi/xSjFp0S5tQ=
-10,-28,nO9+d8DecKzK/5Vz7kxH4oyHHB4=,n59cNdoSxL0TEzRC85pLblZR9LQ=
-11,-30,nO9+d8DecKzK/5Vz7kxH4oyHHB4=,ZG5tbAFouic8lq68BJmmFXxWAV0=
-11,-31,nO9+d8DecKzK/5Vz7kxH4oyHHB4=,ZG5tbAFouic8lq68BJmmFXxWAV0=
-11,-28,nO9+d8DecKzK/5Vz7kxH4oyHHB4=,n59cNdoSxL0TEzRC85pLblZR9LQ=
-10,-30,nO9+d8DecKzK/5Vz7kxH4oyHHB4=,ZG5tbAFouic8lq68BJmmFXxWAV0=
-10,-31,nO9+d8DecKzK/5Vz7kxH4oyHHB4=,ZG5tbAFouic8lq68BJmmFXxWAV0=
-10,-29,nO9+d8DecKzK/5Vz7kxH4oyHHB4=,ZG5tbAFouic8lq68BJmmFXxWAV0=
-11,-29,nO9+d8DecKzK/5Vz7kxH4oyHHB4=,ZG5tbAFouic8lq68BJmmFXxWAV0=
-12,-28,E3HZqfIcjDj5p51DbaxcOCJOdo0=,n59cNdoSxL0TEzRC85pLblZR9LQ=
-14,-28,E3HZqfIcjDj5p51DbaxcOCJOdo0=,4n3JtfxnRdBGFEYi/xSjFp0S5tQ=
-13,-29,E3HZqfIcjDj5p51DbaxcOCJOdo0=,AuTmFjwXi0Iujv1/B6uHulzqG+8=
-13,-28,E3HZqfIcjDj5p51DbaxcOCJOdo0=,4n3JtfxnRdBGFEYi/xSjFp0S5tQ=
-14,-29,E3HZqfIcjDj5p51DbaxcOCJOdo0=,AuTmFjwXi0Iujv1/B6uHulzqG+8=
-12,-31,E3HZqfIcjDj5p51DbaxcOCJOdo0=,ZG5tbAFouic8lq68BJmmFXxWAV0=
-15,-28,E3HZqfIcjDj5p51DbaxcOCJOdo0=,4n3JtfxnRdBGFEYi/xSjFp0S5tQ=
-13,-30,E3HZqfIcjDj5p51DbaxcOCJOdo0=,AuTmFjwXi0Iujv1/B6uHulzqG+8=
-14,-30,E3HZqfIcjDj5p51DbaxcOCJOdo0=,AuTmFjwXi0Iujv1/B6uHulzqG+8=
-15,-29,E3HZqfIcjDj5p51DbaxcOCJOdo0=,AuTmFjwXi0Iujv1/B6uHulzqG+8=
-12,-29,E3HZqfIcjDj5p51DbaxcOCJOdo0=,ZG5tbAFouic8lq68BJmmFXxWAV0=
-15,-30,E3HZqfIcjDj5p51DbaxcOCJOdo0=,AuTmFjwXi0Iujv1/B6uHulzqG+8=
-12,-30,E3HZqfIcjDj5p51DbaxcOCJOdo0=,ZG5tbAFouic8lq68BJmmFXxWAV0=
-13,-31,E3HZqfIcjDj5p51DbaxcOCJOdo0=,AuTmFjwXi0Iujv1/B6uHulzqG+8=
-15,-31,E3HZqfIcjDj5p51DbaxcOCJOdo0=,AuTmFjwXi0Iujv1/B6uHulzqG+8=
-14,-31,E3HZqfIcjDj5p51DbaxcOCJOdo0=,AuTmFjwXi0Iujv1/B6uHulzqG+8=
-3,-27,E3HZqfIcjDj5p51DbaxcOCJOdo0=,Mo7meDpTv9GVFLoke9olDuL1qAc=
-3,-26,E3HZqfIcjDj5p51DbaxcOCJOdo0=,Mo7meDpTv9GVFLoke9olDuL1qAc=
-2,-26,E3HZqfIcjDj5p51DbaxcOCJOdo0=,Mo7meDpTv9GVFLoke9olDuL1qAc=
-2,-27,E3HZqfIcjDj5p51DbaxcOCJOdo0=,Mo7meDpTv9GVFLoke9olDuL1qAc=
-6,-31,E3HZqfIcjDj5p51DbaxcOCJOdo0=,m/orKRN468yd5oXjVh9cszSoRrs=
-7,-31,E3HZqfIcjDj5p51DbaxcOCJOdo0=,m/orKRN468yd5oXjVh9cszSoRrs=
-6,-30,E3HZqfIcjDj5p51DbaxcOCJOdo0=,m/orKRN468yd5oXjVh9cszSoRrs=
-9,-30,E3HZqfIcjDj5p51DbaxcOCJOdo0=,ZG5tbAFouic8lq68BJmmFXxWAV0=
-7,-30,E3HZqfIcjDj5p51DbaxcOCJOdo0=,m/orKRN468yd5oXjVh9cszSoRrs=
-9,-31,E3HZqfIcjDj5p51DbaxcOCJOdo0=,ZG5tbAFouic8lq68BJmmFXxWAV0=
-8,-31,E3HZqfIcjDj5p51DbaxcOCJOdo0=,m/orKRN468yd5oXjVh9cszSoRrs=
-8,-30,E3HZqfIcjDj5p51DbaxcOCJOdo0=,m/orKRN468yd5oXjVh9cszSoRrs=
-8,-27,E3HZqfIcjDj5p51DbaxcOCJOdo0=,elI8QexVvMScSsnw9FtYbG3bMmU=
-9,-28,E3HZqfIcjDj5p51DbaxcOCJOdo0=,n59cNdoSxL0TEzRC85pLblZR9LQ=
-8,-29,E3HZqfIcjDj5p51DbaxcOCJOdo0=,m/orKRN468yd5oXjVh9cszSoRrs=
-4,-26,E3HZqfIcjDj5p51DbaxcOCJOdo0=,Mo7meDpTv9GVFLoke9olDuL1qAc=
-6,-28,E3HZqfIcjDj5p51DbaxcOCJOdo0=,elI8QexVvMScSsnw9FtYbG3bMmU=
-9,-29,E3HZqfIcjDj5p51DbaxcOCJOdo0=,ZG5tbAFouic8lq68BJmmFXxWAV0=
-5,-26,E3HZqfIcjDj5p51DbaxcOCJOdo0=,elI8QexVvMScSsnw9FtYbG3bMmU=
-9,-26,E3HZqfIcjDj5p51DbaxcOCJOdo0=,n59cNdoSxL0TEzRC85pLblZR9LQ=
-4,-27,E3HZqfIcjDj5p51DbaxcOCJOdo0=,Mo7meDpTv9GVFLoke9olDuL1qAc=
-7,-28,E3HZqfIcjDj5p51DbaxcOCJOdo0=,elI8QexVvMScSsnw9FtYbG3bMmU=
-7,-26,E3HZqfIcjDj5p51DbaxcOCJOdo0=,elI8QexVvMScSsnw9FtYbG3bMmU=
-8,-26,E3HZqfIcjDj5p51DbaxcOCJOdo0=,elI8QexVvMScSsnw9FtYbG3bMmU=
-8,-28,E3HZqfIcjDj5p51DbaxcOCJOdo0=,elI8QexVvMScSsnw9FtYbG3bMmU=
-7,-29,E3HZqfIcjDj5p51DbaxcOCJOdo0=,m/orKRN468yd5oXjVh9cszSoRrs=
-6,-27,E3HZqfIcjDj5p51DbaxcOCJOdo0=,elI8QexVvMScSsnw9FtYbG3bMmU=
-5,-27,E3HZqfIcjDj5p51DbaxcOCJOdo0=,elI8QexVvMScSsnw9FtYbG3bMmU=
-9,-27,E3HZqfIcjDj5p51DbaxcOCJOdo0=,n59cNdoSxL0TEzRC85pLblZR9LQ=
-7,-27,E3HZqfIcjDj5p51DbaxcOCJOdo0=,elI8QexVvMScSsnw9FtYbG3bMmU=
-6,-26,E3HZqfIcjDj5p51DbaxcOCJOdo0=,elI8QexVvMScSsnw9FtYbG3bMmU=
-6,-29,E3HZqfIcjDj5p51DbaxcOCJOdo0=,m/orKRN468yd5oXjVh9cszSoRrs=
-4,-29,E3HZqfIcjDj5p51DbaxcOCJOdo0=,Bqy8pCcOkcd4iy4VMveNh2fZxpk=
-5,-30,E3HZqfIcjDj5p51DbaxcOCJOdo0=,m/orKRN468yd5oXjVh9cszSoRrs=
-3,-28,E3HZqfIcjDj5p51DbaxcOCJOdo0=,Mo7meDpTv9GVFLoke9olDuL1qAc=
-5,-31,E3HZqfIcjDj5p51DbaxcOCJOdo0=,m/orKRN468yd5oXjVh9cszSoRrs=
-5,-28,E3HZqfIcjDj5p51DbaxcOCJOdo0=,elI8QexVvMScSsnw9FtYbG3bMmU=
-3,-31,E3HZqfIcjDj5p51DbaxcOCJOdo0=,Bqy8pCcOkcd4iy4VMveNh2fZxpk=
-4,-31,E3HZqfIcjDj5p51DbaxcOCJOdo0=,Bqy8pCcOkcd4iy4VMveNh2fZxpk=
-3,-30,E3HZqfIcjDj5p51DbaxcOCJOdo0=,Bqy8pCcOkcd4iy4VMveNh2fZxpk=
-4,-28,E3HZqfIcjDj5p51DbaxcOCJOdo0=,Mo7meDpTv9GVFLoke9olDuL1qAc=
-4,-30,E3HZqfIcjDj5p51DbaxcOCJOdo0=,Bqy8pCcOkcd4iy4VMveNh2fZxpk=
-2,-31,E3HZqfIcjDj5p51DbaxcOCJOdo0=,Bqy8pCcOkcd4iy4VMveNh2fZxpk=
-2,-28,E3HZqfIcjDj5p51DbaxcOCJOdo0=,Mo7meDpTv9GVFLoke9olDuL1qAc=
-3,-29,E3HZqfIcjDj5p51DbaxcOCJOdo0=,Bqy8pCcOkcd4iy4VMveNh2fZxpk=
-5,-29,E3HZqfIcjDj5p51DbaxcOCJOdo0=,m/orKRN468yd5oXjVh9cszSoRrs=
-2,-29,E3HZqfIcjDj5p51DbaxcOCJOdo0=,Bqy8pCcOkcd4iy4VMveNh2fZxpk=
-2,-30,E3HZqfIcjDj5p51DbaxcOCJOdo0=,Bqy8pCcOkcd4iy4VMveNh2fZxpk=
-8,-24,E3HZqfIcjDj5p51DbaxcOCJOdo0=,ZaWJx9EEF8Zc6+gDc25WYmUr/10=
-9,-23,E3HZqfIcjDj5p51DbaxcOCJOdo0=,W0q+hUZlDNQsXjqg7/qPyqAe8hs=
-6,-22,E3HZqfIcjDj5p51DbaxcOCJOdo0=,ZaWJx9EEF8Zc6+gDc25WYmUr/10=
-9,-22,E3HZqfIcjDj5p51DbaxcOCJOdo0=,W0q+hUZlDNQsXjqg7/qPyqAe8hs=
-7,-22,E3HZqfIcjDj5p51DbaxcOCJOdo0=,ZaWJx9EEF8Zc6+gDc25WYmUr/10=
-8,-22,E3HZqfIcjDj5p51DbaxcOCJOdo0=,ZaWJx9EEF8Zc6+gDc25WYmUr/10=
-9,-25,E3HZqfIcjDj5p51DbaxcOCJOdo0=,n59cNdoSxL0TEzRC85pLblZR9LQ=
-7,-23,E3HZqfIcjDj5p51DbaxcOCJOdo0=,ZaWJx9EEF8Zc6+gDc25WYmUr/10=
-9,-24,E3HZqfIcjDj5p51DbaxcOCJOdo0=,W0q+hUZlDNQsXjqg7/qPyqAe8hs=
-6,-23,E3HZqfIcjDj5p51DbaxcOCJOdo0=,ZaWJx9EEF8Zc6+gDc25WYmUr/10=
-6,-25,E3HZqfIcjDj5p51DbaxcOCJOdo0=,elI8QexVvMScSsnw9FtYbG3bMmU=
-8,-23,E3HZqfIcjDj5p51DbaxcOCJOdo0=,ZaWJx9EEF8Zc6+gDc25WYmUr/10=
-8,-25,E3HZqfIcjDj5p51DbaxcOCJOdo0=,elI8QexVvMScSsnw9FtYbG3bMmU=
-7,-24,E3HZqfIcjDj5p51DbaxcOCJOdo0=,ZaWJx9EEF8Zc6+gDc25WYmUr/10=
-3,-25,E3HZqfIcjDj5p51DbaxcOCJOdo0=,Mo7meDpTv9GVFLoke9olDuL1qAc=
-6,-24,E3HZqfIcjDj5p51DbaxcOCJOdo0=,ZaWJx9EEF8Zc6+gDc25WYmUr/10=
-2,-25,E3HZqfIcjDj5p51DbaxcOCJOdo0=,Mo7meDpTv9GVFLoke9olDuL1qAc=
-7,-25,E3HZqfIcjDj5p51DbaxcOCJOdo0=,elI8QexVvMScSsnw9FtYbG3bMmU=
-2,-22,E3HZqfIcjDj5p51DbaxcOCJOdo0=,RjAKhqlU181hXrCTJi22wEGTxlE=
-4,-25,E3HZqfIcjDj5p51DbaxcOCJOdo0=,Mo7meDpTv9GVFLoke9olDuL1qAc=
-4,-24,E3HZqfIcjDj5p51DbaxcOCJOdo0=,RjAKhqlU181hXrCTJi22wEGTxlE=
-3,-22,E3HZqfIcjDj5p51DbaxcOCJOdo0=,RjAKhqlU181hXrCTJi22wEGTxlE=
-5,-22,E3HZqfIcjDj5p51DbaxcOCJOdo0=,ZaWJx9EEF8Zc6+gDc25WYmUr/10=
-3,-24,E3HZqfIcjDj5p51DbaxcOCJOdo0=,RjAKhqlU181hXrCTJi22wEGTxlE=
-8,-21,E3HZqfIcjDj5p51DbaxcOCJOdo0=,ZaWJx9EEF8Zc6+gDc25WYmUr/10=
-5,-23,E3HZqfIcjDj5p51DbaxcOCJOdo0=,ZaWJx9EEF8Zc6+gDc25WYmUr/10=
-5,-25,E3HZqfIcjDj5p51DbaxcOCJOdo0=,elI8QexVvMScSsnw9FtYbG3bMmU=
-4,-22,E3HZqfIcjDj5p51DbaxcOCJOdo0=,RjAKhqlU181hXrCTJi22wEGTxlE=
-3,-23,E3HZqfIcjDj5p51DbaxcOCJOdo0=,RjAKhqlU181hXrCTJi22wEGTxlE=
-2,-24,E3HZqfIcjDj5p51DbaxcOCJOdo0=,RjAKhqlU181hXrCTJi22wEGTxlE=
-5,-24,E3HZqfIcjDj5p51DbaxcOCJOdo0=,ZaWJx9EEF8Zc6+gDc25WYmUr/10=
-2,-23,E3HZqfIcjDj5p51DbaxcOCJOdo0=,RjAKhqlU181hXrCTJi22wEGTxlE=
-9,-18,E3HZqfIcjDj5p51DbaxcOCJOdo0=,QVmG0tgyFURrKmaX0dqd2lKNlIw=
-7,-21,E3HZqfIcjDj5p51DbaxcOCJOdo0=,ZaWJx9EEF8Zc6+gDc25WYmUr/10=
-4,-23,E3HZqfIcjDj5p51DbaxcOCJOdo0=,RjAKhqlU181hXrCTJi22wEGTxlE=
-7,-18,E3HZqfIcjDj5p51DbaxcOCJOdo0=,U2jDgl3iwtciHuPA8fmPTATKuaM=
-1,-23,E3HZqfIcjDj5p51DbaxcOCJOdo0=,RjAKhqlU181hXrCTJi22wEGTxlE=
-6,-21,E3HZqfIcjDj5p51DbaxcOCJOdo0=,ZaWJx9EEF8Zc6+gDc25WYmUr/10=
-6,-18,E3HZqfIcjDj5p51DbaxcOCJOdo0=,U2jDgl3iwtciHuPA8fmPTATKuaM=
-8,-18,E3HZqfIcjDj5p51DbaxcOCJOdo0=,U2jDgl3iwtciHuPA8fmPTATKuaM=
-9,-19,E3HZqfIcjDj5p51DbaxcOCJOdo0=,QVmG0tgyFURrKmaX0dqd2lKNlIw=
-1,-22,E3HZqfIcjDj5p51DbaxcOCJOdo0=,RjAKhqlU181hXrCTJi22wEGTxlE=
-6,-19,E3HZqfIcjDj5p51DbaxcOCJOdo0=,U2jDgl3iwtciHuPA8fmPTATKuaM=
-9,-20,E3HZqfIcjDj5p51DbaxcOCJOdo0=,QVmG0tgyFURrKmaX0dqd2lKNlIw=
-9,-21,E3HZqfIcjDj5p51DbaxcOCJOdo0=,W0q+hUZlDNQsXjqg7/qPyqAe8hs=
-7,-19,E3HZqfIcjDj5p51DbaxcOCJOdo0=,U2jDgl3iwtciHuPA8fmPTATKuaM=
-8,-19,E3HZqfIcjDj5p51DbaxcOCJOdo0=,U2jDgl3iwtciHuPA8fmPTATKuaM=
-8,-20,E3HZqfIcjDj5p51DbaxcOCJOdo0=,U2jDgl3iwtciHuPA8fmPTATKuaM=
-7,-17,E3HZqfIcjDj5p51DbaxcOCJOdo0=,U2jDgl3iwtciHuPA8fmPTATKuaM=
-6,-20,E3HZqfIcjDj5p51DbaxcOCJOdo0=,U2jDgl3iwtciHuPA8fmPTATKuaM=
-7,-20,E3HZqfIcjDj5p51DbaxcOCJOdo0=,U2jDgl3iwtciHuPA8fmPTATKuaM=
-6,-17,E3HZqfIcjDj5p51DbaxcOCJOdo0=,U2jDgl3iwtciHuPA8fmPTATKuaM=
-8,-17,E3HZqfIcjDj5p51DbaxcOCJOdo0=,U2jDgl3iwtciHuPA8fmPTATKuaM=
-10,-17,E3HZqfIcjDj5p51DbaxcOCJOdo0=,QVmG0tgyFURrKmaX0dqd2lKNlIw=
-11,-17,E3HZqfIcjDj5p51DbaxcOCJOdo0=,QVmG0tgyFURrKmaX0dqd2lKNlIw=
-9,-17,E3HZqfIcjDj5p51DbaxcOCJOdo0=,QVmG0tgyFURrKmaX0dqd2lKNlIw=
-13,-17,E3HZqfIcjDj5p51DbaxcOCJOdo0=,62+X3eA8Qa5DcJy2ne02SP7zKwg=
-12,-17,E3HZqfIcjDj5p51DbaxcOCJOdo0=,QVmG0tgyFURrKmaX0dqd2lKNlIw=
-16,-22,E3HZqfIcjDj5p51DbaxcOCJOdo0=,RRDcSKoyTBbSMwIeiTR1JiWawlI=
-14,-17,E3HZqfIcjDj5p51DbaxcOCJOdo0=,62+X3eA8Qa5DcJy2ne02SP7zKwg=
-15,-17,E3HZqfIcjDj5p51DbaxcOCJOdo0=,62+X3eA8Qa5DcJy2ne02SP7zKwg=
-16,-23,E3HZqfIcjDj5p51DbaxcOCJOdo0=,RRDcSKoyTBbSMwIeiTR1JiWawlI=
-16,-20,E3HZqfIcjDj5p51DbaxcOCJOdo0=,62+X3eA8Qa5DcJy2ne02SP7zKwg=
-16,-19,E3HZqfIcjDj5p51DbaxcOCJOdo0=,62+X3eA8Qa5DcJy2ne02SP7zKwg=
-16,-18,E3HZqfIcjDj5p51DbaxcOCJOdo0=,62+X3eA8Qa5DcJy2ne02SP7zKwg=
-16,-21,E3HZqfIcjDj5p51DbaxcOCJOdo0=,RRDcSKoyTBbSMwIeiTR1JiWawlI=
-16,-24,E3HZqfIcjDj5p51DbaxcOCJOdo0=,RRDcSKoyTBbSMwIeiTR1JiWawlI=
-16,-27,E3HZqfIcjDj5p51DbaxcOCJOdo0=,4n3JtfxnRdBGFEYi/xSjFp0S5tQ=
-16,-25,E3HZqfIcjDj5p51DbaxcOCJOdo0=,4n3JtfxnRdBGFEYi/xSjFp0S5tQ=
-16,-26,E3HZqfIcjDj5p51DbaxcOCJOdo0=,4n3JtfxnRdBGFEYi/xSjFp0S5tQ=
-16,-30,E3HZqfIcjDj5p51DbaxcOCJOdo0=,AuTmFjwXi0Iujv1/B6uHulzqG+8=
-16,-28,E3HZqfIcjDj5p51DbaxcOCJOdo0=,4n3JtfxnRdBGFEYi/xSjFp0S5tQ=
-16,-29,E3HZqfIcjDj5p51DbaxcOCJOdo0=,AuTmFjwXi0Iujv1/B6uHulzqG+8=
-16,-31,E3HZqfIcjDj5p51DbaxcOCJOdo0=,AuTmFjwXi0Iujv1/B6uHulzqG+8=
-10,-32,E3HZqfIcjDj5p51DbaxcOCJOdo0=,ZG5tbAFouic8lq68BJmmFXxWAV0=
-11,-32,E3HZqfIcjDj5p51DbaxcOCJOdo0=,ZG5tbAFouic8lq68BJmmFXxWAV0=
-12,-32,E3HZqfIcjDj5p51DbaxcOCJOdo0=,ZG5tbAFouic8lq68BJmmFXxWAV0=
-13,-32,E3HZqfIcjDj5p51DbaxcOCJOdo0=,AuTmFjwXi0Iujv1/B6uHulzqG+8=
-15,-32,E3HZqfIcjDj5p51DbaxcOCJOdo0=,AuTmFjwXi0Iujv1/B6uHulzqG+8=
-14,-32,E3HZqfIcjDj5p51DbaxcOCJOdo0=,AuTmFjwXi0Iujv1/B6uHulzqG+8=
-8,-32,E3HZqfIcjDj5p51DbaxcOCJOdo0=,m/orKRN468yd5oXjVh9cszSoRrs=
-6,-32,E3HZqfIcjDj5p51DbaxcOCJOdo0=,m/orKRN468yd5oXjVh9cszSoRrs=
-7,-32,E3HZqfIcjDj5p51DbaxcOCJOdo0=,m/orKRN468yd5oXjVh9cszSoRrs=
-9,-32,E3HZqfIcjDj5p51DbaxcOCJOdo0=,ZG5tbAFouic8lq68BJmmFXxWAV0=
-1,-31,E3HZqfIcjDj5p51DbaxcOCJOdo0=,Bqy8pCcOkcd4iy4VMveNh2fZxpk=
-1,-24,E3HZqfIcjDj5p51DbaxcOCJOdo0=,RjAKhqlU181hXrCTJi22wEGTxlE=
-16,-32,E3HZqfIcjDj5p51DbaxcOCJOdo0=,AuTmFjwXi0Iujv1/B6uHulzqG+8=
-1,-30,E3HZqfIcjDj5p51DbaxcOCJOdo0=,Bqy8pCcOkcd4iy4VMveNh2fZxpk=
-4,-32,E3HZqfIcjDj5p51DbaxcOCJOdo0=,Bqy8pCcOkcd4iy4VMveNh2fZxpk=
-1,-27,E3HZqfIcjDj5p51DbaxcOCJOdo0=,Mo7meDpTv9GVFLoke9olDuL1qAc=
-1,-26,E3HZqfIcjDj5p51DbaxcOCJOdo0=,Mo7meDpTv9GVFLoke9olDuL1qAc=
-1,-32,E3HZqfIcjDj5p51DbaxcOCJOdo0=,Bqy8pCcOkcd4iy4VMveNh2fZxpk=
-1,-25,E3HZqfIcjDj5p51DbaxcOCJOdo0=,Mo7meDpTv9GVFLoke9olDuL1qAc=
-2,-32,E3HZqfIcjDj5p51DbaxcOCJOdo0=,Bqy8pCcOkcd4iy4VMveNh2fZxpk=
-5,-32,E3HZqfIcjDj5p51DbaxcOCJOdo0=,m/orKRN468yd5oXjVh9cszSoRrs=
-1,-28,E3HZqfIcjDj5p51DbaxcOCJOdo0=,Mo7meDpTv9GVFLoke9olDuL1qAc=
-1,-29,E3HZqfIcjDj5p51DbaxcOCJOdo0=,Bqy8pCcOkcd4iy4VMveNh2fZxpk=
-3,-32,E3HZqfIcjDj5p51DbaxcOCJOdo0=,Bqy8pCcOkcd4iy4VMveNh2fZxpk=
-16,-17,E3HZqfIcjDj5p51DbaxcOCJOdo0=,62+X3eA8Qa5DcJy2ne02SP7zKwg=
-4,-19,E3HZqfIcjDj5p51DbaxcOCJOdo0=,vueLb07WuU5EBuJJA3uwitRw6Yk=
-3,-21,E3HZqfIcjDj5p51DbaxcOCJOdo0=,RjAKhqlU181hXrCTJi22wEGTxlE=
-5,-18,E3HZqfIcjDj5p51DbaxcOCJOdo0=,U2jDgl3iwtciHuPA8fmPTATKuaM=
-2,-17,E3HZqfIcjDj5p51DbaxcOCJOdo0=,vueLb07WuU5EBuJJA3uwitRw6Yk=
-3,-17,E3HZqfIcjDj5p51DbaxcOCJOdo0=,vueLb07WuU5EBuJJA3uwitRw6Yk=
-1,-17,E3HZqfIcjDj5p51DbaxcOCJOdo0=,vueLb07WuU5EBuJJA3uwitRw6Yk=
-2,-21,E3HZqfIcjDj5p51DbaxcOCJOdo0=,RjAKhqlU181hXrCTJi22wEGTxlE=
-1,-18,E3HZqfIcjDj5p51DbaxcOCJOdo0=,vueLb07WuU5EBuJJA3uwitRw6Yk=
-2,-18,E3HZqfIcjDj5p51DbaxcOCJOdo0=,vueLb07WuU5EBuJJA3uwitRw6Yk=
-1,-19,E3HZqfIcjDj5p51DbaxcOCJOdo0=,vueLb07WuU5EBuJJA3uwitRw6Yk=
-3,-18,E3HZqfIcjDj5p51DbaxcOCJOdo0=,vueLb07WuU5EBuJJA3uwitRw6Yk=
-4,-18,E3HZqfIcjDj5p51DbaxcOCJOdo0=,vueLb07WuU5EBuJJA3uwitRw6Yk=
-4,-21,E3HZqfIcjDj5p51DbaxcOCJOdo0=,RjAKhqlU181hXrCTJi22wEGTxlE=
-4,-17,E3HZqfIcjDj5p51DbaxcOCJOdo0=,vueLb07WuU5EBuJJA3uwitRw6Yk=
-5,-19,E3HZqfIcjDj5p51DbaxcOCJOdo0=,U2jDgl3iwtciHuPA8fmPTATKuaM=
-2,-19,E3HZqfIcjDj5p51DbaxcOCJOdo0=,vueLb07WuU5EBuJJA3uwitRw6Yk=
-3,-19,E3HZqfIcjDj5p51DbaxcOCJOdo0=,vueLb07WuU5EBuJJA3uwitRw6Yk=
-3,-20,E3HZqfIcjDj5p51DbaxcOCJOdo0=,vueLb07WuU5EBuJJA3uwitRw6Yk=
-5,-17,E3HZqfIcjDj5p51DbaxcOCJOdo0=,U2jDgl3iwtciHuPA8fmPTATKuaM=
-5,-20,E3HZqfIcjDj5p51DbaxcOCJOdo0=,U2jDgl3iwtciHuPA8fmPTATKuaM=
-5,-21,E3HZqfIcjDj5p51DbaxcOCJOdo0=,ZaWJx9EEF8Zc6+gDc25WYmUr/10=
-1,-20,E3HZqfIcjDj5p51DbaxcOCJOdo0=,vueLb07WuU5EBuJJA3uwitRw6Yk=
-4,-20,E3HZqfIcjDj5p51DbaxcOCJOdo0=,vueLb07WuU5EBuJJA3uwitRw6Yk=
-1,-21,E3HZqfIcjDj5p51DbaxcOCJOdo0=,RjAKhqlU181hXrCTJi22wEGTxlE=
-2,-20,E3HZqfIcjDj5p51DbaxcOCJOdo0=,vueLb07WuU5EBuJJA3uwitRw6Yk=
-22,-18,yF1UDPciFGXhJ/20jONkYHlgPGU=,BrEE7zhgT2YbpV427CmFm9XhaEI=
-23,-19,yF1UDPciFGXhJ/20jONkYHlgPGU=,BrEE7zhgT2YbpV427CmFm9XhaEI=
-22,-19,yF1UDPciFGXhJ/20jONkYHlgPGU=,BrEE7zhgT2YbpV427CmFm9XhaEI=
-23,-18,yF1UDPciFGXhJ/20jONkYHlgPGU=,BrEE7zhgT2YbpV427CmFm9XhaEI=
-19,-22,yF1UDPciFGXhJ/20jONkYHlgPGU=,3tXi99/WLLs6vQ+CXa0cabpEQ7I=
-18,-22,yF1UDPciFGXhJ/20jONkYHlgPGU=,3tXi99/WLLs6vQ+CXa0cabpEQ7I=
-18,-23,yF1UDPciFGXhJ/20jONkYHlgPGU=,3tXi99/WLLs6vQ+CXa0cabpEQ7I=
-19,-23,yF1UDPciFGXhJ/20jONkYHlgPGU=,3tXi99/WLLs6vQ+CXa0cabpEQ7I=
-20,-22,yF1UDPciFGXhJ/20jONkYHlgPGU=,3tXi99/WLLs6vQ+CXa0cabpEQ7I=
-23,-23,yF1UDPciFGXhJ/20jONkYHlgPGU=,SA8B4RM36aeSqn7AIiNSoFPk2+8=
-22,-20,yF1UDPciFGXhJ/20jONkYHlgPGU=,BrEE7zhgT2YbpV427CmFm9XhaEI=
-23,-21,yF1UDPciFGXhJ/20jONkYHlgPGU=,SA8B4RM36aeSqn7AIiNSoFPk2+8=
-23,-20,yF1UDPciFGXhJ/20jONkYHlgPGU=,BrEE7zhgT2YbpV427CmFm9XhaEI=
-20,-23,yF1UDPciFGXhJ/20jONkYHlgPGU=,3tXi99/WLLs6vQ+CXa0cabpEQ7I=
-22,-23,yF1UDPciFGXhJ/20jONkYHlgPGU=,SA8B4RM36aeSqn7AIiNSoFPk2+8=
-22,-21,yF1UDPciFGXhJ/20jONkYHlgPGU=,SA8B4RM36aeSqn7AIiNSoFPk2+8=
-21,-22,yF1UDPciFGXhJ/20jONkYHlgPGU=,SA8B4RM36aeSqn7AIiNSoFPk2+8=
-21,-23,yF1UDPciFGXhJ/20jONkYHlgPGU=,SA8B4RM36aeSqn7AIiNSoFPk2+8=
-22,-22,yF1UDPciFGXhJ/20jONkYHlgPGU=,SA8B4RM36aeSqn7AIiNSoFPk2+8=
-23,-22,yF1UDPciFGXhJ/20jONkYHlgPGU=,SA8B4RM36aeSqn7AIiNSoFPk2+8=
-20,-19,yF1UDPciFGXhJ/20jONkYHlgPGU=,Rc8p6M592pAdX/a8MQ7yjwS6FFw=
-21,-18,yF1UDPciFGXhJ/20jONkYHlgPGU=,BrEE7zhgT2YbpV427CmFm9XhaEI=
-19,-21,yF1UDPciFGXhJ/20jONkYHlgPGU=,3tXi99/WLLs6vQ+CXa0cabpEQ7I=
-21,-20,yF1UDPciFGXhJ/20jONkYHlgPGU=,BrEE7zhgT2YbpV427CmFm9XhaEI=
-19,-19,yF1UDPciFGXhJ/20jONkYHlgPGU=,Rc8p6M592pAdX/a8MQ7yjwS6FFw=
-18,-20,yF1UDPciFGXhJ/20jONkYHlgPGU=,Rc8p6M592pAdX/a8MQ7yjwS6FFw=
-20,-21,yF1UDPciFGXhJ/20jONkYHlgPGU=,3tXi99/WLLs6vQ+CXa0cabpEQ7I=
-19,-20,yF1UDPciFGXhJ/20jONkYHlgPGU=,Rc8p6M592pAdX/a8MQ7yjwS6FFw=
-21,-19,yF1UDPciFGXhJ/20jONkYHlgPGU=,BrEE7zhgT2YbpV427CmFm9XhaEI=
-18,-18,yF1UDPciFGXhJ/20jONkYHlgPGU=,Rc8p6M592pAdX/a8MQ7yjwS6FFw=
-21,-21,yF1UDPciFGXhJ/20jONkYHlgPGU=,SA8B4RM36aeSqn7AIiNSoFPk2+8=
-18,-21,yF1UDPciFGXhJ/20jONkYHlgPGU=,3tXi99/WLLs6vQ+CXa0cabpEQ7I=
-18,-19,yF1UDPciFGXhJ/20jONkYHlgPGU=,Rc8p6M592pAdX/a8MQ7yjwS6FFw=
-20,-20,yF1UDPciFGXhJ/20jONkYHlgPGU=,Rc8p6M592pAdX/a8MQ7yjwS6FFw=
-20,-18,yF1UDPciFGXhJ/20jONkYHlgPGU=,Rc8p6M592pAdX/a8MQ7yjwS6FFw=
-19,-18,yF1UDPciFGXhJ/20jONkYHlgPGU=,Rc8p6M592pAdX/a8MQ7yjwS6FFw=
-24,-23,yF1UDPciFGXhJ/20jONkYHlgPGU=,SA8B4RM36aeSqn7AIiNSoFPk2+8=
-26,-22,yF1UDPciFGXhJ/20jONkYHlgPGU=,EHxlITBmmw8c3liLnL2rpOV5C8g=
-27,-22,yF1UDPciFGXhJ/20jONkYHlgPGU=,EHxlITBmmw8c3liLnL2rpOV5C8g=
-25,-22,yF1UDPciFGXhJ/20jONkYHlgPGU=,EHxlITBmmw8c3liLnL2rpOV5C8g=
-27,-23,yF1UDPciFGXhJ/20jONkYHlgPGU=,EHxlITBmmw8c3liLnL2rpOV5C8g=
-24,-22,yF1UDPciFGXhJ/20jONkYHlgPGU=,SA8B4RM36aeSqn7AIiNSoFPk2+8=
-26,-23,yF1UDPciFGXhJ/20jONkYHlgPGU=,EHxlITBmmw8c3liLnL2rpOV5C8g=
-25,-23,yF1UDPciFGXhJ/20jONkYHlgPGU=,EHxlITBmmw8c3liLnL2rpOV5C8g=
-22,-27,exhrGyVrlOUnVbHJjgFf8XW+hP4=,eCkk7prpwRuS3T+H0zv690+v1K8=
-24,-25,exhrGyVrlOUnVbHJjgFf8XW+hP4=,eCkk7prpwRuS3T+H0zv690+v1K8=
-23,-25,exhrGyVrlOUnVbHJjgFf8XW+hP4=,eCkk7prpwRuS3T+H0zv690+v1K8=
-24,-26,exhrGyVrlOUnVbHJjgFf8XW+hP4=,eCkk7prpwRuS3T+H0zv690+v1K8=
-23,-26,exhrGyVrlOUnVbHJjgFf8XW+hP4=,eCkk7prpwRuS3T+H0zv690+v1K8=
-24,-27,exhrGyVrlOUnVbHJjgFf8XW+hP4=,eCkk7prpwRuS3T+H0zv690+v1K8=
-22,-25,exhrGyVrlOUnVbHJjgFf8XW+hP4=,eCkk7prpwRuS3T+H0zv690+v1K8=
-23,-27,exhrGyVrlOUnVbHJjgFf8XW+hP4=,eCkk7prpwRuS3T+H0zv690+v1K8=
-24,-24,exhrGyVrlOUnVbHJjgFf8XW+hP4=,SA8B4RM36aeSqn7AIiNSoFPk2+8=
-22,-24,exhrGyVrlOUnVbHJjgFf8XW+hP4=,SA8B4RM36aeSqn7AIiNSoFPk2+8=
-23,-24,exhrGyVrlOUnVbHJjgFf8XW+hP4=,SA8B4RM36aeSqn7AIiNSoFPk2+8=
-25,-24,exhrGyVrlOUnVbHJjgFf8XW+hP4=,EHxlITBmmw8c3liLnL2rpOV5C8g=
-25,-25,exhrGyVrlOUnVbHJjgFf8XW+hP4=,NziFSfiW6p4YKBJB4FH+3eo1fcg=
-27,-25,exhrGyVrlOUnVbHJjgFf8XW+hP4=,NziFSfiW6p4YKBJB4FH+3eo1fcg=
-27,-24,exhrGyVrlOUnVbHJjgFf8XW+hP4=,EHxlITBmmw8c3liLnL2rpOV5C8g=
-26,-24,exhrGyVrlOUnVbHJjgFf8XW+hP4=,EHxlITBmmw8c3liLnL2rpOV5C8g=
-26,-25,exhrGyVrlOUnVbHJjgFf8XW+hP4=,NziFSfiW6p4YKBJB4FH+3eo1fcg=
-27,-27,exhrGyVrlOUnVbHJjgFf8XW+hP4=,NziFSfiW6p4YKBJB4FH+3eo1fcg=
-25,-26,exhrGyVrlOUnVbHJjgFf8XW+hP4=,NziFSfiW6p4YKBJB4FH+3eo1fcg=
-22,-26,exhrGyVrlOUnVbHJjgFf8XW+hP4=,eCkk7prpwRuS3T+H0zv690+v1K8=
-26,-27,exhrGyVrlOUnVbHJjgFf8XW+hP4=,NziFSfiW6p4YKBJB4FH+3eo1fcg=
-26,-26,exhrGyVrlOUnVbHJjgFf8XW+hP4=,NziFSfiW6p4YKBJB4FH+3eo1fcg=
-27,-26,exhrGyVrlOUnVbHJjgFf8XW+hP4=,NziFSfiW6p4YKBJB4FH+3eo1fcg=
-25,-27,exhrGyVrlOUnVbHJjgFf8XW+hP4=,NziFSfiW6p4YKBJB4FH+3eo1fcg=
-26,-28,exhrGyVrlOUnVbHJjgFf8XW+hP4=,NziFSfiW6p4YKBJB4FH+3eo1fcg=
-27,-30,exhrGyVrlOUnVbHJjgFf8XW+hP4=,3AYU3++vPumzs97mGLZO1KQfwEY=
-27,-31,exhrGyVrlOUnVbHJjgFf8XW+hP4=,3AYU3++vPumzs97mGLZO1KQfwEY=
-27,-28,exhrGyVrlOUnVbHJjgFf8XW+hP4=,NziFSfiW6p4YKBJB4FH+3eo1fcg=
-26,-29,exhrGyVrlOUnVbHJjgFf8XW+hP4=,3AYU3++vPumzs97mGLZO1KQfwEY=
-26,-30,exhrGyVrlOUnVbHJjgFf8XW+hP4=,3AYU3++vPumzs97mGLZO1KQfwEY=
-27,-29,exhrGyVrlOUnVbHJjgFf8XW+hP4=,3AYU3++vPumzs97mGLZO1KQfwEY=
-26,-31,exhrGyVrlOUnVbHJjgFf8XW+hP4=,3AYU3++vPumzs97mGLZO1KQfwEY=
-30,-26,exhrGyVrlOUnVbHJjgFf8XW+hP4=,dQM70vFdNhz45AYUZjUZ3GTw1vo=
-28,-27,exhrGyVrlOUnVbHJjgFf8XW+hP4=,NziFSfiW6p4YKBJB4FH+3eo1fcg=
-31,-26,exhrGyVrlOUnVbHJjgFf8XW+hP4=,dQM70vFdNhz45AYUZjUZ3GTw1vo=
-30,-27,exhrGyVrlOUnVbHJjgFf8XW+hP4=,dQM70vFdNhz45AYUZjUZ3GTw1vo=
-28,-26,exhrGyVrlOUnVbHJjgFf8XW+hP4=,NziFSfiW6p4YKBJB4FH+3eo1fcg=
-29,-26,exhrGyVrlOUnVbHJjgFf8XW+hP4=,dQM70vFdNhz45AYUZjUZ3GTw1vo=
-29,-27,exhrGyVrlOUnVbHJjgFf8XW+hP4=,dQM70vFdNhz45AYUZjUZ3GTw1vo=
-31,-27,exhrGyVrlOUnVbHJjgFf8XW+hP4=,dQM70vFdNhz45AYUZjUZ3GTw1vo=
-24,-29,exhrGyVrlOUnVbHJjgFf8XW+hP4=,9WZgxm4FZ3QrMJTRpyHXf88VY1s=
-22,-30,exhrGyVrlOUnVbHJjgFf8XW+hP4=,9WZgxm4FZ3QrMJTRpyHXf88VY1s=
-23,-30,exhrGyVrlOUnVbHJjgFf8XW+hP4=,9WZgxm4FZ3QrMJTRpyHXf88VY1s=
-22,-31,exhrGyVrlOUnVbHJjgFf8XW+hP4=,9WZgxm4FZ3QrMJTRpyHXf88VY1s=
-25,-28,exhrGyVrlOUnVbHJjgFf8XW+hP4=,NziFSfiW6p4YKBJB4FH+3eo1fcg=
-23,-29,exhrGyVrlOUnVbHJjgFf8XW+hP4=,9WZgxm4FZ3QrMJTRpyHXf88VY1s=
-25,-30,exhrGyVrlOUnVbHJjgFf8XW+hP4=,3AYU3++vPumzs97mGLZO1KQfwEY=
-24,-30,exhrGyVrlOUnVbHJjgFf8XW+hP4=,9WZgxm4FZ3QrMJTRpyHXf88VY1s=
-23,-31,exhrGyVrlOUnVbHJjgFf8XW+hP4=,9WZgxm4FZ3QrMJTRpyHXf88VY1s=
-22,-29,exhrGyVrlOUnVbHJjgFf8XW+hP4=,9WZgxm4FZ3QrMJTRpyHXf88VY1s=
-23,-28,exhrGyVrlOUnVbHJjgFf8XW+hP4=,eCkk7prpwRuS3T+H0zv690+v1K8=
-24,-28,exhrGyVrlOUnVbHJjgFf8XW+hP4=,eCkk7prpwRuS3T+H0zv690+v1K8=
-25,-29,exhrGyVrlOUnVbHJjgFf8XW+hP4=,3AYU3++vPumzs97mGLZO1KQfwEY=
-24,-31,exhrGyVrlOUnVbHJjgFf8XW+hP4=,9WZgxm4FZ3QrMJTRpyHXf88VY1s=
-22,-28,exhrGyVrlOUnVbHJjgFf8XW+hP4=,eCkk7prpwRuS3T+H0zv690+v1K8=
-25,-31,exhrGyVrlOUnVbHJjgFf8XW+hP4=,3AYU3++vPumzs97mGLZO1KQfwEY=
-31,-28,exhrGyVrlOUnVbHJjgFf8XW+hP4=,dQM70vFdNhz45AYUZjUZ3GTw1vo=
-30,-28,exhrGyVrlOUnVbHJjgFf8XW+hP4=,dQM70vFdNhz45AYUZjUZ3GTw1vo=
-28,-31,exhrGyVrlOUnVbHJjgFf8XW+hP4=,3AYU3++vPumzs97mGLZO1KQfwEY=
-29,-28,exhrGyVrlOUnVbHJjgFf8XW+hP4=,dQM70vFdNhz45AYUZjUZ3GTw1vo=
-31,-29,exhrGyVrlOUnVbHJjgFf8XW+hP4=,7DsVThPsVNLMSNb5JdpS1SOOmuk=
-30,-29,exhrGyVrlOUnVbHJjgFf8XW+hP4=,7DsVThPsVNLMSNb5JdpS1SOOmuk=
-31,-31,exhrGyVrlOUnVbHJjgFf8XW+hP4=,7DsVThPsVNLMSNb5JdpS1SOOmuk=
-28,-28,exhrGyVrlOUnVbHJjgFf8XW+hP4=,NziFSfiW6p4YKBJB4FH+3eo1fcg=
-29,-29,exhrGyVrlOUnVbHJjgFf8XW+hP4=,7DsVThPsVNLMSNb5JdpS1SOOmuk=
-29,-30,exhrGyVrlOUnVbHJjgFf8XW+hP4=,7DsVThPsVNLMSNb5JdpS1SOOmuk=
-30,-31,exhrGyVrlOUnVbHJjgFf8XW+hP4=,7DsVThPsVNLMSNb5JdpS1SOOmuk=
-30,-30,exhrGyVrlOUnVbHJjgFf8XW+hP4=,7DsVThPsVNLMSNb5JdpS1SOOmuk=
-31,-30,exhrGyVrlOUnVbHJjgFf8XW+hP4=,7DsVThPsVNLMSNb5JdpS1SOOmuk=
-28,-30,exhrGyVrlOUnVbHJjgFf8XW+hP4=,3AYU3++vPumzs97mGLZO1KQfwEY=
-28,-29,exhrGyVrlOUnVbHJjgFf8XW+hP4=,3AYU3++vPumzs97mGLZO1KQfwEY=
-29,-31,exhrGyVrlOUnVbHJjgFf8XW+hP4=,7DsVThPsVNLMSNb5JdpS1SOOmuk=
-32,-27,exhrGyVrlOUnVbHJjgFf8XW+hP4=,dQM70vFdNhz45AYUZjUZ3GTw1vo=
-32,-26,exhrGyVrlOUnVbHJjgFf8XW+hP4=,dQM70vFdNhz45AYUZjUZ3GTw1vo=
-32,-31,exhrGyVrlOUnVbHJjgFf8XW+hP4=,7DsVThPsVNLMSNb5JdpS1SOOmuk=
-32,-28,exhrGyVrlOUnVbHJjgFf8XW+hP4=,dQM70vFdNhz45AYUZjUZ3GTw1vo=
-32,-29,exhrGyVrlOUnVbHJjgFf8XW+hP4=,7DsVThPsVNLMSNb5JdpS1SOOmuk=
-32,-30,exhrGyVrlOUnVbHJjgFf8XW+hP4=,7DsVThPsVNLMSNb5JdpS1SOOmuk=
-23,-17,exhrGyVrlOUnVbHJjgFf8XW+hP4=,BrEE7zhgT2YbpV427CmFm9XhaEI=
-22,-17,exhrGyVrlOUnVbHJjgFf8XW+hP4=,BrEE7zhgT2YbpV427CmFm9XhaEI=
-32,-25,exhrGyVrlOUnVbHJjgFf8XW+hP4=,dQM70vFdNhz45AYUZjUZ3GTw1vo=
-28,-22,exhrGyVrlOUnVbHJjgFf8XW+hP4=,EHxlITBmmw8c3liLnL2rpOV5C8g=
-29,-22,exhrGyVrlOUnVbHJjgFf8XW+hP4=,Pthf/akIVrJPiv+KlB6lpir4pmE=
-30,-22,exhrGyVrlOUnVbHJjgFf8XW+hP4=,Pthf/akIVrJPiv+KlB6lpir4pmE=
-21,-17,exhrGyVrlOUnVbHJjgFf8XW+hP4=,BrEE7zhgT2YbpV427CmFm9XhaEI=
-31,-22,exhrGyVrlOUnVbHJjgFf8XW+hP4=,Pthf/akIVrJPiv+KlB6lpir4pmE=
-20,-17,exhrGyVrlOUnVbHJjgFf8XW+hP4=,Rc8p6M592pAdX/a8MQ7yjwS6FFw=
-19,-17,exhrGyVrlOUnVbHJjgFf8XW+hP4=,Rc8p6M592pAdX/a8MQ7yjwS6FFw=
-18,-17,exhrGyVrlOUnVbHJjgFf8XW+hP4=,Rc8p6M592pAdX/a8MQ7yjwS6FFw=
-28,-23,exhrGyVrlOUnVbHJjgFf8XW+hP4=,EHxlITBmmw8c3liLnL2rpOV5C8g=
-32,-22,exhrGyVrlOUnVbHJjgFf8XW+hP4=,Pthf/akIVrJPiv+KlB6lpir4pmE=
-29,-23,exhrGyVrlOUnVbHJjgFf8XW+hP4=,Pthf/akIVrJPiv+KlB6lpir4pmE=
-32,-23,exhrGyVrlOUnVbHJjgFf8XW+hP4=,Pthf/akIVrJPiv+KlB6lpir4pmE=
-30,-23,exhrGyVrlOUnVbHJjgFf8XW+hP4=,Pthf/akIVrJPiv+KlB6lpir4pmE=
-31,-23,exhrGyVrlOUnVbHJjgFf8XW+hP4=,Pthf/akIVrJPiv+KlB6lpir4pmE=
-30,-24,exhrGyVrlOUnVbHJjgFf8XW+hP4=,Pthf/akIVrJPiv+KlB6lpir4pmE=
-28,-25,exhrGyVrlOUnVbHJjgFf8XW+hP4=,NziFSfiW6p4YKBJB4FH+3eo1fcg=
-29,-24,exhrGyVrlOUnVbHJjgFf8XW+hP4=,Pthf/akIVrJPiv+KlB6lpir4pmE=
-29,-25,exhrGyVrlOUnVbHJjgFf8XW+hP4=,dQM70vFdNhz45AYUZjUZ3GTw1vo=
-32,-24,exhrGyVrlOUnVbHJjgFf8XW+hP4=,Pthf/akIVrJPiv+KlB6lpir4pmE=
-30,-25,exhrGyVrlOUnVbHJjgFf8XW+hP4=,dQM70vFdNhz45AYUZjUZ3GTw1vo=
-31,-24,exhrGyVrlOUnVbHJjgFf8XW+hP4=,Pthf/akIVrJPiv+KlB6lpir4pmE=
-28,-24,exhrGyVrlOUnVbHJjgFf8XW+hP4=,EHxlITBmmw8c3liLnL2rpOV5C8g=
-31,-25,exhrGyVrlOUnVbHJjgFf8XW+hP4=,dQM70vFdNhz45AYUZjUZ3GTw1vo=
-17,-19,exhrGyVrlOUnVbHJjgFf8XW+hP4=,Rc8p6M592pAdX/a8MQ7yjwS6FFw=
-17,-18,exhrGyVrlOUnVbHJjgFf8XW+hP4=,Rc8p6M592pAdX/a8MQ7yjwS6FFw=
-17,-23,exhrGyVrlOUnVbHJjgFf8XW+hP4=,3tXi99/WLLs6vQ+CXa0cabpEQ7I=
-17,-22,exhrGyVrlOUnVbHJjgFf8XW+hP4=,3tXi99/WLLs6vQ+CXa0cabpEQ7I=
-17,-21,exhrGyVrlOUnVbHJjgFf8XW+hP4=,3tXi99/WLLs6vQ+CXa0cabpEQ7I=
-17,-20,exhrGyVrlOUnVbHJjgFf8XW+hP4=,Rc8p6M592pAdX/a8MQ7yjwS6FFw=
-25,-18,exhrGyVrlOUnVbHJjgFf8XW+hP4=,RIvMkzFNiSlcTEZ44be96y2UTAo=
-26,-19,exhrGyVrlOUnVbHJjgFf8XW+hP4=,RIvMkzFNiSlcTEZ44be96y2UTAo=
-27,-18,exhrGyVrlOUnVbHJjgFf8XW+hP4=,RIvMkzFNiSlcTEZ44be96y2UTAo=
-25,-19,exhrGyVrlOUnVbHJjgFf8XW+hP4=,RIvMkzFNiSlcTEZ44be96y2UTAo=
-24,-19,exhrGyVrlOUnVbHJjgFf8XW+hP4=,BrEE7zhgT2YbpV427CmFm9XhaEI=
-25,-21,exhrGyVrlOUnVbHJjgFf8XW+hP4=,EHxlITBmmw8c3liLnL2rpOV5C8g=
-27,-17,exhrGyVrlOUnVbHJjgFf8XW+hP4=,RIvMkzFNiSlcTEZ44be96y2UTAo=
-26,-18,exhrGyVrlOUnVbHJjgFf8XW+hP4=,RIvMkzFNiSlcTEZ44be96y2UTAo=
-27,-19,exhrGyVrlOUnVbHJjgFf8XW+hP4=,RIvMkzFNiSlcTEZ44be96y2UTAo=
-25,-20,exhrGyVrlOUnVbHJjgFf8XW+hP4=,RIvMkzFNiSlcTEZ44be96y2UTAo=
-24,-20,exhrGyVrlOUnVbHJjgFf8XW+hP4=,BrEE7zhgT2YbpV427CmFm9XhaEI=
-27,-20,exhrGyVrlOUnVbHJjgFf8XW+hP4=,RIvMkzFNiSlcTEZ44be96y2UTAo=
-26,-20,exhrGyVrlOUnVbHJjgFf8XW+hP4=,RIvMkzFNiSlcTEZ44be96y2UTAo=
-26,-17,exhrGyVrlOUnVbHJjgFf8XW+hP4=,RIvMkzFNiSlcTEZ44be96y2UTAo=
-26,-21,exhrGyVrlOUnVbHJjgFf8XW+hP4=,EHxlITBmmw8c3liLnL2rpOV5C8g=
-25,-17,exhrGyVrlOUnVbHJjgFf8XW+hP4=,RIvMkzFNiSlcTEZ44be96y2UTAo=
-24,-21,exhrGyVrlOUnVbHJjgFf8XW+hP4=,SA8B4RM36aeSqn7AIiNSoFPk2+8=
-24,-17,exhrGyVrlOUnVbHJjgFf8XW+hP4=,BrEE7zhgT2YbpV427CmFm9XhaEI=
-27,-21,exhrGyVrlOUnVbHJjgFf8XW+hP4=,EHxlITBmmw8c3liLnL2rpOV5C8g=
-28,-21,exhrGyVrlOUnVbHJjgFf8XW+hP4=,EHxlITBmmw8c3liLnL2rpOV5C8g=
-24,-18,exhrGyVrlOUnVbHJjgFf8XW+hP4=,BrEE7zhgT2YbpV427CmFm9XhaEI=
-28,-17,exhrGyVrlOUnVbHJjgFf8XW+hP4=,RIvMkzFNiSlcTEZ44be96y2UTAo=
-29,-20,exhrGyVrlOUnVbHJjgFf8XW+hP4=,+8g9lRPuGTd3YpMd+FKTzeeVfaQ=
-29,-18,exhrGyVrlOUnVbHJjgFf8XW+hP4=,+8g9lRPuGTd3YpMd+FKTzeeVfaQ=
-30,-18,exhrGyVrlOUnVbHJjgFf8XW+hP4=,+8g9lRPuGTd3YpMd+FKTzeeVfaQ=
-32,-19,exhrGyVrlOUnVbHJjgFf8XW+hP4=,+8g9lRPuGTd3YpMd+FKTzeeVfaQ=
-32,-18,exhrGyVrlOUnVbHJjgFf8XW+hP4=,+8g9lRPuGTd3YpMd+FKTzeeVfaQ=
-31,-20,exhrGyVrlOUnVbHJjgFf8XW+hP4=,+8g9lRPuGTd3YpMd+FKTzeeVfaQ=
-30,-20,exhrGyVrlOUnVbHJjgFf8XW+hP4=,+8g9lRPuGTd3YpMd+FKTzeeVfaQ=
-31,-18,exhrGyVrlOUnVbHJjgFf8XW+hP4=,+8g9lRPuGTd3YpMd+FKTzeeVfaQ=
-28,-18,exhrGyVrlOUnVbHJjgFf8XW+hP4=,RIvMkzFNiSlcTEZ44be96y2UTAo=
-32,-20,exhrGyVrlOUnVbHJjgFf8XW+hP4=,+8g9lRPuGTd3YpMd+FKTzeeVfaQ=
-29,-17,exhrGyVrlOUnVbHJjgFf8XW+hP4=,+8g9lRPuGTd3YpMd+FKTzeeVfaQ=
-29,-21,exhrGyVrlOUnVbHJjgFf8XW+hP4=,Pthf/akIVrJPiv+KlB6lpir4pmE=
-31,-19,exhrGyVrlOUnVbHJjgFf8XW+hP4=,+8g9lRPuGTd3YpMd+FKTzeeVfaQ=
-29,-19,exhrGyVrlOUnVbHJjgFf8XW+hP4=,+8g9lRPuGTd3YpMd+FKTzeeVfaQ=
-30,-17,exhrGyVrlOUnVbHJjgFf8XW+hP4=,+8g9lRPuGTd3YpMd+FKTzeeVfaQ=
-28,-19,exhrGyVrlOUnVbHJjgFf8XW+hP4=,RIvMkzFNiSlcTEZ44be96y2UTAo=
-28,-20,exhrGyVrlOUnVbHJjgFf8XW+hP4=,RIvMkzFNiSlcTEZ44be96y2UTAo=
-31,-21,exhrGyVrlOUnVbHJjgFf8XW+hP4=,Pthf/akIVrJPiv+KlB6lpir4pmE=
-31,-17,exhrGyVrlOUnVbHJjgFf8XW+hP4=,+8g9lRPuGTd3YpMd+FKTzeeVfaQ=
-30,-21,exhrGyVrlOUnVbHJjgFf8XW+hP4=,Pthf/akIVrJPiv+KlB6lpir4pmE=
-32,-21,exhrGyVrlOUnVbHJjgFf8XW+hP4=,Pthf/akIVrJPiv+KlB6lpir4pmE=
-30,-19,exhrGyVrlOUnVbHJjgFf8XW+hP4=,+8g9lRPuGTd3YpMd+FKTzeeVfaQ=
-23,-32,exhrGyVrlOUnVbHJjgFf8XW+hP4=,9WZgxm4FZ3QrMJTRpyHXf88VY1s=
-22,-32,exhrGyVrlOUnVbHJjgFf8XW+hP4=,9WZgxm4FZ3QrMJTRpyHXf88VY1s=
-26,-32,exhrGyVrlOUnVbHJjgFf8XW+hP4=,3AYU3++vPumzs97mGLZO1KQfwEY=
-24,-32,exhrGyVrlOUnVbHJjgFf8XW+hP4=,9WZgxm4FZ3QrMJTRpyHXf88VY1s=
-27,-32,exhrGyVrlOUnVbHJjgFf8XW+hP4=,3AYU3++vPumzs97mGLZO1KQfwEY=
-25,-32,exhrGyVrlOUnVbHJjgFf8XW+hP4=,3AYU3++vPumzs97mGLZO1KQfwEY=
-17,-17,exhrGyVrlOUnVbHJjgFf8XW+hP4=,Rc8p6M592pAdX/a8MQ7yjwS6FFw=
-32,-17,exhrGyVrlOUnVbHJjgFf8XW+hP4=,+8g9lRPuGTd3YpMd+FKTzeeVfaQ=
-32,-32,exhrGyVrlOUnVbHJjgFf8XW+hP4=,7DsVThPsVNLMSNb5JdpS1SOOmuk=
-29,-32,exhrGyVrlOUnVbHJjgFf8XW+hP4=,7DsVThPsVNLMSNb5JdpS1SOOmuk=
-30,-32,exhrGyVrlOUnVbHJjgFf8XW+hP4=,7DsVThPsVNLMSNb5JdpS1SOOmuk=
-31,-32,exhrGyVrlOUnVbHJjgFf8XW+hP4=,7DsVThPsVNLMSNb5JdpS1SOOmuk=
-28,-32,exhrGyVrlOUnVbHJjgFf8XW+hP4=,3AYU3++vPumzs97mGLZO1KQfwEY=
-21,-25,exhrGyVrlOUnVbHJjgFf8XW+hP4=,eCkk7prpwRuS3T+H0zv690+v1K8=
-21,-26,exhrGyVrlOUnVbHJjgFf8XW+hP4=,eCkk7prpwRuS3T+H0zv690+v1K8=
-20,-24,exhrGyVrlOUnVbHJjgFf8XW+hP4=,3tXi99/WLLs6vQ+CXa0cabpEQ7I=
-19,-24,exhrGyVrlOUnVbHJjgFf8XW+hP4=,3tXi99/WLLs6vQ+CXa0cabpEQ7I=
-17,-25,exhrGyVrlOUnVbHJjgFf8XW+hP4=,1ssKhGkbSm31TFJyBNkvQnWd9KQ=
-18,-26,exhrGyVrlOUnVbHJjgFf8XW+hP4=,1ssKhGkbSm31TFJyBNkvQnWd9KQ=
-17,-24,exhrGyVrlOUnVbHJjgFf8XW+hP4=,3tXi99/WLLs6vQ+CXa0cabpEQ7I=
-17,-26,exhrGyVrlOUnVbHJjgFf8XW+hP4=,1ssKhGkbSm31TFJyBNkvQnWd9KQ=
-21,-27,exhrGyVrlOUnVbHJjgFf8XW+hP4=,eCkk7prpwRuS3T+H0zv690+v1K8=
-18,-24,exhrGyVrlOUnVbHJjgFf8XW+hP4=,3tXi99/WLLs6vQ+CXa0cabpEQ7I=
-18,-25,exhrGyVrlOUnVbHJjgFf8XW+hP4=,1ssKhGkbSm31TFJyBNkvQnWd9KQ=
-20,-26,exhrGyVrlOUnVbHJjgFf8XW+hP4=,1ssKhGkbSm31TFJyBNkvQnWd9KQ=
-17,-27,exhrGyVrlOUnVbHJjgFf8XW+hP4=,1ssKhGkbSm31TFJyBNkvQnWd9KQ=
-20,-27,exhrGyVrlOUnVbHJjgFf8XW+hP4=,1ssKhGkbSm31TFJyBNkvQnWd9KQ=
-18,-27,exhrGyVrlOUnVbHJjgFf8XW+hP4=,1ssKhGkbSm31TFJyBNkvQnWd9KQ=
-19,-26,exhrGyVrlOUnVbHJjgFf8XW+hP4=,1ssKhGkbSm31TFJyBNkvQnWd9KQ=
-19,-27,exhrGyVrlOUnVbHJjgFf8XW+hP4=,1ssKhGkbSm31TFJyBNkvQnWd9KQ=
-21,-24,exhrGyVrlOUnVbHJjgFf8XW+hP4=,SA8B4RM36aeSqn7AIiNSoFPk2+8=
-19,-25,exhrGyVrlOUnVbHJjgFf8XW+hP4=,1ssKhGkbSm31TFJyBNkvQnWd9KQ=
-20,-25,exhrGyVrlOUnVbHJjgFf8XW+hP4=,1ssKhGkbSm31TFJyBNkvQnWd9KQ=
-17,-28,exhrGyVrlOUnVbHJjgFf8XW+hP4=,1ssKhGkbSm31TFJyBNkvQnWd9KQ=
-20,-29,exhrGyVrlOUnVbHJjgFf8XW+hP4=,cavFKUZAG75oyWe3nYOYVBx69qo=
-17,-30,exhrGyVrlOUnVbHJjgFf8XW+hP4=,cavFKUZAG75oyWe3nYOYVBx69qo=
-17,-32,exhrGyVrlOUnVbHJjgFf8XW+hP4=,cavFKUZAG75oyWe3nYOYVBx69qo=
-21,-30,exhrGyVrlOUnVbHJjgFf8XW+hP4=,9WZgxm4FZ3QrMJTRpyHXf88VY1s=
-17,-31,exhrGyVrlOUnVbHJjgFf8XW+hP4=,cavFKUZAG75oyWe3nYOYVBx69qo=
-18,-28,exhrGyVrlOUnVbHJjgFf8XW+hP4=,1ssKhGkbSm31TFJyBNkvQnWd9KQ=
-19,-28,exhrGyVrlOUnVbHJjgFf8XW+hP4=,1ssKhGkbSm31TFJyBNkvQnWd9KQ=
-21,-31,exhrGyVrlOUnVbHJjgFf8XW+hP4=,9WZgxm4FZ3QrMJTRpyHXf88VY1s=
-20,-28,exhrGyVrlOUnVbHJjgFf8XW+hP4=,1ssKhGkbSm31TFJyBNkvQnWd9KQ=
-19,-29,exhrGyVrlOUnVbHJjgFf8XW+hP4=,cavFKUZAG75oyWe3nYOYVBx69qo=
-21,-28,exhrGyVrlOUnVbHJjgFf8XW+hP4=,eCkk7prpwRuS3T+H0zv690+v1K8=
-18,-30,exhrGyVrlOUnVbHJjgFf8XW+hP4=,cavFKUZAG75oyWe3nYOYVBx69qo=
-18,-31,exhrGyVrlOUnVbHJjgFf8XW+hP4=,cavFKUZAG75oyWe3nYOYVBx69qo=
-18,-32,exhrGyVrlOUnVbHJjgFf8XW+hP4=,cavFKUZAG75oyWe3nYOYVBx69qo=
-19,-32,exhrGyVrlOUnVbHJjgFf8XW+hP4=,cavFKUZAG75oyWe3nYOYVBx69qo=
-18,-29,exhrGyVrlOUnVbHJjgFf8XW+hP4=,cavFKUZAG75oyWe3nYOYVBx69qo=
-20,-31,exhrGyVrlOUnVbHJjgFf8XW+hP4=,cavFKUZAG75oyWe3nYOYVBx69qo=
-21,-32,exhrGyVrlOUnVbHJjgFf8XW+hP4=,9WZgxm4FZ3QrMJTRpyHXf88VY1s=
-19,-30,exhrGyVrlOUnVbHJjgFf8XW+hP4=,cavFKUZAG75oyWe3nYOYVBx69qo=
-20,-30,exhrGyVrlOUnVbHJjgFf8XW+hP4=,cavFKUZAG75oyWe3nYOYVBx69qo=
-21,-29,exhrGyVrlOUnVbHJjgFf8XW+hP4=,9WZgxm4FZ3QrMJTRpyHXf88VY1s=
-19,-31,exhrGyVrlOUnVbHJjgFf8XW+hP4=,cavFKUZAG75oyWe3nYOYVBx69qo=
-20,-32,exhrGyVrlOUnVbHJjgFf8XW+hP4=,cavFKUZAG75oyWe3nYOYVBx69qo=
-17,-29,exhrGyVrlOUnVbHJjgFf8XW+hP4=,cavFKUZAG75oyWe3nYOYVBx69qo=
-30,-6,qjaEOTI7yvEpKt+IWQ/CNHiSO5Y=,WLrUrzFHrMKguE94gn4vCm4pXvk=
-31,-7,qjaEOTI7yvEpKt+IWQ/CNHiSO5Y=,WLrUrzFHrMKguE94gn4vCm4pXvk=
-30,-7,qjaEOTI7yvEpKt+IWQ/CNHiSO5Y=,WLrUrzFHrMKguE94gn4vCm4pXvk=
-31,-6,qjaEOTI7yvEpKt+IWQ/CNHiSO5Y=,WLrUrzFHrMKguE94gn4vCm4pXvk=
-31,-5,qjaEOTI7yvEpKt+IWQ/CNHiSO5Y=,WLrUrzFHrMKguE94gn4vCm4pXvk=
-30,-5,qjaEOTI7yvEpKt+IWQ/CNHiSO5Y=,WLrUrzFHrMKguE94gn4vCm4pXvk=
-30,-4,qjaEOTI7yvEpKt+IWQ/CNHiSO5Y=,eSM7NDxX9qIkK+o/FxTxdqkD+yA=
-30,-2,qjaEOTI7yvEpKt+IWQ/CNHiSO5Y=,eSM7NDxX9qIkK+o/FxTxdqkD+yA=
-31,-4,qjaEOTI7yvEpKt+IWQ/CNHiSO5Y=,eSM7NDxX9qIkK+o/FxTxdqkD+yA=
-31,-2,qjaEOTI7yvEpKt+IWQ/CNHiSO5Y=,eSM7NDxX9qIkK+o/FxTxdqkD+yA=
-30,-3,qjaEOTI7yvEpKt+IWQ/CNHiSO5Y=,eSM7NDxX9qIkK+o/FxTxdqkD+yA=
-31,-3,qjaEOTI7yvEpKt+IWQ/CNHiSO5Y=,eSM7NDxX9qIkK+o/FxTxdqkD+yA=
-29,-7,qjaEOTI7yvEpKt+IWQ/CNHiSO5Y=,WLrUrzFHrMKguE94gn4vCm4pXvk=
-29,-6,qjaEOTI7yvEpKt+IWQ/CNHiSO5Y=,WLrUrzFHrMKguE94gn4vCm4pXvk=
-28,-7,qjaEOTI7yvEpKt+IWQ/CNHiSO5Y=,HfD6x6EBtUGAdn4oc/oImLCGqQU=
-28,-6,qjaEOTI7yvEpKt+IWQ/CNHiSO5Y=,HfD6x6EBtUGAdn4oc/oImLCGqQU=
-27,-6,qjaEOTI7yvEpKt+IWQ/CNHiSO5Y=,HfD6x6EBtUGAdn4oc/oImLCGqQU=
-26,-7,qjaEOTI7yvEpKt+IWQ/CNHiSO5Y=,HfD6x6EBtUGAdn4oc/oImLCGqQU=
-26,-6,qjaEOTI7yvEpKt+IWQ/CNHiSO5Y=,HfD6x6EBtUGAdn4oc/oImLCGqQU=
-27,-7,qjaEOTI7yvEpKt+IWQ/CNHiSO5Y=,HfD6x6EBtUGAdn4oc/oImLCGqQU=
-28,-5,qjaEOTI7yvEpKt+IWQ/CNHiSO5Y=,HfD6x6EBtUGAdn4oc/oImLCGqQU=
-29,-5,qjaEOTI7yvEpKt+IWQ/CNHiSO5Y=,WLrUrzFHrMKguE94gn4vCm4pXvk=
-29,-4,qjaEOTI7yvEpKt+IWQ/CNHiSO5Y=,eSM7NDxX9qIkK+o/FxTxdqkD+yA=
-29,-3,qjaEOTI7yvEpKt+IWQ/CNHiSO5Y=,eSM7NDxX9qIkK+o/FxTxdqkD+yA=
-27,-5,qjaEOTI7yvEpKt+IWQ/CNHiSO5Y=,HfD6x6EBtUGAdn4oc/oImLCGqQU=
-29,-2,qjaEOTI7yvEpKt+IWQ/CNHiSO5Y=,eSM7NDxX9qIkK+o/FxTxdqkD+yA=
-26,-4,qjaEOTI7yvEpKt+IWQ/CNHiSO5Y=,cAdj8Rlyn9myz6zCdnlvoEeGcVU=
-27,-2,qjaEOTI7yvEpKt+IWQ/CNHiSO5Y=,cAdj8Rlyn9myz6zCdnlvoEeGcVU=
-27,-4,qjaEOTI7yvEpKt+IWQ/CNHiSO5Y=,cAdj8Rlyn9myz6zCdnlvoEeGcVU=
-26,-5,qjaEOTI7yvEpKt+IWQ/CNHiSO5Y=,HfD6x6EBtUGAdn4oc/oImLCGqQU=
-28,-2,qjaEOTI7yvEpKt+IWQ/CNHiSO5Y=,cAdj8Rlyn9myz6zCdnlvoEeGcVU=
-26,-2,qjaEOTI7yvEpKt+IWQ/CNHiSO5Y=,cAdj8Rlyn9myz6zCdnlvoEeGcVU=
-26,-3,qjaEOTI7yvEpKt+IWQ/CNHiSO5Y=,cAdj8Rlyn9myz6zCdnlvoEeGcVU=
-27,-3,qjaEOTI7yvEpKt+IWQ/CNHiSO5Y=,cAdj8Rlyn9myz6zCdnlvoEeGcVU=
-28,-3,qjaEOTI7yvEpKt+IWQ/CNHiSO5Y=,cAdj8Rlyn9myz6zCdnlvoEeGcVU=
-28,-4,qjaEOTI7yvEpKt+IWQ/CNHiSO5Y=,cAdj8Rlyn9myz6zCdnlvoEeGcVU=
-26,-14,qjaEOTI7yvEpKt+IWQ/CNHiSO5Y=,UmihAl0pi7oIhIyLg73AWKgKb9U=
-27,-15,qjaEOTI7yvEpKt+IWQ/CNHiSO5Y=,UmihAl0pi7oIhIyLg73AWKgKb9U=
-27,-14,qjaEOTI7yvEpKt+IWQ/CNHiSO5Y=,UmihAl0pi7oIhIyLg73AWKgKb9U=
-26,-15,qjaEOTI7yvEpKt+IWQ/CNHiSO5Y=,UmihAl0pi7oIhIyLg73AWKgKb9U=
-27,-9,qjaEOTI7yvEpKt+IWQ/CNHiSO5Y=,BMF2fdW0c8hsVFFZjena9ZG7DsI=
-27,-10,qjaEOTI7yvEpKt+IWQ/CNHiSO5Y=,BMF2fdW0c8hsVFFZjena9ZG7DsI=
-26,-10,qjaEOTI7yvEpKt+IWQ/CNHiSO5Y=,BMF2fdW0c8hsVFFZjena9ZG7DsI=
-26,-11,qjaEOTI7yvEpKt+IWQ/CNHiSO5Y=,BMF2fdW0c8hsVFFZjena9ZG7DsI=
-27,-11,qjaEOTI7yvEpKt+IWQ/CNHiSO5Y=,BMF2fdW0c8hsVFFZjena9ZG7DsI=
-26,-8,qjaEOTI7yvEpKt+IWQ/CNHiSO5Y=,HfD6x6EBtUGAdn4oc/oImLCGqQU=
-27,-8,qjaEOTI7yvEpKt+IWQ/CNHiSO5Y=,HfD6x6EBtUGAdn4oc/oImLCGqQU=
-27,-13,qjaEOTI7yvEpKt+IWQ/CNHiSO5Y=,UmihAl0pi7oIhIyLg73AWKgKb9U=
-27,-12,qjaEOTI7yvEpKt+IWQ/CNHiSO5Y=,BMF2fdW0c8hsVFFZjena9ZG7DsI=
-26,-12,qjaEOTI7yvEpKt+IWQ/CNHiSO5Y=,BMF2fdW0c8hsVFFZjena9ZG7DsI=
-26,-9,qjaEOTI7yvEpKt+IWQ/CNHiSO5Y=,BMF2fdW0c8hsVFFZjena9ZG7DsI=
-26,-13,qjaEOTI7yvEpKt+IWQ/CNHiSO5Y=,UmihAl0pi7oIhIyLg73AWKgKb9U=
-24,-11,qjaEOTI7yvEpKt+IWQ/CNHiSO5Y=,JdaVYM9n9QIS/Q06O9I4D+GAReA=
-23,-10,qjaEOTI7yvEpKt+IWQ/CNHiSO5Y=,JdaVYM9n9QIS/Q06O9I4D+GAReA=
-25,-10,qjaEOTI7yvEpKt+IWQ/CNHiSO5Y=,BMF2fdW0c8hsVFFZjena9ZG7DsI=
-22,-10,qjaEOTI7yvEpKt+IWQ/CNHiSO5Y=,JdaVYM9n9QIS/Q06O9I4D+GAReA=
-24,-10,qjaEOTI7yvEpKt+IWQ/CNHiSO5Y=,JdaVYM9n9QIS/Q06O9I4D+GAReA=
-23,-11,qjaEOTI7yvEpKt+IWQ/CNHiSO5Y=,JdaVYM9n9QIS/Q06O9I4D+GAReA=
-22,-11,qjaEOTI7yvEpKt+IWQ/CNHiSO5Y=,JdaVYM9n9QIS/Q06O9I4D+GAReA=
-25,-11,qjaEOTI7yvEpKt+IWQ/CNHiSO5Y=,BMF2fdW0c8hsVFFZjena9ZG7DsI=
-25,-14,B2vXHZQGBDt03wm+s52FG1ou5Us=,UmihAl0pi7oIhIyLg73AWKgKb9U=
-23,-13,B2vXHZQGBDt03wm+s52FG1ou5Us=,rzckEa5G0BnilLvGWa42UpPtEYE=
-24,-12,B2vXHZQGBDt03wm+s52FG1ou5Us=,JdaVYM9n9QIS/Q06O9I4D+GAReA=
-23,-12,B2vXHZQGBDt03wm+s52FG1ou5Us=,JdaVYM9n9QIS/Q06O9I4D+GAReA=
-22,-13,B2vXHZQGBDt03wm+s52FG1ou5Us=,rzckEa5G0BnilLvGWa42UpPtEYE=
-25,-13,B2vXHZQGBDt03wm+s52FG1ou5Us=,UmihAl0pi7oIhIyLg73AWKgKb9U=
-25,-15,B2vXHZQGBDt03wm+s52FG1ou5Us=,UmihAl0pi7oIhIyLg73AWKgKb9U=
-24,-13,B2vXHZQGBDt03wm+s52FG1ou5Us=,rzckEa5G0BnilLvGWa42UpPtEYE=
-22,-12,B2vXHZQGBDt03wm+s52FG1ou5Us=,JdaVYM9n9QIS/Q06O9I4D+GAReA=
-24,-14,B2vXHZQGBDt03wm+s52FG1ou5Us=,rzckEa5G0BnilLvGWa42UpPtEYE=
-23,-14,B2vXHZQGBDt03wm+s52FG1ou5Us=,rzckEa5G0BnilLvGWa42UpPtEYE=
-22,-14,B2vXHZQGBDt03wm+s52FG1ou5Us=,rzckEa5G0BnilLvGWa42UpPtEYE=
-23,-15,B2vXHZQGBDt03wm+s52FG1ou5Us=,rzckEa5G0BnilLvGWa42UpPtEYE=
-25,-12,B2vXHZQGBDt03wm+s52FG1ou5Us=,BMF2fdW0c8hsVFFZjena9ZG7DsI=
-22,-15,B2vXHZQGBDt03wm+s52FG1ou5Us=,rzckEa5G0BnilLvGWa42UpPtEYE=
-24,-15,B2vXHZQGBDt03wm+s52FG1ou5Us=,rzckEa5G0BnilLvGWa42UpPtEYE=
-19,-10,B2vXHZQGBDt03wm+s52FG1ou5Us=,Nf2yIoPsfqIDqlqidnCtJ/PAoiM=
-20,-10,B2vXHZQGBDt03wm+s52FG1ou5Us=,Nf2yIoPsfqIDqlqidnCtJ/PAoiM=
-18,-10,B2vXHZQGBDt03wm+s52FG1ou5Us=,Nf2yIoPsfqIDqlqidnCtJ/PAoiM=
-21,-10,B2vXHZQGBDt03wm+s52FG1ou5Us=,JdaVYM9n9QIS/Q06O9I4D+GAReA=
-21,-11,B2vXHZQGBDt03wm+s52FG1ou5Us=,JdaVYM9n9QIS/Q06O9I4D+GAReA=
-18,-11,B2vXHZQGBDt03wm+s52FG1ou5Us=,Nf2yIoPsfqIDqlqidnCtJ/PAoiM=
-19,-11,B2vXHZQGBDt03wm+s52FG1ou5Us=,Nf2yIoPsfqIDqlqidnCtJ/PAoiM=
-20,-11,B2vXHZQGBDt03wm+s52FG1ou5Us=,Nf2yIoPsfqIDqlqidnCtJ/PAoiM=
-18,-14,B2vXHZQGBDt03wm+s52FG1ou5Us=,snqu20hOGCSiJ8GQ5eWuIkfCLB8=
-20,-14,B2vXHZQGBDt03wm+s52FG1ou5Us=,snqu20hOGCSiJ8GQ5eWuIkfCLB8=
-19,-14,B2vXHZQGBDt03wm+s52FG1ou5Us=,snqu20hOGCSiJ8GQ5eWuIkfCLB8=
-21,-13,B2vXHZQGBDt03wm+s52FG1ou5Us=,rzckEa5G0BnilLvGWa42UpPtEYE=
-19,-13,B2vXHZQGBDt03wm+s52FG1ou5Us=,snqu20hOGCSiJ8GQ5eWuIkfCLB8=
-21,-12,B2vXHZQGBDt03wm+s52FG1ou5Us=,JdaVYM9n9QIS/Q06O9I4D+GAReA=
-21,-14,B2vXHZQGBDt03wm+s52FG1ou5Us=,rzckEa5G0BnilLvGWa42UpPtEYE=
-18,-15,B2vXHZQGBDt03wm+s52FG1ou5Us=,snqu20hOGCSiJ8GQ5eWuIkfCLB8=
-20,-13,B2vXHZQGBDt03wm+s52FG1ou5Us=,snqu20hOGCSiJ8GQ5eWuIkfCLB8=
-20,-15,B2vXHZQGBDt03wm+s52FG1ou5Us=,snqu20hOGCSiJ8GQ5eWuIkfCLB8=
-19,-15,B2vXHZQGBDt03wm+s52FG1ou5Us=,snqu20hOGCSiJ8GQ5eWuIkfCLB8=
-21,-15,B2vXHZQGBDt03wm+s52FG1ou5Us=,rzckEa5G0BnilLvGWa42UpPtEYE=
-18,-12,B2vXHZQGBDt03wm+s52FG1ou5Us=,Nf2yIoPsfqIDqlqidnCtJ/PAoiM=
-18,-13,B2vXHZQGBDt03wm+s52FG1ou5Us=,snqu20hOGCSiJ8GQ5eWuIkfCLB8=
-20,-12,B2vXHZQGBDt03wm+s52FG1ou5Us=,Nf2yIoPsfqIDqlqidnCtJ/PAoiM=
-19,-12,B2vXHZQGBDt03wm+s52FG1ou5Us=,Nf2yIoPsfqIDqlqidnCtJ/PAoiM=
-24,-6,B2vXHZQGBDt03wm+s52FG1ou5Us=,gq8zW5j1uEHRj0Qv/1w6odgjU3g=
-25,-8,B2vXHZQGBDt03wm+s52FG1ou5Us=,HfD6x6EBtUGAdn4oc/oImLCGqQU=
-24,-8,B2vXHZQGBDt03wm+s52FG1ou5Us=,gq8zW5j1uEHRj0Qv/1w6odgjU3g=
-23,-8,B2vXHZQGBDt03wm+s52FG1ou5Us=,gq8zW5j1uEHRj0Qv/1w6odgjU3g=
-25,-7,B2vXHZQGBDt03wm+s52FG1ou5Us=,HfD6x6EBtUGAdn4oc/oImLCGqQU=
-25,-6,B2vXHZQGBDt03wm+s52FG1ou5Us=,HfD6x6EBtUGAdn4oc/oImLCGqQU=
-22,-6,B2vXHZQGBDt03wm+s52FG1ou5Us=,gq8zW5j1uEHRj0Qv/1w6odgjU3g=
-23,-7,B2vXHZQGBDt03wm+s52FG1ou5Us=,gq8zW5j1uEHRj0Qv/1w6odgjU3g=
-24,-7,B2vXHZQGBDt03wm+s52FG1ou5Us=,gq8zW5j1uEHRj0Qv/1w6odgjU3g=
-22,-8,B2vXHZQGBDt03wm+s52FG1ou5Us=,gq8zW5j1uEHRj0Qv/1w6odgjU3g=
-22,-7,B2vXHZQGBDt03wm+s52FG1ou5Us=,gq8zW5j1uEHRj0Qv/1w6odgjU3g=
-23,-9,B2vXHZQGBDt03wm+s52FG1ou5Us=,JdaVYM9n9QIS/Q06O9I4D+GAReA=
-22,-9,B2vXHZQGBDt03wm+s52FG1ou5Us=,JdaVYM9n9QIS/Q06O9I4D+GAReA=
-24,-9,B2vXHZQGBDt03wm+s52FG1ou5Us=,JdaVYM9n9QIS/Q06O9I4D+GAReA=
-23,-6,B2vXHZQGBDt03wm+s52FG1ou5Us=,gq8zW5j1uEHRj0Qv/1w6odgjU3g=
-25,-9,B2vXHZQGBDt03wm+s52FG1ou5Us=,BMF2fdW0c8hsVFFZjena9ZG7DsI=
-27,-1,B2vXHZQGBDt03wm+s52FG1ou5Us=,cAdj8Rlyn9myz6zCdnlvoEeGcVU=
-26,-1,B2vXHZQGBDt03wm+s52FG1ou5Us=,cAdj8Rlyn9myz6zCdnlvoEeGcVU=
-31,-1,B2vXHZQGBDt03wm+s52FG1ou5Us=,eSM7NDxX9qIkK+o/FxTxdqkD+yA=
-30,-1,B2vXHZQGBDt03wm+s52FG1ou5Us=,eSM7NDxX9qIkK+o/FxTxdqkD+yA=
-28,-1,B2vXHZQGBDt03wm+s52FG1ou5Us=,cAdj8Rlyn9myz6zCdnlvoEeGcVU=
-29,-1,B2vXHZQGBDt03wm+s52FG1ou5Us=,eSM7NDxX9qIkK+o/FxTxdqkD+yA=
-17,-10,B2vXHZQGBDt03wm+s52FG1ou5Us=,Nf2yIoPsfqIDqlqidnCtJ/PAoiM=
-17,-11,B2vXHZQGBDt03wm+s52FG1ou5Us=,Nf2yIoPsfqIDqlqidnCtJ/PAoiM=
-17,-12,B2vXHZQGBDt03wm+s52FG1ou5Us=,Nf2yIoPsfqIDqlqidnCtJ/PAoiM=
-17,-13,B2vXHZQGBDt03wm+s52FG1ou5Us=,snqu20hOGCSiJ8GQ5eWuIkfCLB8=
-17,-14,B2vXHZQGBDt03wm+s52FG1ou5Us=,snqu20hOGCSiJ8GQ5eWuIkfCLB8=
-17,-15,B2vXHZQGBDt03wm+s52FG1ou5Us=,snqu20hOGCSiJ8GQ5eWuIkfCLB8=
-18,-6,B2vXHZQGBDt03wm+s52FG1ou5Us=,V5ma408VLacEZc37UkG716tyYic=
-19,-7,B2vXHZQGBDt03wm+s52FG1ou5Us=,V5ma408VLacEZc37UkG716tyYic=
-21,-8,B2vXHZQGBDt03wm+s52FG1ou5Us=,gq8zW5j1uEHRj0Qv/1w6odgjU3g=
-21,-6,B2vXHZQGBDt03wm+s52FG1ou5Us=,gq8zW5j1uEHRj0Qv/1w6odgjU3g=
-19,-6,B2vXHZQGBDt03wm+s52FG1ou5Us=,V5ma408VLacEZc37UkG716tyYic=
-17,-7,B2vXHZQGBDt03wm+s52FG1ou5Us=,V5ma408VLacEZc37UkG716tyYic=
-20,-6,B2vXHZQGBDt03wm+s52FG1ou5Us=,V5ma408VLacEZc37UkG716tyYic=
-19,-8,B2vXHZQGBDt03wm+s52FG1ou5Us=,V5ma408VLacEZc37UkG716tyYic=
-20,-7,B2vXHZQGBDt03wm+s52FG1ou5Us=,V5ma408VLacEZc37UkG716tyYic=
-17,-8,B2vXHZQGBDt03wm+s52FG1ou5Us=,V5ma408VLacEZc37UkG716tyYic=
-18,-7,B2vXHZQGBDt03wm+s52FG1ou5Us=,V5ma408VLacEZc37UkG716tyYic=
-20,-8,B2vXHZQGBDt03wm+s52FG1ou5Us=,V5ma408VLacEZc37UkG716tyYic=
-17,-9,B2vXHZQGBDt03wm+s52FG1ou5Us=,Nf2yIoPsfqIDqlqidnCtJ/PAoiM=
-19,-9,B2vXHZQGBDt03wm+s52FG1ou5Us=,Nf2yIoPsfqIDqlqidnCtJ/PAoiM=
-21,-9,B2vXHZQGBDt03wm+s52FG1ou5Us=,JdaVYM9n9QIS/Q06O9I4D+GAReA=
-18,-9,B2vXHZQGBDt03wm+s52FG1ou5Us=,Nf2yIoPsfqIDqlqidnCtJ/PAoiM=
-21,-7,B2vXHZQGBDt03wm+s52FG1ou5Us=,gq8zW5j1uEHRj0Qv/1w6odgjU3g=
-20,-9,B2vXHZQGBDt03wm+s52FG1ou5Us=,Nf2yIoPsfqIDqlqidnCtJ/PAoiM=
-18,-8,B2vXHZQGBDt03wm+s52FG1ou5Us=,V5ma408VLacEZc37UkG716tyYic=
-17,-6,B2vXHZQGBDt03wm+s52FG1ou5Us=,V5ma408VLacEZc37UkG716tyYic=
-24,-1,B2vXHZQGBDt03wm+s52FG1ou5Us=,gZ2XqMSOj3gyraDxBwXhnKwcMUE=
-25,-4,B2vXHZQGBDt03wm+s52FG1ou5Us=,cAdj8Rlyn9myz6zCdnlvoEeGcVU=
-22,-3,B2vXHZQGBDt03wm+s52FG1ou5Us=,gZ2XqMSOj3gyraDxBwXhnKwcMUE=
-22,-4,B2vXHZQGBDt03wm+s52FG1ou5Us=,gZ2XqMSOj3gyraDxBwXhnKwcMUE=
-25,-1,B2vXHZQGBDt03wm+s52FG1ou5Us=,cAdj8Rlyn9myz6zCdnlvoEeGcVU=
-23,-3,B2vXHZQGBDt03wm+s52FG1ou5Us=,gZ2XqMSOj3gyraDxBwXhnKwcMUE=
-23,-4,B2vXHZQGBDt03wm+s52FG1ou5Us=,gZ2XqMSOj3gyraDxBwXhnKwcMUE=
-22,-5,B2vXHZQGBDt03wm+s52FG1ou5Us=,gq8zW5j1uEHRj0Qv/1w6odgjU3g=
-25,-2,B2vXHZQGBDt03wm+s52FG1ou5Us=,cAdj8Rlyn9myz6zCdnlvoEeGcVU=
-22,-2,B2vXHZQGBDt03wm+s52FG1ou5Us=,gZ2XqMSOj3gyraDxBwXhnKwcMUE=
-22,-1,B2vXHZQGBDt03wm+s52FG1ou5Us=,gZ2XqMSOj3gyraDxBwXhnKwcMUE=
-25,-3,B2vXHZQGBDt03wm+s52FG1ou5Us=,cAdj8Rlyn9myz6zCdnlvoEeGcVU=
-23,-5,B2vXHZQGBDt03wm+s52FG1ou5Us=,gq8zW5j1uEHRj0Qv/1w6odgjU3g=
-25,-5,B2vXHZQGBDt03wm+s52FG1ou5Us=,HfD6x6EBtUGAdn4oc/oImLCGqQU=
-23,-2,B2vXHZQGBDt03wm+s52FG1ou5Us=,gZ2XqMSOj3gyraDxBwXhnKwcMUE=
-24,-4,B2vXHZQGBDt03wm+s52FG1ou5Us=,gZ2XqMSOj3gyraDxBwXhnKwcMUE=
-23,-1,B2vXHZQGBDt03wm+s52FG1ou5Us=,gZ2XqMSOj3gyraDxBwXhnKwcMUE=
-24,-2,B2vXHZQGBDt03wm+s52FG1ou5Us=,gZ2XqMSOj3gyraDxBwXhnKwcMUE=
-24,-5,B2vXHZQGBDt03wm+s52FG1ou5Us=,gq8zW5j1uEHRj0Qv/1w6odgjU3g=
-24,-3,B2vXHZQGBDt03wm+s52FG1ou5Us=,gZ2XqMSOj3gyraDxBwXhnKwcMUE=
-32,-6,B2vXHZQGBDt03wm+s52FG1ou5Us=,WLrUrzFHrMKguE94gn4vCm4pXvk=
-32,-7,B2vXHZQGBDt03wm+s52FG1ou5Us=,WLrUrzFHrMKguE94gn4vCm4pXvk=
-32,-2,B2vXHZQGBDt03wm+s52FG1ou5Us=,eSM7NDxX9qIkK+o/FxTxdqkD+yA=
-32,-4,B2vXHZQGBDt03wm+s52FG1ou5Us=,eSM7NDxX9qIkK+o/FxTxdqkD+yA=
-32,-3,B2vXHZQGBDt03wm+s52FG1ou5Us=,eSM7NDxX9qIkK+o/FxTxdqkD+yA=
-32,-5,B2vXHZQGBDt03wm+s52FG1ou5Us=,WLrUrzFHrMKguE94gn4vCm4pXvk=
-26,-16,B2vXHZQGBDt03wm+s52FG1ou5Us=,UmihAl0pi7oIhIyLg73AWKgKb9U=
-27,-16,B2vXHZQGBDt03wm+s52FG1ou5Us=,UmihAl0pi7oIhIyLg73AWKgKb9U=
-20,-5,B2vXHZQGBDt03wm+s52FG1ou5Us=,V5ma408VLacEZc37UkG716tyYic=
-17,-3,B2vXHZQGBDt03wm+s52FG1ou5Us=,MK4OgqMso4335T8L1WO0nA2LJlU=
-25,-16,B2vXHZQGBDt03wm+s52FG1ou5Us=,UmihAl0pi7oIhIyLg73AWKgKb9U=
-28,-9,B2vXHZQGBDt03wm+s52FG1ou5Us=,BMF2fdW0c8hsVFFZjena9ZG7DsI=
-24,-16,B2vXHZQGBDt03wm+s52FG1ou5Us=,rzckEa5G0BnilLvGWa42UpPtEYE=
-17,-2,B2vXHZQGBDt03wm+s52FG1ou5Us=,MK4OgqMso4335T8L1WO0nA2LJlU=
-32,-9,B2vXHZQGBDt03wm+s52FG1ou5Us=,0xp6nLHCs6d56t8j4VJl17/zz9M=
-19,-4,B2vXHZQGBDt03wm+s52FG1ou5Us=,MK4OgqMso4335T8L1WO0nA2LJlU=
-20,-1,B2vXHZQGBDt03wm+s52FG1ou5Us=,MK4OgqMso4335T8L1WO0nA2LJlU=
-18,-2,B2vXHZQGBDt03wm+s52FG1ou5Us=,MK4OgqMso4335T8L1WO0nA2LJlU=
-19,-2,uva2P+22MoKtmacEZiWBMNCOgBE=,MK4OgqMso4335T8L1WO0nA2LJlU=
-23,-16,uva2P+22MoKtmacEZiWBMNCOgBE=,rzckEa5G0BnilLvGWa42UpPtEYE=
-31,-9,uva2P+22MoKtmacEZiWBMNCOgBE=,0xp6nLHCs6d56t8j4VJl17/zz9M=
-29,-10,uva2P+22MoKtmacEZiWBMNCOgBE=,0xp6nLHCs6d56t8j4VJl17/zz9M=
-30,-9,uva2P+22MoKtmacEZiWBMNCOgBE=,0xp6nLHCs6d56t8j4VJl17/zz9M=
-21,-3,uva2P+22MoKtmacEZiWBMNCOgBE=,gZ2XqMSOj3gyraDxBwXhnKwcMUE=
-30,-10,uva2P+22MoKtmacEZiWBMNCOgBE=,0xp6nLHCs6d56t8j4VJl17/zz9M=
-19,-5,uva2P+22MoKtmacEZiWBMNCOgBE=,V5ma408VLacEZc37UkG716tyYic=
-29,-9,uva2P+22MoKtmacEZiWBMNCOgBE=,0xp6nLHCs6d56t8j4VJl17/zz9M=
-22,-16,uva2P+22MoKtmacEZiWBMNCOgBE=,rzckEa5G0BnilLvGWa42UpPtEYE=
-31,-10,uva2P+22MoKtmacEZiWBMNCOgBE=,0xp6nLHCs6d56t8j4VJl17/zz9M=
-18,-3,uva2P+22MoKtmacEZiWBMNCOgBE=,MK4OgqMso4335T8L1WO0nA2LJlU=
-32,-11,uva2P+22MoKtmacEZiWBMNCOgBE=,0xp6nLHCs6d56t8j4VJl17/zz9M=
-18,-5,uva2P+22MoKtmacEZiWBMNCOgBE=,V5ma408VLacEZc37UkG716tyYic=
-28,-10,uva2P+22MoKtmacEZiWBMNCOgBE=,BMF2fdW0c8hsVFFZjena9ZG7DsI=
-28,-8,uva2P+22MoKtmacEZiWBMNCOgBE=,HfD6x6EBtUGAdn4oc/oImLCGqQU=
-19,-3,uva2P+22MoKtmacEZiWBMNCOgBE=,MK4OgqMso4335T8L1WO0nA2LJlU=
-17,-5,uva2P+22MoKtmacEZiWBMNCOgBE=,V5ma408VLacEZc37UkG716tyYic=
-21,-4,uva2P+22MoKtmacEZiWBMNCOgBE=,gZ2XqMSOj3gyraDxBwXhnKwcMUE=
-20,-3,uva2P+22MoKtmacEZiWBMNCOgBE=,MK4OgqMso4335T8L1WO0nA2LJlU=
-32,-10,uva2P+22MoKtmacEZiWBMNCOgBE=,0xp6nLHCs6d56t8j4VJl17/zz9M=
-32,-8,uva2P+22MoKtmacEZiWBMNCOgBE=,WLrUrzFHrMKguE94gn4vCm4pXvk=
-21,-2,uva2P+22MoKtmacEZiWBMNCOgBE=,gZ2XqMSOj3gyraDxBwXhnKwcMUE=
-28,-13,uva2P+22MoKtmacEZiWBMNCOgBE=,UmihAl0pi7oIhIyLg73AWKgKb9U=
-31,-8,uva2P+22MoKtmacEZiWBMNCOgBE=,WLrUrzFHrMKguE94gn4vCm4pXvk=
-20,-16,uva2P+22MoKtmacEZiWBMNCOgBE=,snqu20hOGCSiJ8GQ5eWuIkfCLB8=
-17,-4,uva2P+22MoKtmacEZiWBMNCOgBE=,MK4OgqMso4335T8L1WO0nA2LJlU=
-21,-5,uva2P+22MoKtmacEZiWBMNCOgBE=,gq8zW5j1uEHRj0Qv/1w6odgjU3g=
-29,-11,uva2P+22MoKtmacEZiWBMNCOgBE=,0xp6nLHCs6d56t8j4VJl17/zz9M=
-32,-13,uva2P+22MoKtmacEZiWBMNCOgBE=,YL5ecOXJezyR95tgI7X+joldXnI=
-19,-16,uva2P+22MoKtmacEZiWBMNCOgBE=,snqu20hOGCSiJ8GQ5eWuIkfCLB8=
-18,-16,uva2P+22MoKtmacEZiWBMNCOgBE=,snqu20hOGCSiJ8GQ5eWuIkfCLB8=
-31,-16,uva2P+22MoKtmacEZiWBMNCOgBE=,YL5ecOXJezyR95tgI7X+joldXnI=
-31,-13,uva2P+22MoKtmacEZiWBMNCOgBE=,YL5ecOXJezyR95tgI7X+joldXnI=
-21,-16,uva2P+22MoKtmacEZiWBMNCOgBE=,rzckEa5G0BnilLvGWa42UpPtEYE=
-31,-11,uva2P+22MoKtmacEZiWBMNCOgBE=,0xp6nLHCs6d56t8j4VJl17/zz9M=
-18,-4,uva2P+22MoKtmacEZiWBMNCOgBE=,MK4OgqMso4335T8L1WO0nA2LJlU=
-32,-1,uva2P+22MoKtmacEZiWBMNCOgBE=,eSM7NDxX9qIkK+o/FxTxdqkD+yA=
-32,-16,uva2P+22MoKtmacEZiWBMNCOgBE=,YL5ecOXJezyR95tgI7X+joldXnI=
-21,-1,uva2P+22MoKtmacEZiWBMNCOgBE=,gZ2XqMSOj3gyraDxBwXhnKwcMUE=
-30,-8,uva2P+22MoKtmacEZiWBMNCOgBE=,WLrUrzFHrMKguE94gn4vCm4pXvk=
-17,-16,uva2P+22MoKtmacEZiWBMNCOgBE=,snqu20hOGCSiJ8GQ5eWuIkfCLB8=
-29,-8,uva2P+22MoKtmacEZiWBMNCOgBE=,WLrUrzFHrMKguE94gn4vCm4pXvk=
-30,-11,uva2P+22MoKtmacEZiWBMNCOgBE=,0xp6nLHCs6d56t8j4VJl17/zz9M=
-29,-14,uva2P+22MoKtmacEZiWBMNCOgBE=,YL5ecOXJezyR95tgI7X+joldXnI=
-30,-16,uva2P+22MoKtmacEZiWBMNCOgBE=,YL5ecOXJezyR95tgI7X+joldXnI=
-28,-11,uva2P+22MoKtmacEZiWBMNCOgBE=,BMF2fdW0c8hsVFFZjena9ZG7DsI=
-17,-1,uva2P+22MoKtmacEZiWBMNCOgBE=,MK4OgqMso4335T8L1WO0nA2LJlU=
-30,-13,uva2P+22MoKtmacEZiWBMNCOgBE=,YL5ecOXJezyR95tgI7X+joldXnI=
-20,-2,uva2P+22MoKtmacEZiWBMNCOgBE=,MK4OgqMso4335T8L1WO0nA2LJlU=
-28,-14,uva2P+22MoKtmacEZiWBMNCOgBE=,UmihAl0pi7oIhIyLg73AWKgKb9U=
-18,-1,uva2P+22MoKtmacEZiWBMNCOgBE=,MK4OgqMso4335T8L1WO0nA2LJlU=
-20,-4,uva2P+22MoKtmacEZiWBMNCOgBE=,MK4OgqMso4335T8L1WO0nA2LJlU=
-19,-1,uva2P+22MoKtmacEZiWBMNCOgBE=,MK4OgqMso4335T8L1WO0nA2LJlU=
-32,-15,uva2P+22MoKtmacEZiWBMNCOgBE=,YL5ecOXJezyR95tgI7X+joldXnI=
-31,-15,uva2P+22MoKtmacEZiWBMNCOgBE=,YL5ecOXJezyR95tgI7X+joldXnI=
-32,-14,uva2P+22MoKtmacEZiWBMNCOgBE=,YL5ecOXJezyR95tgI7X+joldXnI=
-31,-14,uva2P+22MoKtmacEZiWBMNCOgBE=,YL5ecOXJezyR95tgI7X+joldXnI=
-28,-16,uva2P+22MoKtmacEZiWBMNCOgBE=,UmihAl0pi7oIhIyLg73AWKgKb9U=
-29,-12,uva2P+22MoKtmacEZiWBMNCOgBE=,0xp6nLHCs6d56t8j4VJl17/zz9M=
-29,-15,uva2P+22MoKtmacEZiWBMNCOgBE=,YL5ecOXJezyR95tgI7X+joldXnI=
-30,-14,uva2P+22MoKtmacEZiWBMNCOgBE=,YL5ecOXJezyR95tgI7X+joldXnI=
-28,-15,uva2P+22MoKtmacEZiWBMNCOgBE=,UmihAl0pi7oIhIyLg73AWKgKb9U=
-30,-12,uva2P+22MoKtmacEZiWBMNCOgBE=,0xp6nLHCs6d56t8j4VJl17/zz9M=
-31,-12,uva2P+22MoKtmacEZiWBMNCOgBE=,0xp6nLHCs6d56t8j4VJl17/zz9M=
-29,-13,uva2P+22MoKtmacEZiWBMNCOgBE=,YL5ecOXJezyR95tgI7X+joldXnI=
-32,-12,uva2P+22MoKtmacEZiWBMNCOgBE=,0xp6nLHCs6d56t8j4VJl17/zz9M=
-28,-12,uva2P+22MoKtmacEZiWBMNCOgBE=,BMF2fdW0c8hsVFFZjena9ZG7DsI=
-30,-15,uva2P+22MoKtmacEZiWBMNCOgBE=,YL5ecOXJezyR95tgI7X+joldXnI=
-29,-16,uva2P+22MoKtmacEZiWBMNCOgBE=,YL5ecOXJezyR95tgI7X+joldXnI=
