48,-65,6xul8gEMTQoxPOf0HI5Zzn+nF74=,YkoAfnsUdIN/z4INpvLfV8wmo+M=
33,-65,jAn6PlyLWiJGKm/mT58Dz3TFKvE=,ieMcJebJdqzWIVeSqR0NucB2l0o=
36,-65,jAn6PlyLWiJGKm/mT58Dz3TFKvE=,tPn0Vf4/oeFug9jHtDHNyM5j6As=
37,-65,jAn6PlyLWiJGKm/mT58Dz3TFKvE=,tPn0Vf4/oeFug9jHtDHNyM5j6As=
38,-65,jAn6PlyLWiJGKm/mT58Dz3TFKvE=,tPn0Vf4/oeFug9jHtDHNyM5j6As=
35,-65,jAn6PlyLWiJGKm/mT58Dz3TFKvE=,ieMcJebJdqzWIVeSqR0NucB2l0o=
45,-65,jAn6PlyLWiJGKm/mT58Dz3TFKvE=,wo4wR5Gxe0kStc9jD/P2FVKqMQQ=
46,-65,jAn6PlyLWiJGKm/mT58Dz3TFKvE=,wo4wR5Gxe0kStc9jD/P2FVKqMQQ=
32,-65,jAn6PlyLWiJGKm/mT58Dz3TFKvE=,ieMcJebJdqzWIVeSqR0NucB2l0o=
47,-65,jAn6PlyLWiJGKm/mT58Dz3TFKvE=,wo4wR5Gxe0kStc9jD/P2FVKqMQQ=
34,-65,jAn6PlyLWiJGKm/mT58Dz3TFKvE=,ieMcJebJdqzWIVeSqR0NucB2l0o=
39,-65,jAn6PlyLWiJGKm/mT58Dz3TFKvE=,tPn0Vf4/oeFug9jHtDHNyM5j6As=
44,-65,jAn6PlyLWiJGKm/mT58Dz3TFKvE=,wo4wR5Gxe0kStc9jD/P2FVKqMQQ=
43,-65,jAn6PlyLWiJGKm/mT58Dz3TFKvE=,gZd4VX9obAzpQfKV3ONspLP9OG4=
42,-65,jAn6PlyLWiJGKm/mT58Dz3TFKvE=,gZd4VX9obAzpQfKV3ONspLP9OG4=
41,-65,jAn6PlyLWiJGKm/mT58Dz3TFKvE=,gZd4VX9obAzpQfKV3ONspLP9OG4=
40,-65,jAn6PlyLWiJGKm/mT58Dz3TFKvE=,gZd4VX9obAzpQfKV3ONspLP9OG4=
