-1,-1,zTDtLCG26EaA1jRRJCYU1wqbCPY=,mfgZ5Ef8lAyZUR+V77Pk/3GcQU8=
-1,-2,UXc7CqVJnVMUtfCoOJe+1+9EHnQ=,mfgZ5Ef8lAyZUR+V77Pk/3GcQU8=
-1,-3,UXc7CqVJnVMUtfCoOJe+1+9EHnQ=,mfgZ5Ef8lAyZUR+V77Pk/3GcQU8=
-1,-4,8scYMi4WssxcJu3SGGuMqRk1nFI=,mfgZ5Ef8lAyZUR+V77Pk/3GcQU8=
-1,-5,XYMheRCJuIkAsZ6rYHSfG9kYnfc=,YlRrHSbKXUj+iFYI+tcamZNM6vY=
-1,-6,uoxa+AZIKDP+youK0TOqWIOAgJE=,JqkY0pr/JkLfnwWNuoTZwquvl+Y=
-1,-8,12alKRQMQPcIRC0ARj+dz10sVCY=,mfgZ5Ef8lAyZUR+V77Pk/3GcQU8=
-1,-7,12alKRQMQPcIRC0ARj+dz10sVCY=,nesPeKuLkECUdBEvhmThqMDOnPI=
-1,-9,12alKRQMQPcIRC0ARj+dz10sVCY=,emnFlNmHcK5vhg1OlO5XzQBeWDk=
-1,-10,W5IdpRNO0SRiwN/rrQSl+1o9NFw=,emnFlNmHcK5vhg1OlO5XzQBeWDk=
-1,-11,mIydwgGTHF+aGlQ3QDxoPof7BHo=,emnFlNmHcK5vhg1OlO5XzQBeWDk=
-1,-12,mIydwgGTHF+aGlQ3QDxoPof7BHo=,emnFlNmHcK5vhg1OlO5XzQBeWDk=
-1,-13,obdhpmweEuHUEmeS89g+NvgzIiw=,emnFlNmHcK5vhg1OlO5XzQBeWDk=
-1,-14,+vHM0EuWUNgQ6q4L2TY4KpQntGQ=,emnFlNmHcK5vhg1OlO5XzQBeWDk=
-1,-17,+vHM0EuWUNgQ6q4L2TY4KpQntGQ=,FvvDFdetwjuhglLAGrc8QatyEhE=
-1,-16,g7c1A/0JP6f1HuXAq7K2BxDM3Lk=,emnFlNmHcK5vhg1OlO5XzQBeWDk=
-1,-15,g7c1A/0JP6f1HuXAq7K2BxDM3Lk=,emnFlNmHcK5vhg1OlO5XzQBeWDk=
-2,-2,P0vzLyI5w38HCs8bBRoOZzUXmUQ=,IOJt76F60IrWkOJmm488/C4FQFY=
-2,-1,JDOnLOSgiEfmUbp7Twyw0gPOThk=,mfgZ5Ef8lAyZUR+V77Pk/3GcQU8=
-2,-4,CNABjVJBg9+rJXf9jH1WMaZb8eg=,mfgZ5Ef8lAyZUR+V77Pk/3GcQU8=
-2,-3,x9D321JHJ+2YJmUlOjwNnUzT1kI=,mfgZ5Ef8lAyZUR+V77Pk/3GcQU8=
-2,-6,x9D321JHJ+2YJmUlOjwNnUzT1kI=,0dLhoOqSkiP/NpmQ/D46CvrFJpM=
-2,-5,wxeA1BQwML6HLr2HU271DTGctFg=,l0UKEIzp5Q83DJQ6K9/EaQcxr2A=
-2,-8,wxeA1BQwML6HLr2HU271DTGctFg=,mfgZ5Ef8lAyZUR+V77Pk/3GcQU8=
-2,-7,BPAxi4u7eLYy6yaFHoZQXv8Sa/U=,CX0jzPTuOZONOhdMsfre0YPL5gU=
-2,-9,BPAxi4u7eLYy6yaFHoZQXv8Sa/U=,emnFlNmHcK5vhg1OlO5XzQBeWDk=
-2,-10,WdHCgSGImgKgv2cXWBVPfGvx0+8=,emnFlNmHcK5vhg1OlO5XzQBeWDk=
-2,-12,WdHCgSGImgKgv2cXWBVPfGvx0+8=,emnFlNmHcK5vhg1OlO5XzQBeWDk=
-2,-14,AKrYbGy0zeyriA9a0g7eI/WWjms=,emnFlNmHcK5vhg1OlO5XzQBeWDk=
-2,-11,AKrYbGy0zeyriA9a0g7eI/WWjms=,emnFlNmHcK5vhg1OlO5XzQBeWDk=
-2,-13,HXHLdWMwN+w16u24V4EvK4EuRMk=,emnFlNmHcK5vhg1OlO5XzQBeWDk=
-2,-15,ICmcTcULh/S0LgcSo/VDIjkOg+0=,emnFlNmHcK5vhg1OlO5XzQBeWDk=
-2,-16,ICmcTcULh/S0LgcSo/VDIjkOg+0=,emnFlNmHcK5vhg1OlO5XzQBeWDk=
-2,-17,ICmcTcULh/S0LgcSo/VDIjkOg+0=,FvvDFdetwjuhglLAGrc8QatyEhE=
-3,-3,tgRG0DAqN7x5MXeaXIl5ikCeYRE=,mfgZ5Ef8lAyZUR+V77Pk/3GcQU8=
-3,-4,XdGoUwIvXAp2ZhCK2ZL6NUcVjRc=,mfgZ5Ef8lAyZUR+V77Pk/3GcQU8=
-3,-2,0BWhIWpjDTbgPmk1R4uoQKPWNPo=,DcBCNi4PTU/ot6Y5VJ1BgkEihHk=
-3,-1,0BWhIWpjDTbgPmk1R4uoQKPWNPo=,+FYhcJ9dHDPtUmKGwKIAmUrs34U=
-3,-7,0BWhIWpjDTbgPmk1R4uoQKPWNPo=,iyJISdqjZHaFs+bi0rU0fqLeukg=
-3,-8,jeoIojb1/CYT1ud/otPwiVqP9qU=,mfgZ5Ef8lAyZUR+V77Pk/3GcQU8=
-3,-5,0sjqGZdRHIF+trdNGT+MIx70tp8=,mfgZ5Ef8lAyZUR+V77Pk/3GcQU8=
-3,-11,uGB2JhdNhRNX0tKsRXpNovUK49Q=,emnFlNmHcK5vhg1OlO5XzQBeWDk=
-3,-12,uGB2JhdNhRNX0tKsRXpNovUK49Q=,emnFlNmHcK5vhg1OlO5XzQBeWDk=
-3,-6,uGB2JhdNhRNX0tKsRXpNovUK49Q=,RdbgkALEFsT+p82EDj0PAQc7jck=
-3,-9,uGB2JhdNhRNX0tKsRXpNovUK49Q=,emnFlNmHcK5vhg1OlO5XzQBeWDk=
-3,-10,ouOdzh/ftSZEREuwmyTT508LME4=,emnFlNmHcK5vhg1OlO5XzQBeWDk=
-3,-15,ouOdzh/ftSZEREuwmyTT508LME4=,emnFlNmHcK5vhg1OlO5XzQBeWDk=
-3,-13,6wj3laAOmHxtkSkvzyQTzFoYtk4=,emnFlNmHcK5vhg1OlO5XzQBeWDk=
-3,-16,6wj3laAOmHxtkSkvzyQTzFoYtk4=,emnFlNmHcK5vhg1OlO5XzQBeWDk=
-3,-17,6wj3laAOmHxtkSkvzyQTzFoYtk4=,FvvDFdetwjuhglLAGrc8QatyEhE=
-4,-4,6I8LnynFW3Xm5iwes30/0hIeQAw=,RlD7/vkmYIVGOOMjMyn3XTHqY+c=
-3,-14,6I8LnynFW3Xm5iwes30/0hIeQAw=,emnFlNmHcK5vhg1OlO5XzQBeWDk=
-4,-3,KzlC9BpKCUb01AsGjgKUz3b491c=,cIo3IGuOV99r+nQHR6PRO3fRgAg=
-4,-2,4uCjUOkC5+hsh0XfpX4mYU5M7nA=,2v9SjrLQ6mngVNEBrOm8YRZYRz0=
-4,-1,4uCjUOkC5+hsh0XfpX4mYU5M7nA=,Qy2u9xOxtEI+hn1OXUZ+dxLvijU=
-4,-7,kCbi6mtcSfKF+lCgj6N3+0VX8hM=,JvRUY4qFndiDLLo+W/QdadX/qgk=
-4,-8,kCbi6mtcSfKF+lCgj6N3+0VX8hM=,mfgZ5Ef8lAyZUR+V77Pk/3GcQU8=
-4,-6,A66rPufHAxicBbZ4CwvzoS5IZZc=,ysHlpVcpZWW+nPgK/pnWGR9a9Ok=
-4,-5,mSRMJqlEA+9mCZItVwIw0frLuSM=,mfgZ5Ef8lAyZUR+V77Pk/3GcQU8=
-4,-12,uBkKOyNcf8R9qNbqeEFu+NxI49c=,xtf8H2KNvQLAo3pULojvwAR4MME=
-4,-11,uBkKOyNcf8R9qNbqeEFu+NxI49c=,emnFlNmHcK5vhg1OlO5XzQBeWDk=
-4,-10,uBkKOyNcf8R9qNbqeEFu+NxI49c=,emnFlNmHcK5vhg1OlO5XzQBeWDk=
-4,-9,uBkKOyNcf8R9qNbqeEFu+NxI49c=,emnFlNmHcK5vhg1OlO5XzQBeWDk=
-4,-16,CneBNqN1hUv57AS1v/nKOVtfMXM=,emnFlNmHcK5vhg1OlO5XzQBeWDk=
-4,-15,CneBNqN1hUv57AS1v/nKOVtfMXM=,emnFlNmHcK5vhg1OlO5XzQBeWDk=
-4,-13,6Rica3VTnJyb1MSiYeoY+DiP7/Y=,HQ/I5f2J5Hb6fHqIwJLwjW+D1CM=
-4,-14,6Rica3VTnJyb1MSiYeoY+DiP7/Y=,emnFlNmHcK5vhg1OlO5XzQBeWDk=
-4,-17,6Rica3VTnJyb1MSiYeoY+DiP7/Y=,FvvDFdetwjuhglLAGrc8QatyEhE=
-5,-5,gJu+HDMU0J03YrU2lQflxjE6uog=,3tORRu3JElb9KO4tWCi5hFd7ulk=
-5,-6,gJu+HDMU0J03YrU2lQflxjE6uog=,sZWGFhsae3d6ipHwSw+UdQd7zxY=
-5,-7,ReQaNvORyhcgJXQi1idicXqrRZY=,pEZXdauE4ThjBle/Rao21gQ/hfU=
-5,-8,2t3hKcEoo0Bn3UHJOqwfD+DldjE=,mfgZ5Ef8lAyZUR+V77Pk/3GcQU8=
-5,-1,2t3hKcEoo0Bn3UHJOqwfD+DldjE=,IO1ZLLlOC36k5Vd4HwvkRXbyB8I=
-5,-2,gfo8T3qsXmxeMu6BLlxkF2ilepA=,w7OyUeGYkpA43Wm9rPmZmaPKCt4=
-5,-3,gfo8T3qsXmxeMu6BLlxkF2ilepA=,VU96y1qX+9EKkdSe7xDtQjkog7g=
-5,-4,TXTJfV8yZHUjDFaLlopP3SpVNTQ=,RpVA6r+uRNyt/JUCY68g2uT/4vM=
-5,-13,Kq6FsyOCbEpEgEQQVfvVEX2/el4=,ZVvsgKTv0EofVjCV9ai7RHayN3A=
-5,-14,Kq6FsyOCbEpEgEQQVfvVEX2/el4=,rMMp02Skj+35bqPAymdwJbSnTqA=
-5,-15,wn/pPa2QxiMxPSCXDn4NVgMEFzQ=,zFn/dMDMngVGZ8LdeFILcEt09s4=
-5,-16,wn/pPa2QxiMxPSCXDn4NVgMEFzQ=,Ur1NsugIqp6zM5kADW4GPnaXPDs=
-5,-9,wn/pPa2QxiMxPSCXDn4NVgMEFzQ=,emnFlNmHcK5vhg1OlO5XzQBeWDk=
-5,-10,jHtoFIrO857WdPLgvk4CJzYnG+M=,emnFlNmHcK5vhg1OlO5XzQBeWDk=
-5,-11,jHtoFIrO857WdPLgvk4CJzYnG+M=,xtf8H2KNvQLAo3pULojvwAR4MME=
-5,-17,jHtoFIrO857WdPLgvk4CJzYnG+M=,FvvDFdetwjuhglLAGrc8QatyEhE=
-5,-12,sgPFm7Wln+OD0swEZ3DbDwj+iE8=,2I0Fr6kamoD7DVmf5t9BLkyo3ko=
-6,-6,sgPFm7Wln+OD0swEZ3DbDwj+iE8=,mCCUpT+2v8ZHHAe/2PyacL+xJXQ=
-6,-5,V+Dzu0xgMUk3uCP5gcKse3LP9CE=,sqVcoOEYOORsl/cJFzVLtIqmPqA=
-6,-8,V+Dzu0xgMUk3uCP5gcKse3LP9CE=,f9/FczFksfWECCRpJMIasy4tCWU=
-6,-7,naFEjEt4Uo89D/oGUBosPhxEJSY=,LLFSZ2SnFTSL2Vov1exJJl5QTZk=
-6,-2,naFEjEt4Uo89D/oGUBosPhxEJSY=,mfgZ5Ef8lAyZUR+V77Pk/3GcQU8=
-6,-1,rbs+BdsfJk/n/hD+wzBGh9bLjak=,mfgZ5Ef8lAyZUR+V77Pk/3GcQU8=
-6,-4,I/GcBsuKi70QKdQKKRTC/9qO2x8=,LJg9njXqrqf2eLDU7qkSrwGTeoI=
-6,-3,EkZdAxmDb9XOSGJRlmFLSBeAafk=,mfgZ5Ef8lAyZUR+V77Pk/3GcQU8=
-6,-14,EkZdAxmDb9XOSGJRlmFLSBeAafk=,f50lOUiBpQAMs6QcoxBcfjmjdpk=
-6,-16,4PLWnBztPehQ3ZlXv9FU0BD+UeQ=,YISzSrf6CZDcUMIhgV3XG1dDL+I=
-6,-13,4PLWnBztPehQ3ZlXv9FU0BD+UeQ=,4b818f9AunGpSctyDdF0F7/HaPQ=
-6,-15,DNpcbsBP2kxcV74sVNgGTid5Yrg=,9kAoVOa+nnGd9eLLysxVT3u2740=
-6,-10,DNpcbsBP2kxcV74sVNgGTid5Yrg=,emnFlNmHcK5vhg1OlO5XzQBeWDk=
-6,-9,DNpcbsBP2kxcV74sVNgGTid5Yrg=,emnFlNmHcK5vhg1OlO5XzQBeWDk=
-6,-17,DNpcbsBP2kxcV74sVNgGTid5Yrg=,FvvDFdetwjuhglLAGrc8QatyEhE=
-6,-11,A+OL2JmUqyWvf4PVoeo3eIos1jA=,M++BKsyLA2eT28bEmtkpSZ+E5z0=
-6,-12,A+OL2JmUqyWvf4PVoeo3eIos1jA=,RvypSz9YYaYbwBDDUdP4/fL39EA=
-7,-7,QR+Wm3RBMLsfizoGQnzpy1vqCV0=,TUoEXIq/ewgK77QZynghvqxnxzY=
-7,-8,QR+Wm3RBMLsfizoGQnzpy1vqCV0=,2MWbu/Iy/d/bwHy6fY/bc8NISSM=
-7,-5,L+n18dAvG3BAqj2JZXTHrQikOo8=,RWi+iN0/jZzPfrq1tuXMKU2g0TI=
-7,-6,L+n18dAvG3BAqj2JZXTHrQikOo8=,XsBgYtlngBM0+rUCeBDlJiA5X1c=
-7,-3,EPXheiFqS708jT6UacXX4ZAT+cE=,mfgZ5Ef8lAyZUR+V77Pk/3GcQU8=
-7,-4,AYx297TR1BQDz5+VeJSwmxD6gMY=,QFVFtsBzXZuJcyLxT7Bcm+UAXrE=
-7,-2,rSSQ4GuMPEIVccfzxmrqwjPear8=,mfgZ5Ef8lAyZUR+V77Pk/3GcQU8=
-7,-1,rSSQ4GuMPEIVccfzxmrqwjPear8=,mfgZ5Ef8lAyZUR+V77Pk/3GcQU8=
-7,-15,JRghLbpievTqTexkTIJue+DplNQ=,fL5CF20rdSrcwAwMZrCShu0vhNE=
-7,-16,JRghLbpievTqTexkTIJue+DplNQ=,jsAQpop5PBbonTioW80vis0Jnjw=
-7,-13,YpVhI3tTjIbnlxACHg7Ac1UBemk=,N9EakVnJslbStKL4WsB6hqigi08=
-7,-14,YpVhI3tTjIbnlxACHg7Ac1UBemk=,K3zATzVgJABpTo7Jz6Mxulvu3Q0=
-7,-12,c/lRd2vZaytTIH021WfAZpvrPYQ=,Sh6LmJTmdSfyLn15gb1Rk1iErGo=
-7,-9,c/lRd2vZaytTIH021WfAZpvrPYQ=,emnFlNmHcK5vhg1OlO5XzQBeWDk=
-7,-10,c/lRd2vZaytTIH021WfAZpvrPYQ=,emnFlNmHcK5vhg1OlO5XzQBeWDk=
-7,-11,c/lRd2vZaytTIH021WfAZpvrPYQ=,emnFlNmHcK5vhg1OlO5XzQBeWDk=
-7,-17,c/lRd2vZaytTIH021WfAZpvrPYQ=,FvvDFdetwjuhglLAGrc8QatyEhE=
-8,-8,c/lRd2vZaytTIH021WfAZpvrPYQ=,mfgZ5Ef8lAyZUR+V77Pk/3GcQU8=
-8,-6,95PPccFTUBBBkTF0/Ev7pVIO9UE=,mfgZ5Ef8lAyZUR+V77Pk/3GcQU8=
-8,-7,95PPccFTUBBBkTF0/Ev7pVIO9UE=,mfgZ5Ef8lAyZUR+V77Pk/3GcQU8=
-8,-5,95PPccFTUBBBkTF0/Ev7pVIO9UE=,mfgZ5Ef8lAyZUR+V77Pk/3GcQU8=
-8,-4,95PPccFTUBBBkTF0/Ev7pVIO9UE=,mfgZ5Ef8lAyZUR+V77Pk/3GcQU8=
-8,-3,95PPccFTUBBBkTF0/Ev7pVIO9UE=,mfgZ5Ef8lAyZUR+V77Pk/3GcQU8=
-8,-2,95PPccFTUBBBkTF0/Ev7pVIO9UE=,mfgZ5Ef8lAyZUR+V77Pk/3GcQU8=
-8,-1,WOmHznjhSkJKBEvLrMkdACZHQEc=,mfgZ5Ef8lAyZUR+V77Pk/3GcQU8=
-8,-16,LvUwEAoZIgTJrUtUKL/7nmOJ2o4=,rVRNnvrFGqcTe5P3WvrfclefTwE=
-8,-14,LvUwEAoZIgTJrUtUKL/7nmOJ2o4=,eD8hbq83PvYDfYUfE/fz4hUEZhM=
-8,-15,LvUwEAoZIgTJrUtUKL/7nmOJ2o4=,1XnxP6i4vHiHt+QU6j1njLFmRR0=
-8,-13,LDaIi8ctJ2t9whPaF7Fp2DFoR3s=,YRXoLF/4WMs+rVmJhisCuPv/qBo=
-8,-12,LDaIi8ctJ2t9whPaF7Fp2DFoR3s=,emnFlNmHcK5vhg1OlO5XzQBeWDk=
-8,-9,TJDpga5zCORiB2CeufCqIzSagEY=,emnFlNmHcK5vhg1OlO5XzQBeWDk=
-8,-17,TJDpga5zCORiB2CeufCqIzSagEY=,FvvDFdetwjuhglLAGrc8QatyEhE=
-8,-10,TJDpga5zCORiB2CeufCqIzSagEY=,emnFlNmHcK5vhg1OlO5XzQBeWDk=
-8,-11,TJDpga5zCORiB2CeufCqIzSagEY=,emnFlNmHcK5vhg1OlO5XzQBeWDk=
-9,-10,TJDpga5zCORiB2CeufCqIzSagEY=,vyWfNc4N66BW2MSlx2qd6PBbVDQ=
-9,-9,TJDpga5zCORiB2CeufCqIzSagEY=,vyWfNc4N66BW2MSlx2qd6PBbVDQ=
-9,-11,brR3CDURGwgAXG9gP+ExzmoM3Nw=,kMlRPz7N1ZGfice4mjk8LIu9bP8=
-9,-12,brR3CDURGwgAXG9gP+ExzmoM3Nw=,k6ciilyN6htngGNwLd3cPelSSlg=
-9,-14,brR3CDURGwgAXG9gP+ExzmoM3Nw=,vyWfNc4N66BW2MSlx2qd6PBbVDQ=
-9,-15,brR3CDURGwgAXG9gP+ExzmoM3Nw=,vyWfNc4N66BW2MSlx2qd6PBbVDQ=
-9,-13,brR3CDURGwgAXG9gP+ExzmoM3Nw=,vyWfNc4N66BW2MSlx2qd6PBbVDQ=
-9,-16,brR3CDURGwgAXG9gP+ExzmoM3Nw=,vyWfNc4N66BW2MSlx2qd6PBbVDQ=
-9,-1,4jqZcjilxbSKSgiXoFybxqrZ3vI=,HsFOUv9jL3wTXKP1qFeUkmJqNtE=
-9,-2,bwAj4z4/mfcZm0RadgVQbnmAYj8=,KbQqxIhqk7YyuM5pq85E8GsRfqQ=
-9,-4,UqD0IqexuUEqdmqd5GWZLpFdhcE=,32zVJjXa3hkXrhlH29ZJMtjlsDo=
-9,-3,UqD0IqexuUEqdmqd5GWZLpFdhcE=,32zVJjXa3hkXrhlH29ZJMtjlsDo=
-9,-5,UqD0IqexuUEqdmqd5GWZLpFdhcE=,Anq/5JWjyx3pc2mIah4aiU+yCjI=
-9,-6,3an5L05NnZkbS9tUGFfs9JY2o7k=,Anq/5JWjyx3pc2mIah4aiU+yCjI=
-9,-17,UxNKpdSZsAgYSc9q10Xiy5552to=,wbXOBZUL3PaOiYB0bAf/lPWaR1I=
-9,-8,UxNKpdSZsAgYSc9q10Xiy5552to=,Anq/5JWjyx3pc2mIah4aiU+yCjI=
-9,-7,UxNKpdSZsAgYSc9q10Xiy5552to=,Anq/5JWjyx3pc2mIah4aiU+yCjI=
-10,-10,UxNKpdSZsAgYSc9q10Xiy5552to=,epp10vYCfVoS4ZKvIxWEtHFNzT0=
-10,-9,UxNKpdSZsAgYSc9q10Xiy5552to=,IE6b72QcRfprRF6koXeWaWJSL98=
-10,-12,UxNKpdSZsAgYSc9q10Xiy5552to=,HLDB6YqPl9UhW1+BTHzLfIRm2SU=
-10,-14,FXkjUhdGIUP0iPCqbSggPIxxweM=,0eKmZiexWWWbRRZqHKp0fD5QDug=
-10,-11,FXkjUhdGIUP0iPCqbSggPIxxweM=,KGfZ4zvKDfzdWiWs3iuAuhbNy5w=
-10,-15,7n9EDr3aikjgqAPuVKLDuo/aCao=,vyWfNc4N66BW2MSlx2qd6PBbVDQ=
-10,-13,7n9EDr3aikjgqAPuVKLDuo/aCao=,IE6b72QcRfprRF6koXeWaWJSL98=
-10,-16,7n9EDr3aikjgqAPuVKLDuo/aCao=,vyWfNc4N66BW2MSlx2qd6PBbVDQ=
-10,-2,7n9EDr3aikjgqAPuVKLDuo/aCao=,V7uFmIbObBWy9ebC1PazJkAA9aE=
-10,-1,7n9EDr3aikjgqAPuVKLDuo/aCao=,jM6nyAGPQZGSRjvYGUW8ClkVHwQ=
-10,-3,pZNxbHXfCPXS45c9gtWz1UiXA60=,Gpe1Q+3VyMxN9h2PlgjnjjndgXs=
-10,-4,pZNxbHXfCPXS45c9gtWz1UiXA60=,Gpe1Q+3VyMxN9h2PlgjnjjndgXs=
-10,-6,pZNxbHXfCPXS45c9gtWz1UiXA60=,Anq/5JWjyx3pc2mIah4aiU+yCjI=
-10,-5,pZNxbHXfCPXS45c9gtWz1UiXA60=,Anq/5JWjyx3pc2mIah4aiU+yCjI=
-10,-8,pZNxbHXfCPXS45c9gtWz1UiXA60=,Anq/5JWjyx3pc2mIah4aiU+yCjI=
-11,-11,pZNxbHXfCPXS45c9gtWz1UiXA60=,+0bf0aCVFHf8mLd7wCzcxfgHlVk=
-10,-17,pZNxbHXfCPXS45c9gtWz1UiXA60=,wbXOBZUL3PaOiYB0bAf/lPWaR1I=
-11,-12,pZNxbHXfCPXS45c9gtWz1UiXA60=,BIF81Pqc8D6ZFse3epu3PfbdgjM=
-10,-7,pZNxbHXfCPXS45c9gtWz1UiXA60=,Anq/5JWjyx3pc2mIah4aiU+yCjI=
-11,-9,pZNxbHXfCPXS45c9gtWz1UiXA60=,cI3YSoD1cNb8bYvhMft42I146Z4=
-11,-10,pZNxbHXfCPXS45c9gtWz1UiXA60=,HEKq9dbpOJexi+exWo4mp33U5Bs=
-11,-15,yvqKiwRXl56157PDts+lCMxxn94=,BIF81Pqc8D6ZFse3epu3PfbdgjM=
-11,-16,yvqKiwRXl56157PDts+lCMxxn94=,BIF81Pqc8D6ZFse3epu3PfbdgjM=
-11,-14,yvqKiwRXl56157PDts+lCMxxn94=,+0bf0aCVFHf8mLd7wCzcxfgHlVk=
-11,-13,yvqKiwRXl56157PDts+lCMxxn94=,Mdc0JIe/tt/JP6+ra5geC3LWr5w=
-11,-3,yvqKiwRXl56157PDts+lCMxxn94=,wbXOBZUL3PaOiYB0bAf/lPWaR1I=
-11,-4,yvqKiwRXl56157PDts+lCMxxn94=,wbXOBZUL3PaOiYB0bAf/lPWaR1I=
-11,-1,yvqKiwRXl56157PDts+lCMxxn94=,3cCgFkHkPzkQ8Ox38NKpOk+y2o4=
-11,-2,yvqKiwRXl56157PDts+lCMxxn94=,9e3QdEUTdu7CxSJ6XGPcKOiHjFY=
-11,-8,yvqKiwRXl56157PDts+lCMxxn94=,wbXOBZUL3PaOiYB0bAf/lPWaR1I=
-11,-7,yvqKiwRXl56157PDts+lCMxxn94=,wbXOBZUL3PaOiYB0bAf/lPWaR1I=
-11,-5,yvqKiwRXl56157PDts+lCMxxn94=,wbXOBZUL3PaOiYB0bAf/lPWaR1I=
-11,-6,yvqKiwRXl56157PDts+lCMxxn94=,wbXOBZUL3PaOiYB0bAf/lPWaR1I=
-11,-17,Fth8qM8wXZ3DE2/hTWMy+HW1KHw=,mA1wRibtdgudyh6rtOZCB1eoHEU=
