-47,-31,r/TSA6F/XG1BvfMdspGZBxBvFRk=,p6AFOOB01tihURtktL8P2wGi29s=
-46,-30,r/TSA6F/XG1BvfMdspGZBxBvFRk=,p6AFOOB01tihURtktL8P2wGi29s=
-47,-30,r/TSA6F/XG1BvfMdspGZBxBvFRk=,p6AFOOB01tihURtktL8P2wGi29s=
-46,-31,r/TSA6F/XG1BvfMdspGZBxBvFRk=,p6AFOOB01tihURtktL8P2wGi29s=
-39,-27,r/TSA6F/XG1BvfMdspGZBxBvFRk=,1U2Ah8aM5SKaSk3/LznPCTFA/Uo=
-38,-26,r/TSA6F/XG1BvfMdspGZBxBvFRk=,1U2Ah8aM5SKaSk3/LznPCTFA/Uo=
-38,-27,r/TSA6F/XG1BvfMdspGZBxBvFRk=,1U2Ah8aM5SKaSk3/LznPCTFA/Uo=
-39,-26,r/TSA6F/XG1BvfMdspGZBxBvFRk=,1U2Ah8aM5SKaSk3/LznPCTFA/Uo=
-34,-30,r/TSA6F/XG1BvfMdspGZBxBvFRk=,Gll2GvfOkYQcm8zVAAPqTYRncnU=
-35,-30,r/TSA6F/XG1BvfMdspGZBxBvFRk=,Gll2GvfOkYQcm8zVAAPqTYRncnU=
-34,-31,r/TSA6F/XG1BvfMdspGZBxBvFRk=,Gll2GvfOkYQcm8zVAAPqTYRncnU=
-35,-31,r/TSA6F/XG1BvfMdspGZBxBvFRk=,Gll2GvfOkYQcm8zVAAPqTYRncnU=
-35,-22,r/TSA6F/XG1BvfMdspGZBxBvFRk=,xJWKNH3sRuhoDt2bcrMwVpDrpMQ=
-34,-23,r/TSA6F/XG1BvfMdspGZBxBvFRk=,xJWKNH3sRuhoDt2bcrMwVpDrpMQ=
-35,-23,r/TSA6F/XG1BvfMdspGZBxBvFRk=,xJWKNH3sRuhoDt2bcrMwVpDrpMQ=
-34,-22,r/TSA6F/XG1BvfMdspGZBxBvFRk=,xJWKNH3sRuhoDt2bcrMwVpDrpMQ=
-40,-26,r/TSA6F/XG1BvfMdspGZBxBvFRk=,1U2Ah8aM5SKaSk3/LznPCTFA/Uo=
-40,-27,r/TSA6F/XG1BvfMdspGZBxBvFRk=,1U2Ah8aM5SKaSk3/LznPCTFA/Uo=
-36,-23,kg9IfxiPDwiNuHJvr4THd6pxtnw=,xJWKNH3sRuhoDt2bcrMwVpDrpMQ=
-39,-25,kg9IfxiPDwiNuHJvr4THd6pxtnw=,1U2Ah8aM5SKaSk3/LznPCTFA/Uo=
-38,-25,kg9IfxiPDwiNuHJvr4THd6pxtnw=,1U2Ah8aM5SKaSk3/LznPCTFA/Uo=
-36,-22,kg9IfxiPDwiNuHJvr4THd6pxtnw=,xJWKNH3sRuhoDt2bcrMwVpDrpMQ=
-47,-29,kg9IfxiPDwiNuHJvr4THd6pxtnw=,p6AFOOB01tihURtktL8P2wGi29s=
-46,-29,kg9IfxiPDwiNuHJvr4THd6pxtnw=,p6AFOOB01tihURtktL8P2wGi29s=
-35,-32,kg9IfxiPDwiNuHJvr4THd6pxtnw=,Gll2GvfOkYQcm8zVAAPqTYRncnU=
-33,-31,kg9IfxiPDwiNuHJvr4THd6pxtnw=,Gll2GvfOkYQcm8zVAAPqTYRncnU=
-33,-30,kg9IfxiPDwiNuHJvr4THd6pxtnw=,Gll2GvfOkYQcm8zVAAPqTYRncnU=
-34,-32,kg9IfxiPDwiNuHJvr4THd6pxtnw=,Gll2GvfOkYQcm8zVAAPqTYRncnU=
-47,-32,kg9IfxiPDwiNuHJvr4THd6pxtnw=,p6AFOOB01tihURtktL8P2wGi29s=
-46,-32,kg9IfxiPDwiNuHJvr4THd6pxtnw=,p6AFOOB01tihURtktL8P2wGi29s=
-44,-31,kg9IfxiPDwiNuHJvr4THd6pxtnw=,a3L+TuXUmbTaN4Nbij4XMoVZKEo=
-43,-31,kg9IfxiPDwiNuHJvr4THd6pxtnw=,a3L+TuXUmbTaN4Nbij4XMoVZKEo=
-44,-29,kg9IfxiPDwiNuHJvr4THd6pxtnw=,a3L+TuXUmbTaN4Nbij4XMoVZKEo=
-43,-29,kg9IfxiPDwiNuHJvr4THd6pxtnw=,a3L+TuXUmbTaN4Nbij4XMoVZKEo=
-42,-29,kg9IfxiPDwiNuHJvr4THd6pxtnw=,a3L+TuXUmbTaN4Nbij4XMoVZKEo=
-42,-31,kg9IfxiPDwiNuHJvr4THd6pxtnw=,a3L+TuXUmbTaN4Nbij4XMoVZKEo=
-45,-31,kg9IfxiPDwiNuHJvr4THd6pxtnw=,p6AFOOB01tihURtktL8P2wGi29s=
-45,-29,kg9IfxiPDwiNuHJvr4THd6pxtnw=,p6AFOOB01tihURtktL8P2wGi29s=
-33,-23,kg9IfxiPDwiNuHJvr4THd6pxtnw=,xJWKNH3sRuhoDt2bcrMwVpDrpMQ=
-33,-22,kg9IfxiPDwiNuHJvr4THd6pxtnw=,xJWKNH3sRuhoDt2bcrMwVpDrpMQ=
-35,-21,kg9IfxiPDwiNuHJvr4THd6pxtnw=,xJWKNH3sRuhoDt2bcrMwVpDrpMQ=
-34,-21,kg9IfxiPDwiNuHJvr4THd6pxtnw=,xJWKNH3sRuhoDt2bcrMwVpDrpMQ=
-40,-25,kg9IfxiPDwiNuHJvr4THd6pxtnw=,1U2Ah8aM5SKaSk3/LznPCTFA/Uo=
-33,-21,kg9IfxiPDwiNuHJvr4THd6pxtnw=,xJWKNH3sRuhoDt2bcrMwVpDrpMQ=
-33,-32,kg9IfxiPDwiNuHJvr4THd6pxtnw=,Gll2GvfOkYQcm8zVAAPqTYRncnU=
-36,-21,kg9IfxiPDwiNuHJvr4THd6pxtnw=,xJWKNH3sRuhoDt2bcrMwVpDrpMQ=
-44,-32,kg9IfxiPDwiNuHJvr4THd6pxtnw=,a3L+TuXUmbTaN4Nbij4XMoVZKEo=
-44,-30,kg9IfxiPDwiNuHJvr4THd6pxtnw=,a3L+TuXUmbTaN4Nbij4XMoVZKEo=
-42,-30,kg9IfxiPDwiNuHJvr4THd6pxtnw=,a3L+TuXUmbTaN4Nbij4XMoVZKEo=
-48,-31,kg9IfxiPDwiNuHJvr4THd6pxtnw=,p6AFOOB01tihURtktL8P2wGi29s=
-48,-30,kg9IfxiPDwiNuHJvr4THd6pxtnw=,p6AFOOB01tihURtktL8P2wGi29s=
-45,-32,kg9IfxiPDwiNuHJvr4THd6pxtnw=,p6AFOOB01tihURtktL8P2wGi29s=
-45,-30,kg9IfxiPDwiNuHJvr4THd6pxtnw=,p6AFOOB01tihURtktL8P2wGi29s=
-43,-32,kg9IfxiPDwiNuHJvr4THd6pxtnw=,a3L+TuXUmbTaN4Nbij4XMoVZKEo=
-43,-30,kg9IfxiPDwiNuHJvr4THd6pxtnw=,a3L+TuXUmbTaN4Nbij4XMoVZKEo=
-42,-32,kg9IfxiPDwiNuHJvr4THd6pxtnw=,a3L+TuXUmbTaN4Nbij4XMoVZKEo=
-48,-32,kg9IfxiPDwiNuHJvr4THd6pxtnw=,p6AFOOB01tihURtktL8P2wGi29s=
-38,-30,kg9IfxiPDwiNuHJvr4THd6pxtnw=,Ytz9tfnqaNT/K/ipa1ADcYE8yAE=
-37,-30,kg9IfxiPDwiNuHJvr4THd6pxtnw=,Ytz9tfnqaNT/K/ipa1ADcYE8yAE=
-38,-32,kg9IfxiPDwiNuHJvr4THd6pxtnw=,Ytz9tfnqaNT/K/ipa1ADcYE8yAE=
-41,-29,kg9IfxiPDwiNuHJvr4THd6pxtnw=,a3L+TuXUmbTaN4Nbij4XMoVZKEo=
-37,-32,kg9IfxiPDwiNuHJvr4THd6pxtnw=,Ytz9tfnqaNT/K/ipa1ADcYE8yAE=
-40,-31,kg9IfxiPDwiNuHJvr4THd6pxtnw=,Ytz9tfnqaNT/K/ipa1ADcYE8yAE=
-39,-31,kg9IfxiPDwiNuHJvr4THd6pxtnw=,Ytz9tfnqaNT/K/ipa1ADcYE8yAE=
-41,-31,kg9IfxiPDwiNuHJvr4THd6pxtnw=,a3L+TuXUmbTaN4Nbij4XMoVZKEo=
-38,-31,kg9IfxiPDwiNuHJvr4THd6pxtnw=,Ytz9tfnqaNT/K/ipa1ADcYE8yAE=
-40,-32,kg9IfxiPDwiNuHJvr4THd6pxtnw=,Ytz9tfnqaNT/K/ipa1ADcYE8yAE=
-40,-29,kg9IfxiPDwiNuHJvr4THd6pxtnw=,Ytz9tfnqaNT/K/ipa1ADcYE8yAE=
-36,-32,kg9IfxiPDwiNuHJvr4THd6pxtnw=,Gll2GvfOkYQcm8zVAAPqTYRncnU=
-36,-31,kg9IfxiPDwiNuHJvr4THd6pxtnw=,Gll2GvfOkYQcm8zVAAPqTYRncnU=
-39,-32,kg9IfxiPDwiNuHJvr4THd6pxtnw=,Ytz9tfnqaNT/K/ipa1ADcYE8yAE=
-37,-31,kg9IfxiPDwiNuHJvr4THd6pxtnw=,Ytz9tfnqaNT/K/ipa1ADcYE8yAE=
-40,-30,kg9IfxiPDwiNuHJvr4THd6pxtnw=,Ytz9tfnqaNT/K/ipa1ADcYE8yAE=
-36,-30,kg9IfxiPDwiNuHJvr4THd6pxtnw=,Gll2GvfOkYQcm8zVAAPqTYRncnU=
-39,-29,kg9IfxiPDwiNuHJvr4THd6pxtnw=,Ytz9tfnqaNT/K/ipa1ADcYE8yAE=
-38,-29,kg9IfxiPDwiNuHJvr4THd6pxtnw=,Ytz9tfnqaNT/K/ipa1ADcYE8yAE=
-41,-30,kg9IfxiPDwiNuHJvr4THd6pxtnw=,a3L+TuXUmbTaN4Nbij4XMoVZKEo=
-41,-32,kg9IfxiPDwiNuHJvr4THd6pxtnw=,a3L+TuXUmbTaN4Nbij4XMoVZKEo=
-38,-28,kg9IfxiPDwiNuHJvr4THd6pxtnw=,1U2Ah8aM5SKaSk3/LznPCTFA/Uo=
-39,-30,kg9IfxiPDwiNuHJvr4THd6pxtnw=,Ytz9tfnqaNT/K/ipa1ADcYE8yAE=
-48,-29,kg9IfxiPDwiNuHJvr4THd6pxtnw=,p6AFOOB01tihURtktL8P2wGi29s=
-40,-28,kg9IfxiPDwiNuHJvr4THd6pxtnw=,1U2Ah8aM5SKaSk3/LznPCTFA/Uo=
-39,-28,kg9IfxiPDwiNuHJvr4THd6pxtnw=,1U2Ah8aM5SKaSk3/LznPCTFA/Uo=
-36,-24,kg9IfxiPDwiNuHJvr4THd6pxtnw=,xJWKNH3sRuhoDt2bcrMwVpDrpMQ=
-37,-26,kg9IfxiPDwiNuHJvr4THd6pxtnw=,1U2Ah8aM5SKaSk3/LznPCTFA/Uo=
-33,-24,kg9IfxiPDwiNuHJvr4THd6pxtnw=,xJWKNH3sRuhoDt2bcrMwVpDrpMQ=
-37,-25,kg9IfxiPDwiNuHJvr4THd6pxtnw=,1U2Ah8aM5SKaSk3/LznPCTFA/Uo=
-34,-27,kg9IfxiPDwiNuHJvr4THd6pxtnw=,8myCUmIOlHmB3kwE14gW7FQZzVY=
-35,-27,kg9IfxiPDwiNuHJvr4THd6pxtnw=,8myCUmIOlHmB3kwE14gW7FQZzVY=
-34,-24,kg9IfxiPDwiNuHJvr4THd6pxtnw=,xJWKNH3sRuhoDt2bcrMwVpDrpMQ=
-35,-28,kg9IfxiPDwiNuHJvr4THd6pxtnw=,8myCUmIOlHmB3kwE14gW7FQZzVY=
-35,-25,kg9IfxiPDwiNuHJvr4THd6pxtnw=,8myCUmIOlHmB3kwE14gW7FQZzVY=
-36,-27,kg9IfxiPDwiNuHJvr4THd6pxtnw=,8myCUmIOlHmB3kwE14gW7FQZzVY=
-37,-28,kg9IfxiPDwiNuHJvr4THd6pxtnw=,1U2Ah8aM5SKaSk3/LznPCTFA/Uo=
-33,-27,kg9IfxiPDwiNuHJvr4THd6pxtnw=,8myCUmIOlHmB3kwE14gW7FQZzVY=
-36,-25,kg9IfxiPDwiNuHJvr4THd6pxtnw=,8myCUmIOlHmB3kwE14gW7FQZzVY=
-35,-26,kg9IfxiPDwiNuHJvr4THd6pxtnw=,8myCUmIOlHmB3kwE14gW7FQZzVY=
-36,-26,kg9IfxiPDwiNuHJvr4THd6pxtnw=,8myCUmIOlHmB3kwE14gW7FQZzVY=
-37,-27,kg9IfxiPDwiNuHJvr4THd6pxtnw=,1U2Ah8aM5SKaSk3/LznPCTFA/Uo=
-36,-28,kg9IfxiPDwiNuHJvr4THd6pxtnw=,8myCUmIOlHmB3kwE14gW7FQZzVY=
-33,-29,kg9IfxiPDwiNuHJvr4THd6pxtnw=,Gll2GvfOkYQcm8zVAAPqTYRncnU=
-37,-29,kg9IfxiPDwiNuHJvr4THd6pxtnw=,Ytz9tfnqaNT/K/ipa1ADcYE8yAE=
-34,-25,kg9IfxiPDwiNuHJvr4THd6pxtnw=,8myCUmIOlHmB3kwE14gW7FQZzVY=
-33,-25,kg9IfxiPDwiNuHJvr4THd6pxtnw=,8myCUmIOlHmB3kwE14gW7FQZzVY=
-34,-29,kg9IfxiPDwiNuHJvr4THd6pxtnw=,Gll2GvfOkYQcm8zVAAPqTYRncnU=
-35,-29,kg9IfxiPDwiNuHJvr4THd6pxtnw=,Gll2GvfOkYQcm8zVAAPqTYRncnU=
-33,-28,kg9IfxiPDwiNuHJvr4THd6pxtnw=,8myCUmIOlHmB3kwE14gW7FQZzVY=
-34,-28,kg9IfxiPDwiNuHJvr4THd6pxtnw=,8myCUmIOlHmB3kwE14gW7FQZzVY=
-35,-24,kg9IfxiPDwiNuHJvr4THd6pxtnw=,xJWKNH3sRuhoDt2bcrMwVpDrpMQ=
-36,-29,kg9IfxiPDwiNuHJvr4THd6pxtnw=,Gll2GvfOkYQcm8zVAAPqTYRncnU=
-33,-26,kg9IfxiPDwiNuHJvr4THd6pxtnw=,8myCUmIOlHmB3kwE14gW7FQZzVY=
-34,-26,kg9IfxiPDwiNuHJvr4THd6pxtnw=,8myCUmIOlHmB3kwE14gW7FQZzVY=
-54,-30,gZ9RwmuUCcgHlbAvGU5ndToSJMU=,I1r4kWiKhizjeT5CUR+svgLe+aw=
-54,-31,gZ9RwmuUCcgHlbAvGU5ndToSJMU=,I1r4kWiKhizjeT5CUR+svgLe+aw=
-54,-29,gZ9RwmuUCcgHlbAvGU5ndToSJMU=,I1r4kWiKhizjeT5CUR+svgLe+aw=
-56,-30,gZ9RwmuUCcgHlbAvGU5ndToSJMU=,I1r4kWiKhizjeT5CUR+svgLe+aw=
-55,-31,gZ9RwmuUCcgHlbAvGU5ndToSJMU=,I1r4kWiKhizjeT5CUR+svgLe+aw=
-54,-32,gZ9RwmuUCcgHlbAvGU5ndToSJMU=,I1r4kWiKhizjeT5CUR+svgLe+aw=
-56,-31,gZ9RwmuUCcgHlbAvGU5ndToSJMU=,I1r4kWiKhizjeT5CUR+svgLe+aw=
-55,-32,gZ9RwmuUCcgHlbAvGU5ndToSJMU=,I1r4kWiKhizjeT5CUR+svgLe+aw=
-55,-29,gZ9RwmuUCcgHlbAvGU5ndToSJMU=,I1r4kWiKhizjeT5CUR+svgLe+aw=
-55,-30,gZ9RwmuUCcgHlbAvGU5ndToSJMU=,I1r4kWiKhizjeT5CUR+svgLe+aw=
-56,-32,gZ9RwmuUCcgHlbAvGU5ndToSJMU=,I1r4kWiKhizjeT5CUR+svgLe+aw=
-56,-29,gZ9RwmuUCcgHlbAvGU5ndToSJMU=,I1r4kWiKhizjeT5CUR+svgLe+aw=
-51,-29,gZ9RwmuUCcgHlbAvGU5ndToSJMU=,4NY/+yBasLd3SSWCV2L0W17AfiQ=
-53,-30,gZ9RwmuUCcgHlbAvGU5ndToSJMU=,I1r4kWiKhizjeT5CUR+svgLe+aw=
-49,-31,gZ9RwmuUCcgHlbAvGU5ndToSJMU=,4NY/+yBasLd3SSWCV2L0W17AfiQ=
-52,-31,gZ9RwmuUCcgHlbAvGU5ndToSJMU=,4NY/+yBasLd3SSWCV2L0W17AfiQ=
-49,-29,gZ9RwmuUCcgHlbAvGU5ndToSJMU=,4NY/+yBasLd3SSWCV2L0W17AfiQ=
-52,-29,gZ9RwmuUCcgHlbAvGU5ndToSJMU=,4NY/+yBasLd3SSWCV2L0W17AfiQ=
-50,-31,gZ9RwmuUCcgHlbAvGU5ndToSJMU=,4NY/+yBasLd3SSWCV2L0W17AfiQ=
-49,-30,gZ9RwmuUCcgHlbAvGU5ndToSJMU=,4NY/+yBasLd3SSWCV2L0W17AfiQ=
-50,-29,gZ9RwmuUCcgHlbAvGU5ndToSJMU=,4NY/+yBasLd3SSWCV2L0W17AfiQ=
-53,-31,gZ9RwmuUCcgHlbAvGU5ndToSJMU=,I1r4kWiKhizjeT5CUR+svgLe+aw=
-50,-30,gZ9RwmuUCcgHlbAvGU5ndToSJMU=,4NY/+yBasLd3SSWCV2L0W17AfiQ=
-53,-29,gZ9RwmuUCcgHlbAvGU5ndToSJMU=,I1r4kWiKhizjeT5CUR+svgLe+aw=
-53,-32,gZ9RwmuUCcgHlbAvGU5ndToSJMU=,I1r4kWiKhizjeT5CUR+svgLe+aw=
-49,-32,gZ9RwmuUCcgHlbAvGU5ndToSJMU=,4NY/+yBasLd3SSWCV2L0W17AfiQ=
-51,-32,gZ9RwmuUCcgHlbAvGU5ndToSJMU=,4NY/+yBasLd3SSWCV2L0W17AfiQ=
-52,-30,gZ9RwmuUCcgHlbAvGU5ndToSJMU=,4NY/+yBasLd3SSWCV2L0W17AfiQ=
-51,-31,gZ9RwmuUCcgHlbAvGU5ndToSJMU=,4NY/+yBasLd3SSWCV2L0W17AfiQ=
-51,-30,gZ9RwmuUCcgHlbAvGU5ndToSJMU=,4NY/+yBasLd3SSWCV2L0W17AfiQ=
-52,-32,gZ9RwmuUCcgHlbAvGU5ndToSJMU=,4NY/+yBasLd3SSWCV2L0W17AfiQ=
-50,-32,gZ9RwmuUCcgHlbAvGU5ndToSJMU=,4NY/+yBasLd3SSWCV2L0W17AfiQ=
