-18,8,KECN/k4+Qe6G7/jtoYNRZeFrLqk=,B8nY3mUZzVdSnOvCpoINrNFuxX8=
-19,8,KECN/k4+Qe6G7/jtoYNRZeFrLqk=,ymx1bA5G1wN55wbEg2p0PCdkaZU=
-18,7,KECN/k4+Qe6G7/jtoYNRZeFrLqk=,l42E4n/apxWEDWPiX+Kexfy+zJo=
-19,7,KECN/k4+Qe6G7/jtoYNRZeFrLqk=,Qqo+L8h0Z2bIc3OYfBesgQi0esM=
-18,5,oGVtDlkrqXzKPW1w8nFigzi/4g8=,50tQpPn0QVMR0EJSIWtr19CQ0Xo=
-18,6,oGVtDlkrqXzKPW1w8nFigzi/4g8=,l42E4n/apxWEDWPiX+Kexfy+zJo=
-19,6,oGVtDlkrqXzKPW1w8nFigzi/4g8=,Qqo+L8h0Z2bIc3OYfBesgQi0esM=
-19,5,oGVtDlkrqXzKPW1w8nFigzi/4g8=,ISjjoaFHZJj5QZMtv9qHyq3SxKU=
-21,2,oGVtDlkrqXzKPW1w8nFigzi/4g8=,HoTMNvAleSgrtEw3ZS/v+L0ThfM=
-21,1,UAyRSoLAHDU4hOEd3AKa771WrlU=,+UfPlIwyrQl0Fi7bZk7R3FQHBNI=
-20,1,UAyRSoLAHDU4hOEd3AKa771WrlU=,xkVbPPl5rSf9YSAN6byBpsCgbqs=
-20,2,UAyRSoLAHDU4hOEd3AKa771WrlU=,oGnlkNzEbxPydkO+6gkzrjv7q9s=
-21,3,UAyRSoLAHDU4hOEd3AKa771WrlU=,HoTMNvAleSgrtEw3ZS/v+L0ThfM=
-20,3,UAyRSoLAHDU4hOEd3AKa771WrlU=,oGnlkNzEbxPydkO+6gkzrjv7q9s=
-21,4,UAyRSoLAHDU4hOEd3AKa771WrlU=,m3nqfLTFl3aMDsylfTrJUJCnBIg=
-20,4,UAyRSoLAHDU4hOEd3AKa771WrlU=,ISjjoaFHZJj5QZMtv9qHyq3SxKU=
-21,8,UAyRSoLAHDU4hOEd3AKa771WrlU=,VHuJ0bbF8CJzz/orcwHsuH/Bm4E=
-20,7,UAyRSoLAHDU4hOEd3AKa771WrlU=,Qqo+L8h0Z2bIc3OYfBesgQi0esM=
-21,6,UAyRSoLAHDU4hOEd3AKa771WrlU=,/M7GZt+WIGHAhKgljX1F+11HRm4=
-21,5,UAyRSoLAHDU4hOEd3AKa771WrlU=,m3nqfLTFl3aMDsylfTrJUJCnBIg=
-20,5,UAyRSoLAHDU4hOEd3AKa771WrlU=,ISjjoaFHZJj5QZMtv9qHyq3SxKU=
-20,8,UAyRSoLAHDU4hOEd3AKa771WrlU=,ymx1bA5G1wN55wbEg2p0PCdkaZU=
-21,7,UAyRSoLAHDU4hOEd3AKa771WrlU=,/M7GZt+WIGHAhKgljX1F+11HRm4=
-20,6,UAyRSoLAHDU4hOEd3AKa771WrlU=,Qqo+L8h0Z2bIc3OYfBesgQi0esM=
-17,7,UAyRSoLAHDU4hOEd3AKa771WrlU=,l42E4n/apxWEDWPiX+Kexfy+zJo=
-17,8,UAyRSoLAHDU4hOEd3AKa771WrlU=,B8nY3mUZzVdSnOvCpoINrNFuxX8=
-17,5,UAyRSoLAHDU4hOEd3AKa771WrlU=,50tQpPn0QVMR0EJSIWtr19CQ0Xo=
-17,6,UAyRSoLAHDU4hOEd3AKa771WrlU=,l42E4n/apxWEDWPiX+Kexfy+zJo=
-20,0,UAyRSoLAHDU4hOEd3AKa771WrlU=,xkVbPPl5rSf9YSAN6byBpsCgbqs=
-21,0,UAyRSoLAHDU4hOEd3AKa771WrlU=,+UfPlIwyrQl0Fi7bZk7R3FQHBNI=
-20,9,UAyRSoLAHDU4hOEd3AKa771WrlU=,ymx1bA5G1wN55wbEg2p0PCdkaZU=
-21,10,UAyRSoLAHDU4hOEd3AKa771WrlU=,vv/hWaN1dxBM/9yOJktgQvR3ML0=
-21,9,UAyRSoLAHDU4hOEd3AKa771WrlU=,VHuJ0bbF8CJzz/orcwHsuH/Bm4E=
-20,10,UAyRSoLAHDU4hOEd3AKa771WrlU=,3UQK3YBNecpUElFhwr9fDlIT88Q=
-17,4,UAyRSoLAHDU4hOEd3AKa771WrlU=,50tQpPn0QVMR0EJSIWtr19CQ0Xo=
-19,3,UAyRSoLAHDU4hOEd3AKa771WrlU=,oGnlkNzEbxPydkO+6gkzrjv7q9s=
-18,3,UAyRSoLAHDU4hOEd3AKa771WrlU=,Jnce45cyitQiuBpeUVcb7CB3wc0=
-18,4,UAyRSoLAHDU4hOEd3AKa771WrlU=,50tQpPn0QVMR0EJSIWtr19CQ0Xo=
-19,4,UAyRSoLAHDU4hOEd3AKa771WrlU=,ISjjoaFHZJj5QZMtv9qHyq3SxKU=
-17,3,UAyRSoLAHDU4hOEd3AKa771WrlU=,Jnce45cyitQiuBpeUVcb7CB3wc0=
-18,9,UAyRSoLAHDU4hOEd3AKa771WrlU=,B8nY3mUZzVdSnOvCpoINrNFuxX8=
-17,10,UAyRSoLAHDU4hOEd3AKa771WrlU=,KVMfKu86hQcyr7OCICNGwUWmU/A=
-19,10,UAyRSoLAHDU4hOEd3AKa771WrlU=,3UQK3YBNecpUElFhwr9fDlIT88Q=
-17,9,UAyRSoLAHDU4hOEd3AKa771WrlU=,B8nY3mUZzVdSnOvCpoINrNFuxX8=
-19,9,UAyRSoLAHDU4hOEd3AKa771WrlU=,ymx1bA5G1wN55wbEg2p0PCdkaZU=
-18,10,UAyRSoLAHDU4hOEd3AKa771WrlU=,KVMfKu86hQcyr7OCICNGwUWmU/A=
-18,2,UAyRSoLAHDU4hOEd3AKa771WrlU=,Jnce45cyitQiuBpeUVcb7CB3wc0=
-19,1,UAyRSoLAHDU4hOEd3AKa771WrlU=,xkVbPPl5rSf9YSAN6byBpsCgbqs=
-19,2,UAyRSoLAHDU4hOEd3AKa771WrlU=,oGnlkNzEbxPydkO+6gkzrjv7q9s=
-18,1,UAyRSoLAHDU4hOEd3AKa771WrlU=,CCZ+EkFkOIbL2SO98V8z0DyDMrs=
-17,1,UAyRSoLAHDU4hOEd3AKa771WrlU=,CCZ+EkFkOIbL2SO98V8z0DyDMrs=
-19,0,UAyRSoLAHDU4hOEd3AKa771WrlU=,xkVbPPl5rSf9YSAN6byBpsCgbqs=
-18,0,UAyRSoLAHDU4hOEd3AKa771WrlU=,CCZ+EkFkOIbL2SO98V8z0DyDMrs=
-17,2,UAyRSoLAHDU4hOEd3AKa771WrlU=,Jnce45cyitQiuBpeUVcb7CB3wc0=
-17,0,UAyRSoLAHDU4hOEd3AKa771WrlU=,CCZ+EkFkOIbL2SO98V8z0DyDMrs=
-3,5,23rNM7KOye1HTgAD2yYDoonmk/M=,OJc2IViah8qKVr+9gd2xE3wcgm4=
-3,6,23rNM7KOye1HTgAD2yYDoonmk/M=,mSOU2pNobRYrn/XOkJBnHU/ZZjk=
-2,6,23rNM7KOye1HTgAD2yYDoonmk/M=,WVO4p3oA9PjxWEVdf3eGGfvbC50=
-2,7,23rNM7KOye1HTgAD2yYDoonmk/M=,WVO4p3oA9PjxWEVdf3eGGfvbC50=
-2,5,23rNM7KOye1HTgAD2yYDoonmk/M=,vdjNP2ksaCp8j4K0J8Sybh3BFiU=
-2,8,23rNM7KOye1HTgAD2yYDoonmk/M=,vjh2R/5zS6gNWz/vD1hMXRf+7H4=
-3,8,23rNM7KOye1HTgAD2yYDoonmk/M=,qYWGPpEscFcGnyVa9VQn0qdLzhA=
-3,7,23rNM7KOye1HTgAD2yYDoonmk/M=,mSOU2pNobRYrn/XOkJBnHU/ZZjk=
-2,9,23rNM7KOye1HTgAD2yYDoonmk/M=,vjh2R/5zS6gNWz/vD1hMXRf+7H4=
-2,10,23rNM7KOye1HTgAD2yYDoonmk/M=,Gmp4FfaYXQqCYD7kmmNOPJddaW4=
-3,10,Y/sCUFQe7+qWVKHJinVq4/W1cMc=,NlTffcd82VWpJ/1CUuVNy1odtO0=
-3,9,Y/sCUFQe7+qWVKHJinVq4/W1cMc=,qYWGPpEscFcGnyVa9VQn0qdLzhA=
-2,4,Y/sCUFQe7+qWVKHJinVq4/W1cMc=,vdjNP2ksaCp8j4K0J8Sybh3BFiU=
-3,4,iWYsUxxRcpTcEb6C15WzhA+Xgwg=,OJc2IViah8qKVr+9gd2xE3wcgm4=
-2,3,iWYsUxxRcpTcEb6C15WzhA+Xgwg=,htWOJS4PNna9QBwi0WGc3zXso+k=
-3,3,iWYsUxxRcpTcEb6C15WzhA+Xgwg=,zG7BGdWHIcVvX4MZ2B/O0AsWhgE=
-2,2,W/+DCJ5+JJ7r+TcPiKf5VutTeoE=,htWOJS4PNna9QBwi0WGc3zXso+k=
-3,2,W/+DCJ5+JJ7r+TcPiKf5VutTeoE=,zG7BGdWHIcVvX4MZ2B/O0AsWhgE=
-3,1,Wa+x7XazS/hsXM2bW2t5HBQzcdQ=,JwBZhZ9k7hIdeuXvpsyduX2M+SU=
-2,1,z36TngrJpAQT9WTLnFgs2UMGrOY=,cwp+gATVx/8A39FBAwzaO5TZBgA=
-5,2,1E2rGF0GHGR8HrQZWQ6jFuBaI2g=,wiME4M9pM31avtG0Nr1E3klPw6I=
-4,2,1E2rGF0GHGR8HrQZWQ6jFuBaI2g=,zG7BGdWHIcVvX4MZ2B/O0AsWhgE=
-4,3,X+9Ac1gTIWEh1J7u1YkoPmCByi4=,zG7BGdWHIcVvX4MZ2B/O0AsWhgE=
-5,3,X+9Ac1gTIWEh1J7u1YkoPmCByi4=,wiME4M9pM31avtG0Nr1E3klPw6I=
-5,1,X+9Ac1gTIWEh1J7u1YkoPmCByi4=,ulky0QxfbFeJhh6z5rO52R85rGg=
-4,4,BDtymO54UU5e3CaGLKkdNsLsDMs=,OJc2IViah8qKVr+9gd2xE3wcgm4=
-5,4,69R2GCJquGQbTlIRagyUKXjajZo=,tl0TzaNx+2E/bkov9GnorERhM+o=
-4,1,kLhAML+xh4w5piOPD2H+LJpV0A8=,JwBZhZ9k7hIdeuXvpsyduX2M+SU=
-4,5,kLhAML+xh4w5piOPD2H+LJpV0A8=,OJc2IViah8qKVr+9gd2xE3wcgm4=
-5,6,/oGjUv6TWvTiEdIwwDfzpDQEJmM=,S5380gsL617ht/+yGD2KtuRtFeY=
-5,5,/oGjUv6TWvTiEdIwwDfzpDQEJmM=,tl0TzaNx+2E/bkov9GnorERhM+o=
-4,7,/oGjUv6TWvTiEdIwwDfzpDQEJmM=,mSOU2pNobRYrn/XOkJBnHU/ZZjk=
-4,6,/oGjUv6TWvTiEdIwwDfzpDQEJmM=,mSOU2pNobRYrn/XOkJBnHU/ZZjk=
-5,8,/oGjUv6TWvTiEdIwwDfzpDQEJmM=,/ZvRSu2nGFukyb2O9Oj5cXlNTXM=
-5,7,/oGjUv6TWvTiEdIwwDfzpDQEJmM=,S5380gsL617ht/+yGD2KtuRtFeY=
-4,8,/oGjUv6TWvTiEdIwwDfzpDQEJmM=,qYWGPpEscFcGnyVa9VQn0qdLzhA=
-6,8,/oGjUv6TWvTiEdIwwDfzpDQEJmM=,/ZvRSu2nGFukyb2O9Oj5cXlNTXM=
-9,7,/oGjUv6TWvTiEdIwwDfzpDQEJmM=,ssNiWkcLvgrYrji11MNTXxu/dMI=
-6,7,/oGjUv6TWvTiEdIwwDfzpDQEJmM=,S5380gsL617ht/+yGD2KtuRtFeY=
-9,8,/oGjUv6TWvTiEdIwwDfzpDQEJmM=,rKSAAgovSbtyGL4idaO79S1KQ7I=
-7,8,/oGjUv6TWvTiEdIwwDfzpDQEJmM=,5xEGduuv1l3WJFfTbpm2DK9ZRGM=
-8,8,/oGjUv6TWvTiEdIwwDfzpDQEJmM=,5xEGduuv1l3WJFfTbpm2DK9ZRGM=
-8,7,/oGjUv6TWvTiEdIwwDfzpDQEJmM=,6mC2h2SZif2alNQCsGXJ2dc7kFU=
-7,7,/oGjUv6TWvTiEdIwwDfzpDQEJmM=,6mC2h2SZif2alNQCsGXJ2dc7kFU=
-6,6,/oGjUv6TWvTiEdIwwDfzpDQEJmM=,S5380gsL617ht/+yGD2KtuRtFeY=
-7,6,/oGjUv6TWvTiEdIwwDfzpDQEJmM=,6mC2h2SZif2alNQCsGXJ2dc7kFU=
-6,5,/oGjUv6TWvTiEdIwwDfzpDQEJmM=,tl0TzaNx+2E/bkov9GnorERhM+o=
-7,5,/oGjUv6TWvTiEdIwwDfzpDQEJmM=,9TnDUrxpeA4KKpQY18UcJLtnwP8=
-9,5,/oGjUv6TWvTiEdIwwDfzpDQEJmM=,sAcGbyr8GderZcyHzZMDAYhN9sQ=
-8,6,/oGjUv6TWvTiEdIwwDfzpDQEJmM=,6mC2h2SZif2alNQCsGXJ2dc7kFU=
-8,5,/oGjUv6TWvTiEdIwwDfzpDQEJmM=,9TnDUrxpeA4KKpQY18UcJLtnwP8=
-9,6,/oGjUv6TWvTiEdIwwDfzpDQEJmM=,ssNiWkcLvgrYrji11MNTXxu/dMI=
-10,6,/oGjUv6TWvTiEdIwwDfzpDQEJmM=,ssNiWkcLvgrYrji11MNTXxu/dMI=
-10,5,/oGjUv6TWvTiEdIwwDfzpDQEJmM=,sAcGbyr8GderZcyHzZMDAYhN9sQ=
-11,6,/oGjUv6TWvTiEdIwwDfzpDQEJmM=,irfe+81PJrCRc6vxr0Kaptc2rQA=
-11,5,/oGjUv6TWvTiEdIwwDfzpDQEJmM=,jW6YIU4LvEL45Ca+VtBF8mQtVVM=
-11,4,/oGjUv6TWvTiEdIwwDfzpDQEJmM=,jW6YIU4LvEL45Ca+VtBF8mQtVVM=
-11,3,/oGjUv6TWvTiEdIwwDfzpDQEJmM=,X+iKP5BcY5ERmpFRcKzkWR++kbQ=
-10,3,/oGjUv6TWvTiEdIwwDfzpDQEJmM=,j0O1YON4tLx9qmYjkFgVog3Wp40=
-10,4,/oGjUv6TWvTiEdIwwDfzpDQEJmM=,sAcGbyr8GderZcyHzZMDAYhN9sQ=
-12,3,/oGjUv6TWvTiEdIwwDfzpDQEJmM=,X+iKP5BcY5ERmpFRcKzkWR++kbQ=
-13,4,/oGjUv6TWvTiEdIwwDfzpDQEJmM=,ttcw5RWZt3+EpWAvu4WGwJ5eOVY=
-12,4,/oGjUv6TWvTiEdIwwDfzpDQEJmM=,jW6YIU4LvEL45Ca+VtBF8mQtVVM=
-13,3,/oGjUv6TWvTiEdIwwDfzpDQEJmM=,o490p5XEjcZq5vMzZL6mpttL+jw=
-11,1,/oGjUv6TWvTiEdIwwDfzpDQEJmM=,AUzhAS0flAFj3vGAhaLj0npa4/U=
-10,2,/oGjUv6TWvTiEdIwwDfzpDQEJmM=,j0O1YON4tLx9qmYjkFgVog3Wp40=
-13,2,/oGjUv6TWvTiEdIwwDfzpDQEJmM=,o490p5XEjcZq5vMzZL6mpttL+jw=
-12,1,/oGjUv6TWvTiEdIwwDfzpDQEJmM=,AUzhAS0flAFj3vGAhaLj0npa4/U=
-12,2,/oGjUv6TWvTiEdIwwDfzpDQEJmM=,X+iKP5BcY5ERmpFRcKzkWR++kbQ=
-11,2,/oGjUv6TWvTiEdIwwDfzpDQEJmM=,X+iKP5BcY5ERmpFRcKzkWR++kbQ=
-10,1,/oGjUv6TWvTiEdIwwDfzpDQEJmM=,R5NJJTH5m0HWl0WGhQKWOJ4anPc=
-13,1,/oGjUv6TWvTiEdIwwDfzpDQEJmM=,FmhxuRNk+HsDUbcFKCMDMB3AlIM=
-12,0,/oGjUv6TWvTiEdIwwDfzpDQEJmM=,AUzhAS0flAFj3vGAhaLj0npa4/U=
-13,0,/oGjUv6TWvTiEdIwwDfzpDQEJmM=,FmhxuRNk+HsDUbcFKCMDMB3AlIM=
-10,0,/oGjUv6TWvTiEdIwwDfzpDQEJmM=,R5NJJTH5m0HWl0WGhQKWOJ4anPc=
-11,0,/oGjUv6TWvTiEdIwwDfzpDQEJmM=,AUzhAS0flAFj3vGAhaLj0npa4/U=
-5,0,/oGjUv6TWvTiEdIwwDfzpDQEJmM=,ulky0QxfbFeJhh6z5rO52R85rGg=
-4,0,/oGjUv6TWvTiEdIwwDfzpDQEJmM=,JwBZhZ9k7hIdeuXvpsyduX2M+SU=
-2,0,/oGjUv6TWvTiEdIwwDfzpDQEJmM=,cwp+gATVx/8A39FBAwzaO5TZBgA=
-3,0,/oGjUv6TWvTiEdIwwDfzpDQEJmM=,JwBZhZ9k7hIdeuXvpsyduX2M+SU=
-15,1,/oGjUv6TWvTiEdIwwDfzpDQEJmM=,iFQdo58rKU7HDiAINeBEWr9Xb3s=
-14,0,/oGjUv6TWvTiEdIwwDfzpDQEJmM=,FmhxuRNk+HsDUbcFKCMDMB3AlIM=
-16,1,/oGjUv6TWvTiEdIwwDfzpDQEJmM=,iFQdo58rKU7HDiAINeBEWr9Xb3s=
-15,0,/oGjUv6TWvTiEdIwwDfzpDQEJmM=,iFQdo58rKU7HDiAINeBEWr9Xb3s=
-14,1,/oGjUv6TWvTiEdIwwDfzpDQEJmM=,FmhxuRNk+HsDUbcFKCMDMB3AlIM=
-15,2,/oGjUv6TWvTiEdIwwDfzpDQEJmM=,xLw4oBFVHSMSl3jqcmAVkcI1jYE=
-14,2,/oGjUv6TWvTiEdIwwDfzpDQEJmM=,o490p5XEjcZq5vMzZL6mpttL+jw=
-16,2,/oGjUv6TWvTiEdIwwDfzpDQEJmM=,xLw4oBFVHSMSl3jqcmAVkcI1jYE=
-1,2,/oGjUv6TWvTiEdIwwDfzpDQEJmM=,htWOJS4PNna9QBwi0WGc3zXso+k=
-1,1,/oGjUv6TWvTiEdIwwDfzpDQEJmM=,cwp+gATVx/8A39FBAwzaO5TZBgA=
-1,4,/oGjUv6TWvTiEdIwwDfzpDQEJmM=,vdjNP2ksaCp8j4K0J8Sybh3BFiU=
-1,3,/oGjUv6TWvTiEdIwwDfzpDQEJmM=,htWOJS4PNna9QBwi0WGc3zXso+k=
-1,8,/oGjUv6TWvTiEdIwwDfzpDQEJmM=,vjh2R/5zS6gNWz/vD1hMXRf+7H4=
-1,5,/oGjUv6TWvTiEdIwwDfzpDQEJmM=,vdjNP2ksaCp8j4K0J8Sybh3BFiU=
-1,7,/oGjUv6TWvTiEdIwwDfzpDQEJmM=,WVO4p3oA9PjxWEVdf3eGGfvbC50=
-1,6,/oGjUv6TWvTiEdIwwDfzpDQEJmM=,WVO4p3oA9PjxWEVdf3eGGfvbC50=
-1,9,/oGjUv6TWvTiEdIwwDfzpDQEJmM=,vjh2R/5zS6gNWz/vD1hMXRf+7H4=
-1,10,/oGjUv6TWvTiEdIwwDfzpDQEJmM=,Gmp4FfaYXQqCYD7kmmNOPJddaW4=
-7,0,/oGjUv6TWvTiEdIwwDfzpDQEJmM=,ilGqDulzth44/0EuVukc9aRb1KA=
-8,0,/oGjUv6TWvTiEdIwwDfzpDQEJmM=,ilGqDulzth44/0EuVukc9aRb1KA=
-6,0,/oGjUv6TWvTiEdIwwDfzpDQEJmM=,ulky0QxfbFeJhh6z5rO52R85rGg=
-9,0,/oGjUv6TWvTiEdIwwDfzpDQEJmM=,R5NJJTH5m0HWl0WGhQKWOJ4anPc=
-5,10,/oGjUv6TWvTiEdIwwDfzpDQEJmM=,vCIjdSXH0j17gHlAulQlX+6b5MA=
-5,9,/oGjUv6TWvTiEdIwwDfzpDQEJmM=,/ZvRSu2nGFukyb2O9Oj5cXlNTXM=
-4,10,/oGjUv6TWvTiEdIwwDfzpDQEJmM=,NlTffcd82VWpJ/1CUuVNy1odtO0=
-4,9,/oGjUv6TWvTiEdIwwDfzpDQEJmM=,qYWGPpEscFcGnyVa9VQn0qdLzhA=
-7,4,/oGjUv6TWvTiEdIwwDfzpDQEJmM=,9TnDUrxpeA4KKpQY18UcJLtnwP8=
-7,2,/oGjUv6TWvTiEdIwwDfzpDQEJmM=,CwiStqb40PpV1AS7OZZA6cnwxmQ=
-6,1,/oGjUv6TWvTiEdIwwDfzpDQEJmM=,ulky0QxfbFeJhh6z5rO52R85rGg=
-8,1,/oGjUv6TWvTiEdIwwDfzpDQEJmM=,ilGqDulzth44/0EuVukc9aRb1KA=
-7,1,/oGjUv6TWvTiEdIwwDfzpDQEJmM=,ilGqDulzth44/0EuVukc9aRb1KA=
-8,4,/oGjUv6TWvTiEdIwwDfzpDQEJmM=,9TnDUrxpeA4KKpQY18UcJLtnwP8=
-6,3,/oGjUv6TWvTiEdIwwDfzpDQEJmM=,wiME4M9pM31avtG0Nr1E3klPw6I=
-7,3,/oGjUv6TWvTiEdIwwDfzpDQEJmM=,CwiStqb40PpV1AS7OZZA6cnwxmQ=
-6,4,/oGjUv6TWvTiEdIwwDfzpDQEJmM=,tl0TzaNx+2E/bkov9GnorERhM+o=
-9,1,/oGjUv6TWvTiEdIwwDfzpDQEJmM=,R5NJJTH5m0HWl0WGhQKWOJ4anPc=
-8,3,/oGjUv6TWvTiEdIwwDfzpDQEJmM=,CwiStqb40PpV1AS7OZZA6cnwxmQ=
-9,4,/oGjUv6TWvTiEdIwwDfzpDQEJmM=,sAcGbyr8GderZcyHzZMDAYhN9sQ=
-8,2,/oGjUv6TWvTiEdIwwDfzpDQEJmM=,CwiStqb40PpV1AS7OZZA6cnwxmQ=
-9,3,/oGjUv6TWvTiEdIwwDfzpDQEJmM=,j0O1YON4tLx9qmYjkFgVog3Wp40=
-9,2,/oGjUv6TWvTiEdIwwDfzpDQEJmM=,j0O1YON4tLx9qmYjkFgVog3Wp40=
-6,2,/oGjUv6TWvTiEdIwwDfzpDQEJmM=,wiME4M9pM31avtG0Nr1E3klPw6I=
-13,6,/oGjUv6TWvTiEdIwwDfzpDQEJmM=,myvXb71x8bX49WkgCuFr28kB9C4=
-12,6,/oGjUv6TWvTiEdIwwDfzpDQEJmM=,irfe+81PJrCRc6vxr0Kaptc2rQA=
-13,5,/oGjUv6TWvTiEdIwwDfzpDQEJmM=,ttcw5RWZt3+EpWAvu4WGwJ5eOVY=
-12,5,/oGjUv6TWvTiEdIwwDfzpDQEJmM=,jW6YIU4LvEL45Ca+VtBF8mQtVVM=
-8,10,/oGjUv6TWvTiEdIwwDfzpDQEJmM=,7LiypPBevCN7YcuFe4uIZcwJZDs=
-9,10,/oGjUv6TWvTiEdIwwDfzpDQEJmM=,aLCCChKLRORlFBssCAo3i+8rOmg=
-7,9,/oGjUv6TWvTiEdIwwDfzpDQEJmM=,5xEGduuv1l3WJFfTbpm2DK9ZRGM=
-6,9,/oGjUv6TWvTiEdIwwDfzpDQEJmM=,/ZvRSu2nGFukyb2O9Oj5cXlNTXM=
-6,10,/oGjUv6TWvTiEdIwwDfzpDQEJmM=,vCIjdSXH0j17gHlAulQlX+6b5MA=
-8,9,/oGjUv6TWvTiEdIwwDfzpDQEJmM=,5xEGduuv1l3WJFfTbpm2DK9ZRGM=
-7,10,/oGjUv6TWvTiEdIwwDfzpDQEJmM=,7LiypPBevCN7YcuFe4uIZcwJZDs=
-9,9,/oGjUv6TWvTiEdIwwDfzpDQEJmM=,rKSAAgovSbtyGL4idaO79S1KQ7I=
-15,7,/oGjUv6TWvTiEdIwwDfzpDQEJmM=,JXqvI4MTgLv7GYHqoHBSzTKr6Bg=
-14,7,/oGjUv6TWvTiEdIwwDfzpDQEJmM=,myvXb71x8bX49WkgCuFr28kB9C4=
-16,8,/oGjUv6TWvTiEdIwwDfzpDQEJmM=,NjW+J56CTnSKCUVmDSy8FnjU4kQ=
-16,7,/oGjUv6TWvTiEdIwwDfzpDQEJmM=,JXqvI4MTgLv7GYHqoHBSzTKr6Bg=
-14,8,/oGjUv6TWvTiEdIwwDfzpDQEJmM=,T1RSb9ommQ3YsGyUXeq3I/iZlN8=
-15,8,/oGjUv6TWvTiEdIwwDfzpDQEJmM=,NjW+J56CTnSKCUVmDSy8FnjU4kQ=
-15,10,/oGjUv6TWvTiEdIwwDfzpDQEJmM=,0OlRNf69kopNc7UJDIJZh/6wkgE=
-16,10,/oGjUv6TWvTiEdIwwDfzpDQEJmM=,0OlRNf69kopNc7UJDIJZh/6wkgE=
-15,9,/oGjUv6TWvTiEdIwwDfzpDQEJmM=,NjW+J56CTnSKCUVmDSy8FnjU4kQ=
-16,9,/oGjUv6TWvTiEdIwwDfzpDQEJmM=,NjW+J56CTnSKCUVmDSy8FnjU4kQ=
-14,10,/oGjUv6TWvTiEdIwwDfzpDQEJmM=,nvKkrQorceBf3aMwnceV28K5BM4=
-14,9,/oGjUv6TWvTiEdIwwDfzpDQEJmM=,T1RSb9ommQ3YsGyUXeq3I/iZlN8=
-16,0,/oGjUv6TWvTiEdIwwDfzpDQEJmM=,iFQdo58rKU7HDiAINeBEWr9Xb3s=
-1,0,/oGjUv6TWvTiEdIwwDfzpDQEJmM=,cwp+gATVx/8A39FBAwzaO5TZBgA=
-16,6,/oGjUv6TWvTiEdIwwDfzpDQEJmM=,JXqvI4MTgLv7GYHqoHBSzTKr6Bg=
-15,6,/oGjUv6TWvTiEdIwwDfzpDQEJmM=,JXqvI4MTgLv7GYHqoHBSzTKr6Bg=
-16,4,/oGjUv6TWvTiEdIwwDfzpDQEJmM=,Iaj5XtrSeS8sVrLdQD6PBt+JIS8=
-16,5,/oGjUv6TWvTiEdIwwDfzpDQEJmM=,Iaj5XtrSeS8sVrLdQD6PBt+JIS8=
-14,6,/oGjUv6TWvTiEdIwwDfzpDQEJmM=,myvXb71x8bX49WkgCuFr28kB9C4=
-15,5,/oGjUv6TWvTiEdIwwDfzpDQEJmM=,Iaj5XtrSeS8sVrLdQD6PBt+JIS8=
-15,4,/oGjUv6TWvTiEdIwwDfzpDQEJmM=,Iaj5XtrSeS8sVrLdQD6PBt+JIS8=
-14,3,/oGjUv6TWvTiEdIwwDfzpDQEJmM=,o490p5XEjcZq5vMzZL6mpttL+jw=
-14,4,/oGjUv6TWvTiEdIwwDfzpDQEJmM=,ttcw5RWZt3+EpWAvu4WGwJ5eOVY=
-14,5,/oGjUv6TWvTiEdIwwDfzpDQEJmM=,ttcw5RWZt3+EpWAvu4WGwJ5eOVY=
-16,3,/oGjUv6TWvTiEdIwwDfzpDQEJmM=,xLw4oBFVHSMSl3jqcmAVkcI1jYE=
-15,3,/oGjUv6TWvTiEdIwwDfzpDQEJmM=,xLw4oBFVHSMSl3jqcmAVkcI1jYE=
-13,7,/oGjUv6TWvTiEdIwwDfzpDQEJmM=,myvXb71x8bX49WkgCuFr28kB9C4=
-11,10,/oGjUv6TWvTiEdIwwDfzpDQEJmM=,JMJHFjzRjVonZG2Ov09GnDePhKw=
-10,10,/oGjUv6TWvTiEdIwwDfzpDQEJmM=,aLCCChKLRORlFBssCAo3i+8rOmg=
-12,9,/oGjUv6TWvTiEdIwwDfzpDQEJmM=,8U+7wRjuMJNUNDlXgkSWEalcaxc=
-13,10,/oGjUv6TWvTiEdIwwDfzpDQEJmM=,nvKkrQorceBf3aMwnceV28K5BM4=
-13,8,/oGjUv6TWvTiEdIwwDfzpDQEJmM=,T1RSb9ommQ3YsGyUXeq3I/iZlN8=
-12,10,/oGjUv6TWvTiEdIwwDfzpDQEJmM=,JMJHFjzRjVonZG2Ov09GnDePhKw=
-11,7,/oGjUv6TWvTiEdIwwDfzpDQEJmM=,irfe+81PJrCRc6vxr0Kaptc2rQA=
-10,9,/oGjUv6TWvTiEdIwwDfzpDQEJmM=,rKSAAgovSbtyGL4idaO79S1KQ7I=
-13,9,/oGjUv6TWvTiEdIwwDfzpDQEJmM=,T1RSb9ommQ3YsGyUXeq3I/iZlN8=
-10,8,/oGjUv6TWvTiEdIwwDfzpDQEJmM=,rKSAAgovSbtyGL4idaO79S1KQ7I=
-12,7,/oGjUv6TWvTiEdIwwDfzpDQEJmM=,irfe+81PJrCRc6vxr0Kaptc2rQA=
-10,7,/oGjUv6TWvTiEdIwwDfzpDQEJmM=,ssNiWkcLvgrYrji11MNTXxu/dMI=
-11,8,/oGjUv6TWvTiEdIwwDfzpDQEJmM=,8U+7wRjuMJNUNDlXgkSWEalcaxc=
-11,9,/oGjUv6TWvTiEdIwwDfzpDQEJmM=,8U+7wRjuMJNUNDlXgkSWEalcaxc=
-12,8,/oGjUv6TWvTiEdIwwDfzpDQEJmM=,8U+7wRjuMJNUNDlXgkSWEalcaxc=
