1,2,tc75VVhusvFbGMLcgPPiz+1/nts=,fClk8r1Rz5WVLG8n6Ha0l4XlJ1Q=
2,1,tc75VVhusvFbGMLcgPPiz+1/nts=,zxQi6PwJPCjnjcwl8yFSum08bXc=
1,1,tc75VVhusvFbGMLcgPPiz+1/nts=,qRG83smw7wzhRCn6bh3175nK17I=
2,2,tc75VVhusvFbGMLcgPPiz+1/nts=,LX0/yzX2+nCpaIOB+Lb6ePqjEt8=
1,5,Od5nI6pbwMgKOE+Xo0Dit8ShqCs=,mfRF/LznbyvrruRhaRM7p1vtWcg=
1,6,Od5nI6pbwMgKOE+Xo0Dit8ShqCs=,BPQU6JYw7LYxUKHlE5z83YetcSU=
2,5,Od5nI6pbwMgKOE+Xo0Dit8ShqCs=,kxOxEnWk2QJFB2aO6xDkc8xIjJM=
1,4,Od5nI6pbwMgKOE+Xo0Dit8ShqCs=,mfRF/LznbyvrruRhaRM7p1vtWcg=
1,3,Od5nI6pbwMgKOE+Xo0Dit8ShqCs=,fClk8r1Rz5WVLG8n6Ha0l4XlJ1Q=
2,6,Od5nI6pbwMgKOE+Xo0Dit8ShqCs=,EqY7ERJeZ5V98SaJKsnCZlLN5p8=
2,4,Od5nI6pbwMgKOE+Xo0Dit8ShqCs=,kxOxEnWk2QJFB2aO6xDkc8xIjJM=
2,3,Od5nI6pbwMgKOE+Xo0Dit8ShqCs=,LX0/yzX2+nCpaIOB+Lb6ePqjEt8=
2,8,Woce6mR9F0FR6KoNujHqNeXa2QU=,6pNy2mgnWkaLR5QOfRJtkuf8+Kc=
1,8,Woce6mR9F0FR6KoNujHqNeXa2QU=,3kAtenyuXRcVQZzc3KsEW7/0JsU=
2,7,Woce6mR9F0FR6KoNujHqNeXa2QU=,EqY7ERJeZ5V98SaJKsnCZlLN5p8=
1,7,Woce6mR9F0FR6KoNujHqNeXa2QU=,BPQU6JYw7LYxUKHlE5z83YetcSU=
4,8,Woce6mR9F0FR6KoNujHqNeXa2QU=,3L0rQ5XOsYURQ6NMkSXkvs6Oqe8=
3,8,Woce6mR9F0FR6KoNujHqNeXa2QU=,6pNy2mgnWkaLR5QOfRJtkuf8+Kc=
3,7,Woce6mR9F0FR6KoNujHqNeXa2QU=,EqY7ERJeZ5V98SaJKsnCZlLN5p8=
4,7,Woce6mR9F0FR6KoNujHqNeXa2QU=,/dPE+7Mk4mM7ByCvFwS8j6v+OX4=
4,5,VIJTzO1Ojhg5AIuDED0HHIT1Ztc=,PxoG1Ct4MLONucC7RNjF3F1t/iI=
3,5,VIJTzO1Ojhg5AIuDED0HHIT1Ztc=,kxOxEnWk2QJFB2aO6xDkc8xIjJM=
3,6,VIJTzO1Ojhg5AIuDED0HHIT1Ztc=,EqY7ERJeZ5V98SaJKsnCZlLN5p8=
4,6,VIJTzO1Ojhg5AIuDED0HHIT1Ztc=,/dPE+7Mk4mM7ByCvFwS8j6v+OX4=
4,3,VIJTzO1Ojhg5AIuDED0HHIT1Ztc=,ohobRDNpNAEDKvkNj78B5epiM1Q=
3,4,VIJTzO1Ojhg5AIuDED0HHIT1Ztc=,kxOxEnWk2QJFB2aO6xDkc8xIjJM=
3,3,VIJTzO1Ojhg5AIuDED0HHIT1Ztc=,LX0/yzX2+nCpaIOB+Lb6ePqjEt8=
4,4,VIJTzO1Ojhg5AIuDED0HHIT1Ztc=,PxoG1Ct4MLONucC7RNjF3F1t/iI=
6,3,0Gf0gJeEd1JVDm0ElyH3W3TxLeI=,4XLHsayJ94K1H1+E04GwyHawq6E=
5,4,0Gf0gJeEd1JVDm0ElyH3W3TxLeI=,PxoG1Ct4MLONucC7RNjF3F1t/iI=
3,1,0Gf0gJeEd1JVDm0ElyH3W3TxLeI=,zxQi6PwJPCjnjcwl8yFSum08bXc=
4,2,0Gf0gJeEd1JVDm0ElyH3W3TxLeI=,ohobRDNpNAEDKvkNj78B5epiM1Q=
5,3,0Gf0gJeEd1JVDm0ElyH3W3TxLeI=,ohobRDNpNAEDKvkNj78B5epiM1Q=
6,4,0Gf0gJeEd1JVDm0ElyH3W3TxLeI=,1ELslHUCUfYNEiSEQmaC7JMRe6Q=
3,2,0Gf0gJeEd1JVDm0ElyH3W3TxLeI=,LX0/yzX2+nCpaIOB+Lb6ePqjEt8=
4,1,0Gf0gJeEd1JVDm0ElyH3W3TxLeI=,sdBe2BmCBU8QSWeKeMYsiPsKvzA=
5,5,xmroX2kOtDDDAGKA20DT2mRMb/c=,PxoG1Ct4MLONucC7RNjF3F1t/iI=
6,5,xmroX2kOtDDDAGKA20DT2mRMb/c=,1ELslHUCUfYNEiSEQmaC7JMRe6Q=
6,6,xmroX2kOtDDDAGKA20DT2mRMb/c=,kGHsUIR/W+C4mQC1QGRvRVh4A3M=
5,6,xmroX2kOtDDDAGKA20DT2mRMb/c=,/dPE+7Mk4mM7ByCvFwS8j6v+OX4=
5,8,xmroX2kOtDDDAGKA20DT2mRMb/c=,3L0rQ5XOsYURQ6NMkSXkvs6Oqe8=
6,8,xmroX2kOtDDDAGKA20DT2mRMb/c=,qAk/DPPWmHzxs3IlHtDFcrFbw2w=
5,7,xmroX2kOtDDDAGKA20DT2mRMb/c=,/dPE+7Mk4mM7ByCvFwS8j6v+OX4=
6,7,xmroX2kOtDDDAGKA20DT2mRMb/c=,kGHsUIR/W+C4mQC1QGRvRVh4A3M=
5,1,xmroX2kOtDDDAGKA20DT2mRMb/c=,sdBe2BmCBU8QSWeKeMYsiPsKvzA=
5,2,xmroX2kOtDDDAGKA20DT2mRMb/c=,ohobRDNpNAEDKvkNj78B5epiM1Q=
6,1,xmroX2kOtDDDAGKA20DT2mRMb/c=,IBPtN2fU6TrltS2asGyDCGfAROc=
6,2,xmroX2kOtDDDAGKA20DT2mRMb/c=,4XLHsayJ94K1H1+E04GwyHawq6E=
7,8,xmroX2kOtDDDAGKA20DT2mRMb/c=,qAk/DPPWmHzxs3IlHtDFcrFbw2w=
8,7,xmroX2kOtDDDAGKA20DT2mRMb/c=,35RB3L0UZOkHibixvF9smKnwwqE=
7,7,xmroX2kOtDDDAGKA20DT2mRMb/c=,kGHsUIR/W+C4mQC1QGRvRVh4A3M=
8,8,xmroX2kOtDDDAGKA20DT2mRMb/c=,++2V7VXcZf9TyMVsVb3pODPCnuY=
8,10,8bKpJ7raz4wcKabssk8xbxE9KTM=,ddTyvXlLskgmGYs9e2j8Pge1e3E=
7,10,8bKpJ7raz4wcKabssk8xbxE9KTM=,6TCJbtQ8/bvA2fks1HSRzSSom3U=
7,9,8bKpJ7raz4wcKabssk8xbxE9KTM=,qAk/DPPWmHzxs3IlHtDFcrFbw2w=
8,9,8bKpJ7raz4wcKabssk8xbxE9KTM=,++2V7VXcZf9TyMVsVb3pODPCnuY=
7,3,8bKpJ7raz4wcKabssk8xbxE9KTM=,4XLHsayJ94K1H1+E04GwyHawq6E=
7,5,8bKpJ7raz4wcKabssk8xbxE9KTM=,1ELslHUCUfYNEiSEQmaC7JMRe6Q=
8,3,8bKpJ7raz4wcKabssk8xbxE9KTM=,S58F7WUK3Pgr4QnbN1eYJmsjj/8=
7,4,8bKpJ7raz4wcKabssk8xbxE9KTM=,1ELslHUCUfYNEiSEQmaC7JMRe6Q=
7,6,8bKpJ7raz4wcKabssk8xbxE9KTM=,kGHsUIR/W+C4mQC1QGRvRVh4A3M=
8,5,8bKpJ7raz4wcKabssk8xbxE9KTM=,inkqfpZRbh/9bZ3CF9GlTKdhVao=
8,4,8bKpJ7raz4wcKabssk8xbxE9KTM=,inkqfpZRbh/9bZ3CF9GlTKdhVao=
8,6,8bKpJ7raz4wcKabssk8xbxE9KTM=,35RB3L0UZOkHibixvF9smKnwwqE=
8,2,8bKpJ7raz4wcKabssk8xbxE9KTM=,S58F7WUK3Pgr4QnbN1eYJmsjj/8=
7,2,8bKpJ7raz4wcKabssk8xbxE9KTM=,4XLHsayJ94K1H1+E04GwyHawq6E=
8,1,8bKpJ7raz4wcKabssk8xbxE9KTM=,0NBT364x5HCzb6BxfqqOcveCyFQ=
7,1,8bKpJ7raz4wcKabssk8xbxE9KTM=,IBPtN2fU6TrltS2asGyDCGfAROc=
9,3,GfMYxeFRm78iIVLxYkshkRfQh+4=,S58F7WUK3Pgr4QnbN1eYJmsjj/8=
9,2,GfMYxeFRm78iIVLxYkshkRfQh+4=,S58F7WUK3Pgr4QnbN1eYJmsjj/8=
9,1,GfMYxeFRm78iIVLxYkshkRfQh+4=,0NBT364x5HCzb6BxfqqOcveCyFQ=
10,4,GfMYxeFRm78iIVLxYkshkRfQh+4=,ZQ+uyHPNckL7jEsUi/h05XtdCP8=
10,2,GfMYxeFRm78iIVLxYkshkRfQh+4=,EVycSD7rABeV3YdycUfnDmwJ+ME=
9,4,GfMYxeFRm78iIVLxYkshkRfQh+4=,inkqfpZRbh/9bZ3CF9GlTKdhVao=
10,1,GfMYxeFRm78iIVLxYkshkRfQh+4=,pok8vy4TVRoJjNkdFzg43ai2jfM=
10,3,GfMYxeFRm78iIVLxYkshkRfQh+4=,EVycSD7rABeV3YdycUfnDmwJ+ME=
9,9,GfMYxeFRm78iIVLxYkshkRfQh+4=,++2V7VXcZf9TyMVsVb3pODPCnuY=
10,10,GfMYxeFRm78iIVLxYkshkRfQh+4=,2aelGAc/T8AWpIaj5JrrvTu8KBc=
10,9,GfMYxeFRm78iIVLxYkshkRfQh+4=,eKX7pOJaRDh2wRxNGg8XxE4WTPc=
9,10,GfMYxeFRm78iIVLxYkshkRfQh+4=,ddTyvXlLskgmGYs9e2j8Pge1e3E=
9,8,GfMYxeFRm78iIVLxYkshkRfQh+4=,++2V7VXcZf9TyMVsVb3pODPCnuY=
10,5,GfMYxeFRm78iIVLxYkshkRfQh+4=,ZQ+uyHPNckL7jEsUi/h05XtdCP8=
9,7,GfMYxeFRm78iIVLxYkshkRfQh+4=,35RB3L0UZOkHibixvF9smKnwwqE=
9,6,GfMYxeFRm78iIVLxYkshkRfQh+4=,35RB3L0UZOkHibixvF9smKnwwqE=
10,6,GfMYxeFRm78iIVLxYkshkRfQh+4=,BYjHYRityv2MfVLf8D+slz3xg6Y=
10,8,9tSaV3zfgAtSGhFETfx8Aa7n5mU=,eKX7pOJaRDh2wRxNGg8XxE4WTPc=
10,7,9tSaV3zfgAtSGhFETfx8Aa7n5mU=,BYjHYRityv2MfVLf8D+slz3xg6Y=
9,5,9tSaV3zfgAtSGhFETfx8Aa7n5mU=,inkqfpZRbh/9bZ3CF9GlTKdhVao=
12,10,9tSaV3zfgAtSGhFETfx8Aa7n5mU=,/yh3gS9PpPapFcM9EBWAOXKu+2k=
11,10,9tSaV3zfgAtSGhFETfx8Aa7n5mU=,2aelGAc/T8AWpIaj5JrrvTu8KBc=
11,9,9tSaV3zfgAtSGhFETfx8Aa7n5mU=,eKX7pOJaRDh2wRxNGg8XxE4WTPc=
12,9,9tSaV3zfgAtSGhFETfx8Aa7n5mU=,CHeVMlYK6sdfMuXiG5vanXQSz9U=
11,8,9tSaV3zfgAtSGhFETfx8Aa7n5mU=,eKX7pOJaRDh2wRxNGg8XxE4WTPc=
11,7,9tSaV3zfgAtSGhFETfx8Aa7n5mU=,BYjHYRityv2MfVLf8D+slz3xg6Y=
12,8,9tSaV3zfgAtSGhFETfx8Aa7n5mU=,CHeVMlYK6sdfMuXiG5vanXQSz9U=
12,7,9tSaV3zfgAtSGhFETfx8Aa7n5mU=,BntRcfpnyAS85lGpaW6zsDD0b88=
11,6,9tSaV3zfgAtSGhFETfx8Aa7n5mU=,BYjHYRityv2MfVLf8D+slz3xg6Y=
11,5,9tSaV3zfgAtSGhFETfx8Aa7n5mU=,ZQ+uyHPNckL7jEsUi/h05XtdCP8=
12,6,9tSaV3zfgAtSGhFETfx8Aa7n5mU=,BntRcfpnyAS85lGpaW6zsDD0b88=
12,5,YCl1ugsVLsl8BBCQVEEM2Q/4/dM=,DCLKvqqLNKX7uGnueuIhgG4sOxU=
11,4,YCl1ugsVLsl8BBCQVEEM2Q/4/dM=,ZQ+uyHPNckL7jEsUi/h05XtdCP8=
11,3,YCl1ugsVLsl8BBCQVEEM2Q/4/dM=,EVycSD7rABeV3YdycUfnDmwJ+ME=
12,4,YCl1ugsVLsl8BBCQVEEM2Q/4/dM=,DCLKvqqLNKX7uGnueuIhgG4sOxU=
12,3,YCl1ugsVLsl8BBCQVEEM2Q/4/dM=,/W8Qz1drJ8gwonxqm9NTQBUR/So=
12,2,YCl1ugsVLsl8BBCQVEEM2Q/4/dM=,/W8Qz1drJ8gwonxqm9NTQBUR/So=
12,1,YCl1ugsVLsl8BBCQVEEM2Q/4/dM=,LVa4RvrwP0sG9wcwri9FAZSNaU4=
11,2,YCl1ugsVLsl8BBCQVEEM2Q/4/dM=,EVycSD7rABeV3YdycUfnDmwJ+ME=
11,1,YCl1ugsVLsl8BBCQVEEM2Q/4/dM=,pok8vy4TVRoJjNkdFzg43ai2jfM=
13,4,YCl1ugsVLsl8BBCQVEEM2Q/4/dM=,DCLKvqqLNKX7uGnueuIhgG4sOxU=
14,3,YCl1ugsVLsl8BBCQVEEM2Q/4/dM=,fBhvEA9tRUXUIWLWwa1tBykAEK8=
13,3,YCl1ugsVLsl8BBCQVEEM2Q/4/dM=,/W8Qz1drJ8gwonxqm9NTQBUR/So=
14,4,YCl1ugsVLsl8BBCQVEEM2Q/4/dM=,6clhgJ3ndzEdeJtme+F8THZIy3k=
14,5,MmZ+J8BnWxpNQGsrQXeCcVTEyiI=,6clhgJ3ndzEdeJtme+F8THZIy3k=
13,6,MmZ+J8BnWxpNQGsrQXeCcVTEyiI=,BntRcfpnyAS85lGpaW6zsDD0b88=
14,6,MmZ+J8BnWxpNQGsrQXeCcVTEyiI=,Yqqtc6IzV1U9/VMxs1068llFpnI=
13,5,MmZ+J8BnWxpNQGsrQXeCcVTEyiI=,DCLKvqqLNKX7uGnueuIhgG4sOxU=
14,1,MmZ+J8BnWxpNQGsrQXeCcVTEyiI=,UI3SWpQwUJ4G3K4u3FNshe2A960=
13,0,MmZ+J8BnWxpNQGsrQXeCcVTEyiI=,LVa4RvrwP0sG9wcwri9FAZSNaU4=
13,2,MmZ+J8BnWxpNQGsrQXeCcVTEyiI=,/W8Qz1drJ8gwonxqm9NTQBUR/So=
14,2,MmZ+J8BnWxpNQGsrQXeCcVTEyiI=,fBhvEA9tRUXUIWLWwa1tBykAEK8=
13,1,MmZ+J8BnWxpNQGsrQXeCcVTEyiI=,LVa4RvrwP0sG9wcwri9FAZSNaU4=
14,0,MmZ+J8BnWxpNQGsrQXeCcVTEyiI=,UI3SWpQwUJ4G3K4u3FNshe2A960=
11,0,MmZ+J8BnWxpNQGsrQXeCcVTEyiI=,pok8vy4TVRoJjNkdFzg43ai2jfM=
12,0,MmZ+J8BnWxpNQGsrQXeCcVTEyiI=,LVa4RvrwP0sG9wcwri9FAZSNaU4=
10,0,MmZ+J8BnWxpNQGsrQXeCcVTEyiI=,pok8vy4TVRoJjNkdFzg43ai2jfM=
7,0,MmZ+J8BnWxpNQGsrQXeCcVTEyiI=,IBPtN2fU6TrltS2asGyDCGfAROc=
8,0,MmZ+J8BnWxpNQGsrQXeCcVTEyiI=,0NBT364x5HCzb6BxfqqOcveCyFQ=
9,0,MmZ+J8BnWxpNQGsrQXeCcVTEyiI=,0NBT364x5HCzb6BxfqqOcveCyFQ=
6,0,MmZ+J8BnWxpNQGsrQXeCcVTEyiI=,IBPtN2fU6TrltS2asGyDCGfAROc=
1,0,MmZ+J8BnWxpNQGsrQXeCcVTEyiI=,qRG83smw7wzhRCn6bh3175nK17I=
2,0,MmZ+J8BnWxpNQGsrQXeCcVTEyiI=,zxQi6PwJPCjnjcwl8yFSum08bXc=
3,0,MmZ+J8BnWxpNQGsrQXeCcVTEyiI=,zxQi6PwJPCjnjcwl8yFSum08bXc=
4,0,MmZ+J8BnWxpNQGsrQXeCcVTEyiI=,sdBe2BmCBU8QSWeKeMYsiPsKvzA=
5,0,MmZ+J8BnWxpNQGsrQXeCcVTEyiI=,sdBe2BmCBU8QSWeKeMYsiPsKvzA=
15,1,MmZ+J8BnWxpNQGsrQXeCcVTEyiI=,UI3SWpQwUJ4G3K4u3FNshe2A960=
15,6,MmZ+J8BnWxpNQGsrQXeCcVTEyiI=,Yqqtc6IzV1U9/VMxs1068llFpnI=
15,5,MmZ+J8BnWxpNQGsrQXeCcVTEyiI=,6clhgJ3ndzEdeJtme+F8THZIy3k=
15,2,MmZ+J8BnWxpNQGsrQXeCcVTEyiI=,fBhvEA9tRUXUIWLWwa1tBykAEK8=
15,4,MmZ+J8BnWxpNQGsrQXeCcVTEyiI=,6clhgJ3ndzEdeJtme+F8THZIy3k=
15,3,MmZ+J8BnWxpNQGsrQXeCcVTEyiI=,fBhvEA9tRUXUIWLWwa1tBykAEK8=
0,0,MmZ+J8BnWxpNQGsrQXeCcVTEyiI=,qRG83smw7wzhRCn6bh3175nK17I=
0,4,MmZ+J8BnWxpNQGsrQXeCcVTEyiI=,mfRF/LznbyvrruRhaRM7p1vtWcg=
0,2,MmZ+J8BnWxpNQGsrQXeCcVTEyiI=,fClk8r1Rz5WVLG8n6Ha0l4XlJ1Q=
0,1,MmZ+J8BnWxpNQGsrQXeCcVTEyiI=,qRG83smw7wzhRCn6bh3175nK17I=
0,6,MmZ+J8BnWxpNQGsrQXeCcVTEyiI=,BPQU6JYw7LYxUKHlE5z83YetcSU=
0,3,MmZ+J8BnWxpNQGsrQXeCcVTEyiI=,fClk8r1Rz5WVLG8n6Ha0l4XlJ1Q=
0,5,MmZ+J8BnWxpNQGsrQXeCcVTEyiI=,mfRF/LznbyvrruRhaRM7p1vtWcg=
0,7,MmZ+J8BnWxpNQGsrQXeCcVTEyiI=,BPQU6JYw7LYxUKHlE5z83YetcSU=
0,8,MmZ+J8BnWxpNQGsrQXeCcVTEyiI=,3kAtenyuXRcVQZzc3KsEW7/0JsU=
15,0,MmZ+J8BnWxpNQGsrQXeCcVTEyiI=,UI3SWpQwUJ4G3K4u3FNshe2A960=
13,8,MmZ+J8BnWxpNQGsrQXeCcVTEyiI=,CHeVMlYK6sdfMuXiG5vanXQSz9U=
13,9,MmZ+J8BnWxpNQGsrQXeCcVTEyiI=,CHeVMlYK6sdfMuXiG5vanXQSz9U=
14,10,MmZ+J8BnWxpNQGsrQXeCcVTEyiI=,mel2n1X2F9+MIynhkDBNUaS6z/U=
13,7,MmZ+J8BnWxpNQGsrQXeCcVTEyiI=,BntRcfpnyAS85lGpaW6zsDD0b88=
14,8,MmZ+J8BnWxpNQGsrQXeCcVTEyiI=,L4Z7nt+JvJJ9oj9PYcJsUIOhn4E=
15,7,MmZ+J8BnWxpNQGsrQXeCcVTEyiI=,Yqqtc6IzV1U9/VMxs1068llFpnI=
14,9,MmZ+J8BnWxpNQGsrQXeCcVTEyiI=,L4Z7nt+JvJJ9oj9PYcJsUIOhn4E=
15,10,MmZ+J8BnWxpNQGsrQXeCcVTEyiI=,mel2n1X2F9+MIynhkDBNUaS6z/U=
15,9,MmZ+J8BnWxpNQGsrQXeCcVTEyiI=,L4Z7nt+JvJJ9oj9PYcJsUIOhn4E=
14,7,MmZ+J8BnWxpNQGsrQXeCcVTEyiI=,Yqqtc6IzV1U9/VMxs1068llFpnI=
15,8,MmZ+J8BnWxpNQGsrQXeCcVTEyiI=,L4Z7nt+JvJJ9oj9PYcJsUIOhn4E=
13,10,MmZ+J8BnWxpNQGsrQXeCcVTEyiI=,/yh3gS9PpPapFcM9EBWAOXKu+2k=
0,10,Qw7HVTyOLlXiQJ0ujp9nj2/ji24=,3fbs83D7DNVwVNTVG3kn7lbvJQM=
2,10,Qw7HVTyOLlXiQJ0ujp9nj2/ji24=,xx0uV69LZcsR9gvh+61HltKrxw4=
1,9,Qw7HVTyOLlXiQJ0ujp9nj2/ji24=,3kAtenyuXRcVQZzc3KsEW7/0JsU=
2,9,Qw7HVTyOLlXiQJ0ujp9nj2/ji24=,6pNy2mgnWkaLR5QOfRJtkuf8+Kc=
1,10,Qw7HVTyOLlXiQJ0ujp9nj2/ji24=,3fbs83D7DNVwVNTVG3kn7lbvJQM=
0,9,Qw7HVTyOLlXiQJ0ujp9nj2/ji24=,3kAtenyuXRcVQZzc3KsEW7/0JsU=
4,9,Qw7HVTyOLlXiQJ0ujp9nj2/ji24=,3L0rQ5XOsYURQ6NMkSXkvs6Oqe8=
3,10,Qw7HVTyOLlXiQJ0ujp9nj2/ji24=,xx0uV69LZcsR9gvh+61HltKrxw4=
6,9,Qw7HVTyOLlXiQJ0ujp9nj2/ji24=,qAk/DPPWmHzxs3IlHtDFcrFbw2w=
4,10,Qw7HVTyOLlXiQJ0ujp9nj2/ji24=,jrB21F/yzLtWNcBUF1DlOmh58k4=
5,9,Qw7HVTyOLlXiQJ0ujp9nj2/ji24=,3L0rQ5XOsYURQ6NMkSXkvs6Oqe8=
3,9,Qw7HVTyOLlXiQJ0ujp9nj2/ji24=,6pNy2mgnWkaLR5QOfRJtkuf8+Kc=
6,10,Qw7HVTyOLlXiQJ0ujp9nj2/ji24=,6TCJbtQ8/bvA2fks1HSRzSSom3U=
5,10,Qw7HVTyOLlXiQJ0ujp9nj2/ji24=,jrB21F/yzLtWNcBUF1DlOmh58k4=
19,1,8+9LMVDZYFyMSojcgfI41hFj910=,s30OZEAc0Io/esaG1lM4vpMc4Ac=
20,1,8+9LMVDZYFyMSojcgfI41hFj910=,9avbB4f5duq/r/RE6VM3R9IIS8Y=
19,2,8+9LMVDZYFyMSojcgfI41hFj910=,P0o64Dpa9mBDgismntznqQPbMso=
20,2,8+9LMVDZYFyMSojcgfI41hFj910=,aJ54o/vnfp3zsH5TnG4hh+v1EjY=
22,2,yrkSUY2eysWb87tW8JUbUxmqQwI=,cISGaTX53OBkPK1pLx3Mvs8uDzA=
22,1,yrkSUY2eysWb87tW8JUbUxmqQwI=,jCkjqv/ZmrbxX6vztSb3GRSPSag=
21,1,yrkSUY2eysWb87tW8JUbUxmqQwI=,9avbB4f5duq/r/RE6VM3R9IIS8Y=
21,2,yrkSUY2eysWb87tW8JUbUxmqQwI=,aJ54o/vnfp3zsH5TnG4hh+v1EjY=
22,4,yrkSUY2eysWb87tW8JUbUxmqQwI=,BZ8nW3b0+NFkkZ0Ei9ejfPeL9Qc=
21,4,yrkSUY2eysWb87tW8JUbUxmqQwI=,omldRcOiDY0fDVuZ1lgsIZxfSx4=
21,3,yrkSUY2eysWb87tW8JUbUxmqQwI=,aJ54o/vnfp3zsH5TnG4hh+v1EjY=
22,3,yrkSUY2eysWb87tW8JUbUxmqQwI=,cISGaTX53OBkPK1pLx3Mvs8uDzA=
20,4,yrkSUY2eysWb87tW8JUbUxmqQwI=,omldRcOiDY0fDVuZ1lgsIZxfSx4=
19,4,yrkSUY2eysWb87tW8JUbUxmqQwI=,iZvgNuQZ1JkRIoiXG2Zh4eVAzUM=
20,3,yrkSUY2eysWb87tW8JUbUxmqQwI=,aJ54o/vnfp3zsH5TnG4hh+v1EjY=
19,3,yrkSUY2eysWb87tW8JUbUxmqQwI=,P0o64Dpa9mBDgismntznqQPbMso=
22,5,3KyNaZbjPltToRvZjjwPz7QT9OQ=,BZ8nW3b0+NFkkZ0Ei9ejfPeL9Qc=
22,7,3KyNaZbjPltToRvZjjwPz7QT9OQ=,go2seU4dt06bSmiSgwOcElacFGI=
20,7,3KyNaZbjPltToRvZjjwPz7QT9OQ=,0iMKRNGLErP8Bm1XZIs04vNeWxQ=
19,7,3KyNaZbjPltToRvZjjwPz7QT9OQ=,Nen7gDyOHdV9WvT3ALcGt3DelyU=
21,8,3KyNaZbjPltToRvZjjwPz7QT9OQ=,eloh+SUxWacqrTtpg6aGcQ3U5JY=
21,7,3KyNaZbjPltToRvZjjwPz7QT9OQ=,0iMKRNGLErP8Bm1XZIs04vNeWxQ=
22,8,3KyNaZbjPltToRvZjjwPz7QT9OQ=,YUqIBA3UdckUyClfSL5bkmMrH2k=
21,6,3KyNaZbjPltToRvZjjwPz7QT9OQ=,0iMKRNGLErP8Bm1XZIs04vNeWxQ=
20,6,3KyNaZbjPltToRvZjjwPz7QT9OQ=,0iMKRNGLErP8Bm1XZIs04vNeWxQ=
20,8,3KyNaZbjPltToRvZjjwPz7QT9OQ=,eloh+SUxWacqrTtpg6aGcQ3U5JY=
22,6,3KyNaZbjPltToRvZjjwPz7QT9OQ=,go2seU4dt06bSmiSgwOcElacFGI=
21,5,3KyNaZbjPltToRvZjjwPz7QT9OQ=,omldRcOiDY0fDVuZ1lgsIZxfSx4=
19,8,3KyNaZbjPltToRvZjjwPz7QT9OQ=,YoiCU8DQaNfHM+aBRFd6exJpgig=
20,5,3KyNaZbjPltToRvZjjwPz7QT9OQ=,omldRcOiDY0fDVuZ1lgsIZxfSx4=
19,6,3KyNaZbjPltToRvZjjwPz7QT9OQ=,Nen7gDyOHdV9WvT3ALcGt3DelyU=
19,5,3KyNaZbjPltToRvZjjwPz7QT9OQ=,iZvgNuQZ1JkRIoiXG2Zh4eVAzUM=
18,8,3KyNaZbjPltToRvZjjwPz7QT9OQ=,YoiCU8DQaNfHM+aBRFd6exJpgig=
18,7,3KyNaZbjPltToRvZjjwPz7QT9OQ=,Nen7gDyOHdV9WvT3ALcGt3DelyU=
17,8,3KyNaZbjPltToRvZjjwPz7QT9OQ=,7lb/3bXaR3kdxmxlpGGik96J4sU=
17,7,3KyNaZbjPltToRvZjjwPz7QT9OQ=,iGJAOfK+0WRguq76IufwssdBo20=
17,5,8nSmlQxOjawE21/+yR0HPQEUQ2k=,qHfklG6GFfLAWh7GXmG7KYS2mCQ=
17,6,8nSmlQxOjawE21/+yR0HPQEUQ2k=,iGJAOfK+0WRguq76IufwssdBo20=
16,6,8nSmlQxOjawE21/+yR0HPQEUQ2k=,iGJAOfK+0WRguq76IufwssdBo20=
16,5,8nSmlQxOjawE21/+yR0HPQEUQ2k=,qHfklG6GFfLAWh7GXmG7KYS2mCQ=
18,6,8nSmlQxOjawE21/+yR0HPQEUQ2k=,Nen7gDyOHdV9WvT3ALcGt3DelyU=
18,5,8nSmlQxOjawE21/+yR0HPQEUQ2k=,iZvgNuQZ1JkRIoiXG2Zh4eVAzUM=
19,0,8nSmlQxOjawE21/+yR0HPQEUQ2k=,s30OZEAc0Io/esaG1lM4vpMc4Ac=
20,0,8nSmlQxOjawE21/+yR0HPQEUQ2k=,9avbB4f5duq/r/RE6VM3R9IIS8Y=
21,0,8nSmlQxOjawE21/+yR0HPQEUQ2k=,9avbB4f5duq/r/RE6VM3R9IIS8Y=
22,0,8nSmlQxOjawE21/+yR0HPQEUQ2k=,jCkjqv/ZmrbxX6vztSb3GRSPSag=
23,10,8nSmlQxOjawE21/+yR0HPQEUQ2k=,HmZfwMGbsFSX1EnSXGEtun9cOzE=
23,9,8nSmlQxOjawE21/+yR0HPQEUQ2k=,YUqIBA3UdckUyClfSL5bkmMrH2k=
24,10,8nSmlQxOjawE21/+yR0HPQEUQ2k=,Ae4eKDzi6P3eoLrfozamlbaRgcE=
24,1,8nSmlQxOjawE21/+yR0HPQEUQ2k=,p9d1uMtHrDjKG5u6qk6WEPyEWJU=
24,9,8nSmlQxOjawE21/+yR0HPQEUQ2k=,t9MOHlJitc2bOUlyBSBx1JAsaFY=
24,2,8nSmlQxOjawE21/+yR0HPQEUQ2k=,rbU/sJ8k7i7d9Zc+ws5zXnjVltc=
23,2,8nSmlQxOjawE21/+yR0HPQEUQ2k=,cISGaTX53OBkPK1pLx3Mvs8uDzA=
24,0,8nSmlQxOjawE21/+yR0HPQEUQ2k=,p9d1uMtHrDjKG5u6qk6WEPyEWJU=
23,1,8nSmlQxOjawE21/+yR0HPQEUQ2k=,jCkjqv/ZmrbxX6vztSb3GRSPSag=
23,0,8nSmlQxOjawE21/+yR0HPQEUQ2k=,jCkjqv/ZmrbxX6vztSb3GRSPSag=
23,7,8nSmlQxOjawE21/+yR0HPQEUQ2k=,go2seU4dt06bSmiSgwOcElacFGI=
23,8,8nSmlQxOjawE21/+yR0HPQEUQ2k=,YUqIBA3UdckUyClfSL5bkmMrH2k=
24,7,8nSmlQxOjawE21/+yR0HPQEUQ2k=,A+mwyHU4MsX0OT363zbgMrUVKCE=
24,8,8nSmlQxOjawE21/+yR0HPQEUQ2k=,t9MOHlJitc2bOUlyBSBx1JAsaFY=
24,3,8nSmlQxOjawE21/+yR0HPQEUQ2k=,rbU/sJ8k7i7d9Zc+ws5zXnjVltc=
23,5,8nSmlQxOjawE21/+yR0HPQEUQ2k=,BZ8nW3b0+NFkkZ0Ei9ejfPeL9Qc=
24,4,8nSmlQxOjawE21/+yR0HPQEUQ2k=,YQY4xpXieGC+Jm2LWZ37gs2CU2M=
24,6,8nSmlQxOjawE21/+yR0HPQEUQ2k=,A+mwyHU4MsX0OT363zbgMrUVKCE=
24,5,8nSmlQxOjawE21/+yR0HPQEUQ2k=,YQY4xpXieGC+Jm2LWZ37gs2CU2M=
23,3,8nSmlQxOjawE21/+yR0HPQEUQ2k=,cISGaTX53OBkPK1pLx3Mvs8uDzA=
23,6,8nSmlQxOjawE21/+yR0HPQEUQ2k=,go2seU4dt06bSmiSgwOcElacFGI=
23,4,8nSmlQxOjawE21/+yR0HPQEUQ2k=,BZ8nW3b0+NFkkZ0Ei9ejfPeL9Qc=
16,8,8nSmlQxOjawE21/+yR0HPQEUQ2k=,7lb/3bXaR3kdxmxlpGGik96J4sU=
16,7,8nSmlQxOjawE21/+yR0HPQEUQ2k=,iGJAOfK+0WRguq76IufwssdBo20=
17,0,8nSmlQxOjawE21/+yR0HPQEUQ2k=,D2QAGsyNBOeM6NJwUIXbUE6LOC0=
16,0,8nSmlQxOjawE21/+yR0HPQEUQ2k=,D2QAGsyNBOeM6NJwUIXbUE6LOC0=
18,0,8nSmlQxOjawE21/+yR0HPQEUQ2k=,s30OZEAc0Io/esaG1lM4vpMc4Ac=
20,9,8nSmlQxOjawE21/+yR0HPQEUQ2k=,eloh+SUxWacqrTtpg6aGcQ3U5JY=
21,10,8nSmlQxOjawE21/+yR0HPQEUQ2k=,dix9Qy3Gbu2A6BwyteV9E43BBlM=
22,10,8nSmlQxOjawE21/+yR0HPQEUQ2k=,HmZfwMGbsFSX1EnSXGEtun9cOzE=
19,10,8nSmlQxOjawE21/+yR0HPQEUQ2k=,c0hACWkT0PoazVQ+3pOQwVYVfDk=
22,9,8nSmlQxOjawE21/+yR0HPQEUQ2k=,YUqIBA3UdckUyClfSL5bkmMrH2k=
19,9,8nSmlQxOjawE21/+yR0HPQEUQ2k=,YoiCU8DQaNfHM+aBRFd6exJpgig=
21,9,8nSmlQxOjawE21/+yR0HPQEUQ2k=,eloh+SUxWacqrTtpg6aGcQ3U5JY=
20,10,8nSmlQxOjawE21/+yR0HPQEUQ2k=,dix9Qy3Gbu2A6BwyteV9E43BBlM=
17,9,8nSmlQxOjawE21/+yR0HPQEUQ2k=,7lb/3bXaR3kdxmxlpGGik96J4sU=
18,10,8nSmlQxOjawE21/+yR0HPQEUQ2k=,c0hACWkT0PoazVQ+3pOQwVYVfDk=
17,10,8nSmlQxOjawE21/+yR0HPQEUQ2k=,XSFf/PyhXRK29MXJCoqcH5Q2r4I=
18,9,8nSmlQxOjawE21/+yR0HPQEUQ2k=,YoiCU8DQaNfHM+aBRFd6exJpgig=
16,9,8nSmlQxOjawE21/+yR0HPQEUQ2k=,7lb/3bXaR3kdxmxlpGGik96J4sU=
16,10,8nSmlQxOjawE21/+yR0HPQEUQ2k=,XSFf/PyhXRK29MXJCoqcH5Q2r4I=
18,1,8nSmlQxOjawE21/+yR0HPQEUQ2k=,s30OZEAc0Io/esaG1lM4vpMc4Ac=
17,1,8nSmlQxOjawE21/+yR0HPQEUQ2k=,D2QAGsyNBOeM6NJwUIXbUE6LOC0=
17,4,8nSmlQxOjawE21/+yR0HPQEUQ2k=,qHfklG6GFfLAWh7GXmG7KYS2mCQ=
16,4,8nSmlQxOjawE21/+yR0HPQEUQ2k=,qHfklG6GFfLAWh7GXmG7KYS2mCQ=
16,2,8nSmlQxOjawE21/+yR0HPQEUQ2k=,oK1BB1lWY7TRVsYSw3Z0N8l1D3s=
18,2,8nSmlQxOjawE21/+yR0HPQEUQ2k=,P0o64Dpa9mBDgismntznqQPbMso=
18,3,8nSmlQxOjawE21/+yR0HPQEUQ2k=,P0o64Dpa9mBDgismntznqQPbMso=
16,1,8nSmlQxOjawE21/+yR0HPQEUQ2k=,D2QAGsyNBOeM6NJwUIXbUE6LOC0=
16,3,8nSmlQxOjawE21/+yR0HPQEUQ2k=,oK1BB1lWY7TRVsYSw3Z0N8l1D3s=
17,3,8nSmlQxOjawE21/+yR0HPQEUQ2k=,oK1BB1lWY7TRVsYSw3Z0N8l1D3s=
18,4,8nSmlQxOjawE21/+yR0HPQEUQ2k=,iZvgNuQZ1JkRIoiXG2Zh4eVAzUM=
17,2,8nSmlQxOjawE21/+yR0HPQEUQ2k=,oK1BB1lWY7TRVsYSw3Z0N8l1D3s=
