33,9,y2z1HYXh0UNTGa6X9hZ+VomqY70=,MKXbJWVshGxb7aOOfRmdMsZxFOE=
34,9,y2z1HYXh0UNTGa6X9hZ+VomqY70=,MKXbJWVshGxb7aOOfRmdMsZxFOE=
35,9,y2z1HYXh0UNTGa6X9hZ+VomqY70=,MKXbJWVshGxb7aOOfRmdMsZxFOE=
36,9,y2z1HYXh0UNTGa6X9hZ+VomqY70=,MKXbJWVshGxb7aOOfRmdMsZxFOE=
37,9,y2z1HYXh0UNTGa6X9hZ+VomqY70=,MKXbJWVshGxb7aOOfRmdMsZxFOE=
38,9,y2z1HYXh0UNTGa6X9hZ+VomqY70=,MKXbJWVshGxb7aOOfRmdMsZxFOE=
33,10,y2z1HYXh0UNTGa6X9hZ+VomqY70=,MKXbJWVshGxb7aOOfRmdMsZxFOE=
34,10,y2z1HYXh0UNTGa6X9hZ+VomqY70=,MKXbJWVshGxb7aOOfRmdMsZxFOE=
35,10,y2z1HYXh0UNTGa6X9hZ+VomqY70=,MKXbJWVshGxb7aOOfRmdMsZxFOE=
36,10,y2z1HYXh0UNTGa6X9hZ+VomqY70=,MKXbJWVshGxb7aOOfRmdMsZxFOE=
37,10,y2z1HYXh0UNTGa6X9hZ+VomqY70=,MKXbJWVshGxb7aOOfRmdMsZxFOE=
38,10,y2z1HYXh0UNTGa6X9hZ+VomqY70=,MKXbJWVshGxb7aOOfRmdMsZxFOE=
38,14,y2z1HYXh0UNTGa6X9hZ+VomqY70=,MKXbJWVshGxb7aOOfRmdMsZxFOE=
37,14,y2z1HYXh0UNTGa6X9hZ+VomqY70=,MKXbJWVshGxb7aOOfRmdMsZxFOE=
36,14,y2z1HYXh0UNTGa6X9hZ+VomqY70=,MKXbJWVshGxb7aOOfRmdMsZxFOE=
35,14,y2z1HYXh0UNTGa6X9hZ+VomqY70=,MKXbJWVshGxb7aOOfRmdMsZxFOE=
34,14,y2z1HYXh0UNTGa6X9hZ+VomqY70=,MKXbJWVshGxb7aOOfRmdMsZxFOE=
33,11,y2z1HYXh0UNTGa6X9hZ+VomqY70=,MKXbJWVshGxb7aOOfRmdMsZxFOE=
34,11,y2z1HYXh0UNTGa6X9hZ+VomqY70=,MKXbJWVshGxb7aOOfRmdMsZxFOE=
35,11,y2z1HYXh0UNTGa6X9hZ+VomqY70=,MKXbJWVshGxb7aOOfRmdMsZxFOE=
36,11,y2z1HYXh0UNTGa6X9hZ+VomqY70=,MKXbJWVshGxb7aOOfRmdMsZxFOE=
37,11,y2z1HYXh0UNTGa6X9hZ+VomqY70=,MKXbJWVshGxb7aOOfRmdMsZxFOE=
38,11,y2z1HYXh0UNTGa6X9hZ+VomqY70=,MKXbJWVshGxb7aOOfRmdMsZxFOE=
33,12,y2z1HYXh0UNTGa6X9hZ+VomqY70=,MKXbJWVshGxb7aOOfRmdMsZxFOE=
34,12,y2z1HYXh0UNTGa6X9hZ+VomqY70=,MKXbJWVshGxb7aOOfRmdMsZxFOE=
35,12,y2z1HYXh0UNTGa6X9hZ+VomqY70=,MKXbJWVshGxb7aOOfRmdMsZxFOE=
36,12,y2z1HYXh0UNTGa6X9hZ+VomqY70=,MKXbJWVshGxb7aOOfRmdMsZxFOE=
37,12,y2z1HYXh0UNTGa6X9hZ+VomqY70=,MKXbJWVshGxb7aOOfRmdMsZxFOE=
38,12,y2z1HYXh0UNTGa6X9hZ+VomqY70=,MKXbJWVshGxb7aOOfRmdMsZxFOE=
33,13,y2z1HYXh0UNTGa6X9hZ+VomqY70=,MKXbJWVshGxb7aOOfRmdMsZxFOE=
34,13,y2z1HYXh0UNTGa6X9hZ+VomqY70=,MKXbJWVshGxb7aOOfRmdMsZxFOE=
35,13,y2z1HYXh0UNTGa6X9hZ+VomqY70=,MKXbJWVshGxb7aOOfRmdMsZxFOE=
33,14,y2z1HYXh0UNTGa6X9hZ+VomqY70=,MKXbJWVshGxb7aOOfRmdMsZxFOE=
36,13,y2z1HYXh0UNTGa6X9hZ+VomqY70=,MKXbJWVshGxb7aOOfRmdMsZxFOE=
37,13,y2z1HYXh0UNTGa6X9hZ+VomqY70=,MKXbJWVshGxb7aOOfRmdMsZxFOE=
38,13,y2z1HYXh0UNTGa6X9hZ+VomqY70=,MKXbJWVshGxb7aOOfRmdMsZxFOE=
44,3,y2z1HYXh0UNTGa6X9hZ+VomqY70=,8RCIvgPQ7wewp//w/Ao2ufwGCp4=
45,3,y2z1HYXh0UNTGa6X9hZ+VomqY70=,8RCIvgPQ7wewp//w/Ao2ufwGCp4=
46,3,y2z1HYXh0UNTGa6X9hZ+VomqY70=,8RCIvgPQ7wewp//w/Ao2ufwGCp4=
47,3,y2z1HYXh0UNTGa6X9hZ+VomqY70=,8RCIvgPQ7wewp//w/Ao2ufwGCp4=
42,3,y2z1HYXh0UNTGa6X9hZ+VomqY70=,8RCIvgPQ7wewp//w/Ao2ufwGCp4=
43,3,y2z1HYXh0UNTGa6X9hZ+VomqY70=,8RCIvgPQ7wewp//w/Ao2ufwGCp4=
41,3,y2z1HYXh0UNTGa6X9hZ+VomqY70=,8RCIvgPQ7wewp//w/Ao2ufwGCp4=
47,6,y2z1HYXh0UNTGa6X9hZ+VomqY70=,8RCIvgPQ7wewp//w/Ao2ufwGCp4=
46,6,y2z1HYXh0UNTGa6X9hZ+VomqY70=,8RCIvgPQ7wewp//w/Ao2ufwGCp4=
45,6,y2z1HYXh0UNTGa6X9hZ+VomqY70=,8RCIvgPQ7wewp//w/Ao2ufwGCp4=
44,6,y2z1HYXh0UNTGa6X9hZ+VomqY70=,8RCIvgPQ7wewp//w/Ao2ufwGCp4=
43,6,y2z1HYXh0UNTGa6X9hZ+VomqY70=,8RCIvgPQ7wewp//w/Ao2ufwGCp4=
47,2,y2z1HYXh0UNTGa6X9hZ+VomqY70=,8RCIvgPQ7wewp//w/Ao2ufwGCp4=
46,2,y2z1HYXh0UNTGa6X9hZ+VomqY70=,8RCIvgPQ7wewp//w/Ao2ufwGCp4=
42,6,y2z1HYXh0UNTGa6X9hZ+VomqY70=,8RCIvgPQ7wewp//w/Ao2ufwGCp4=
45,2,y2z1HYXh0UNTGa6X9hZ+VomqY70=,8RCIvgPQ7wewp//w/Ao2ufwGCp4=
41,6,y2z1HYXh0UNTGa6X9hZ+VomqY70=,8RCIvgPQ7wewp//w/Ao2ufwGCp4=
43,2,y2z1HYXh0UNTGa6X9hZ+VomqY70=,8RCIvgPQ7wewp//w/Ao2ufwGCp4=
44,2,y2z1HYXh0UNTGa6X9hZ+VomqY70=,8RCIvgPQ7wewp//w/Ao2ufwGCp4=
42,2,y2z1HYXh0UNTGa6X9hZ+VomqY70=,8RCIvgPQ7wewp//w/Ao2ufwGCp4=
47,1,y2z1HYXh0UNTGa6X9hZ+VomqY70=,8RCIvgPQ7wewp//w/Ao2ufwGCp4=
46,1,y2z1HYXh0UNTGa6X9hZ+VomqY70=,8RCIvgPQ7wewp//w/Ao2ufwGCp4=
41,2,y2z1HYXh0UNTGa6X9hZ+VomqY70=,8RCIvgPQ7wewp//w/Ao2ufwGCp4=
45,1,y2z1HYXh0UNTGa6X9hZ+VomqY70=,8RCIvgPQ7wewp//w/Ao2ufwGCp4=
44,1,y2z1HYXh0UNTGa6X9hZ+VomqY70=,8RCIvgPQ7wewp//w/Ao2ufwGCp4=
43,1,y2z1HYXh0UNTGa6X9hZ+VomqY70=,8RCIvgPQ7wewp//w/Ao2ufwGCp4=
47,5,y2z1HYXh0UNTGa6X9hZ+VomqY70=,8RCIvgPQ7wewp//w/Ao2ufwGCp4=
46,5,y2z1HYXh0UNTGa6X9hZ+VomqY70=,8RCIvgPQ7wewp//w/Ao2ufwGCp4=
45,5,y2z1HYXh0UNTGa6X9hZ+VomqY70=,8RCIvgPQ7wewp//w/Ao2ufwGCp4=
44,5,y2z1HYXh0UNTGa6X9hZ+VomqY70=,8RCIvgPQ7wewp//w/Ao2ufwGCp4=
41,1,y2z1HYXh0UNTGa6X9hZ+VomqY70=,8RCIvgPQ7wewp//w/Ao2ufwGCp4=
43,5,y2z1HYXh0UNTGa6X9hZ+VomqY70=,8RCIvgPQ7wewp//w/Ao2ufwGCp4=
42,5,y2z1HYXh0UNTGa6X9hZ+VomqY70=,8RCIvgPQ7wewp//w/Ao2ufwGCp4=
41,5,y2z1HYXh0UNTGa6X9hZ+VomqY70=,8RCIvgPQ7wewp//w/Ao2ufwGCp4=
46,4,y2z1HYXh0UNTGa6X9hZ+VomqY70=,8RCIvgPQ7wewp//w/Ao2ufwGCp4=
45,4,y2z1HYXh0UNTGa6X9hZ+VomqY70=,8RCIvgPQ7wewp//w/Ao2ufwGCp4=
44,4,y2z1HYXh0UNTGa6X9hZ+VomqY70=,8RCIvgPQ7wewp//w/Ao2ufwGCp4=
43,4,y2z1HYXh0UNTGa6X9hZ+VomqY70=,8RCIvgPQ7wewp//w/Ao2ufwGCp4=
42,4,y2z1HYXh0UNTGa6X9hZ+VomqY70=,8RCIvgPQ7wewp//w/Ao2ufwGCp4=
41,4,y2z1HYXh0UNTGa6X9hZ+VomqY70=,8RCIvgPQ7wewp//w/Ao2ufwGCp4=
42,1,y2z1HYXh0UNTGa6X9hZ+VomqY70=,8RCIvgPQ7wewp//w/Ao2ufwGCp4=
47,4,y2z1HYXh0UNTGa6X9hZ+VomqY70=,8RCIvgPQ7wewp//w/Ao2ufwGCp4=
41,0,y2z1HYXh0UNTGa6X9hZ+VomqY70=,8RCIvgPQ7wewp//w/Ao2ufwGCp4=
42,0,y2z1HYXh0UNTGa6X9hZ+VomqY70=,8RCIvgPQ7wewp//w/Ao2ufwGCp4=
43,0,y2z1HYXh0UNTGa6X9hZ+VomqY70=,8RCIvgPQ7wewp//w/Ao2ufwGCp4=
44,0,y2z1HYXh0UNTGa6X9hZ+VomqY70=,8RCIvgPQ7wewp//w/Ao2ufwGCp4=
45,0,y2z1HYXh0UNTGa6X9hZ+VomqY70=,8RCIvgPQ7wewp//w/Ao2ufwGCp4=
46,0,y2z1HYXh0UNTGa6X9hZ+VomqY70=,8RCIvgPQ7wewp//w/Ao2ufwGCp4=
36,15,y2z1HYXh0UNTGa6X9hZ+VomqY70=,MKXbJWVshGxb7aOOfRmdMsZxFOE=
37,15,y2z1HYXh0UNTGa6X9hZ+VomqY70=,MKXbJWVshGxb7aOOfRmdMsZxFOE=
38,15,y2z1HYXh0UNTGa6X9hZ+VomqY70=,MKXbJWVshGxb7aOOfRmdMsZxFOE=
33,15,y2z1HYXh0UNTGa6X9hZ+VomqY70=,MKXbJWVshGxb7aOOfRmdMsZxFOE=
34,15,y2z1HYXh0UNTGa6X9hZ+VomqY70=,MKXbJWVshGxb7aOOfRmdMsZxFOE=
35,15,y2z1HYXh0UNTGa6X9hZ+VomqY70=,MKXbJWVshGxb7aOOfRmdMsZxFOE=
47,0,y2z1HYXh0UNTGa6X9hZ+VomqY70=,8RCIvgPQ7wewp//w/Ao2ufwGCp4=
32,9,y2z1HYXh0UNTGa6X9hZ+VomqY70=,MKXbJWVshGxb7aOOfRmdMsZxFOE=
32,10,y2z1HYXh0UNTGa6X9hZ+VomqY70=,MKXbJWVshGxb7aOOfRmdMsZxFOE=
32,11,y2z1HYXh0UNTGa6X9hZ+VomqY70=,MKXbJWVshGxb7aOOfRmdMsZxFOE=
32,12,y2z1HYXh0UNTGa6X9hZ+VomqY70=,MKXbJWVshGxb7aOOfRmdMsZxFOE=
32,13,y2z1HYXh0UNTGa6X9hZ+VomqY70=,MKXbJWVshGxb7aOOfRmdMsZxFOE=
32,14,y2z1HYXh0UNTGa6X9hZ+VomqY70=,MKXbJWVshGxb7aOOfRmdMsZxFOE=
32,15,y2z1HYXh0UNTGa6X9hZ+VomqY70=,MKXbJWVshGxb7aOOfRmdMsZxFOE=
44,13,y2z1HYXh0UNTGa6X9hZ+VomqY70=,9XIpvfgnbJcT6G2DgYNfC7gkwwE=
45,13,y2z1HYXh0UNTGa6X9hZ+VomqY70=,9XIpvfgnbJcT6G2DgYNfC7gkwwE=
47,7,y2z1HYXh0UNTGa6X9hZ+VomqY70=,8RCIvgPQ7wewp//w/Ao2ufwGCp4=
46,7,y2z1HYXh0UNTGa6X9hZ+VomqY70=,8RCIvgPQ7wewp//w/Ao2ufwGCp4=
43,13,y2z1HYXh0UNTGa6X9hZ+VomqY70=,9XIpvfgnbJcT6G2DgYNfC7gkwwE=
42,13,y2z1HYXh0UNTGa6X9hZ+VomqY70=,9XIpvfgnbJcT6G2DgYNfC7gkwwE=
41,13,y2z1HYXh0UNTGa6X9hZ+VomqY70=,9XIpvfgnbJcT6G2DgYNfC7gkwwE=
46,13,y2z1HYXh0UNTGa6X9hZ+VomqY70=,9XIpvfgnbJcT6G2DgYNfC7gkwwE=
45,7,y2z1HYXh0UNTGa6X9hZ+VomqY70=,8RCIvgPQ7wewp//w/Ao2ufwGCp4=
40,13,y2z1HYXh0UNTGa6X9hZ+VomqY70=,9XIpvfgnbJcT6G2DgYNfC7gkwwE=
47,13,BAeIqtNwAdD52mV0zBTTXtuZbVI=,9XIpvfgnbJcT6G2DgYNfC7gkwwE=
47,12,BAeIqtNwAdD52mV0zBTTXtuZbVI=,9XIpvfgnbJcT6G2DgYNfC7gkwwE=
40,14,BAeIqtNwAdD52mV0zBTTXtuZbVI=,9XIpvfgnbJcT6G2DgYNfC7gkwwE=
46,12,BAeIqtNwAdD52mV0zBTTXtuZbVI=,9XIpvfgnbJcT6G2DgYNfC7gkwwE=
41,14,BAeIqtNwAdD52mV0zBTTXtuZbVI=,9XIpvfgnbJcT6G2DgYNfC7gkwwE=
45,12,BAeIqtNwAdD52mV0zBTTXtuZbVI=,9XIpvfgnbJcT6G2DgYNfC7gkwwE=
43,12,BAeIqtNwAdD52mV0zBTTXtuZbVI=,9XIpvfgnbJcT6G2DgYNfC7gkwwE=
44,12,BAeIqtNwAdD52mV0zBTTXtuZbVI=,9XIpvfgnbJcT6G2DgYNfC7gkwwE=
44,7,BAeIqtNwAdD52mV0zBTTXtuZbVI=,8RCIvgPQ7wewp//w/Ao2ufwGCp4=
42,14,BAeIqtNwAdD52mV0zBTTXtuZbVI=,9XIpvfgnbJcT6G2DgYNfC7gkwwE=
39,14,BAeIqtNwAdD52mV0zBTTXtuZbVI=,MKXbJWVshGxb7aOOfRmdMsZxFOE=
42,7,BAeIqtNwAdD52mV0zBTTXtuZbVI=,8RCIvgPQ7wewp//w/Ao2ufwGCp4=
43,14,BAeIqtNwAdD52mV0zBTTXtuZbVI=,9XIpvfgnbJcT6G2DgYNfC7gkwwE=
43,7,BAeIqtNwAdD52mV0zBTTXtuZbVI=,8RCIvgPQ7wewp//w/Ao2ufwGCp4=
41,12,BAeIqtNwAdD52mV0zBTTXtuZbVI=,9XIpvfgnbJcT6G2DgYNfC7gkwwE=
44,14,BAeIqtNwAdD52mV0zBTTXtuZbVI=,9XIpvfgnbJcT6G2DgYNfC7gkwwE=
40,12,BAeIqtNwAdD52mV0zBTTXtuZbVI=,9XIpvfgnbJcT6G2DgYNfC7gkwwE=
47,11,BAeIqtNwAdD52mV0zBTTXtuZbVI=,9XIpvfgnbJcT6G2DgYNfC7gkwwE=
39,15,BAeIqtNwAdD52mV0zBTTXtuZbVI=,MKXbJWVshGxb7aOOfRmdMsZxFOE=
46,11,BAeIqtNwAdD52mV0zBTTXtuZbVI=,9XIpvfgnbJcT6G2DgYNfC7gkwwE=
41,8,BAeIqtNwAdD52mV0zBTTXtuZbVI=,9XIpvfgnbJcT6G2DgYNfC7gkwwE=
45,11,BAeIqtNwAdD52mV0zBTTXtuZbVI=,9XIpvfgnbJcT6G2DgYNfC7gkwwE=
44,11,BAeIqtNwAdD52mV0zBTTXtuZbVI=,9XIpvfgnbJcT6G2DgYNfC7gkwwE=
39,13,BAeIqtNwAdD52mV0zBTTXtuZbVI=,MKXbJWVshGxb7aOOfRmdMsZxFOE=
43,11,BAeIqtNwAdD52mV0zBTTXtuZbVI=,9XIpvfgnbJcT6G2DgYNfC7gkwwE=
42,11,BAeIqtNwAdD52mV0zBTTXtuZbVI=,9XIpvfgnbJcT6G2DgYNfC7gkwwE=
45,14,BAeIqtNwAdD52mV0zBTTXtuZbVI=,9XIpvfgnbJcT6G2DgYNfC7gkwwE=
41,11,BAeIqtNwAdD52mV0zBTTXtuZbVI=,9XIpvfgnbJcT6G2DgYNfC7gkwwE=
47,10,BAeIqtNwAdD52mV0zBTTXtuZbVI=,9XIpvfgnbJcT6G2DgYNfC7gkwwE=
40,11,BAeIqtNwAdD52mV0zBTTXtuZbVI=,9XIpvfgnbJcT6G2DgYNfC7gkwwE=
46,10,BAeIqtNwAdD52mV0zBTTXtuZbVI=,9XIpvfgnbJcT6G2DgYNfC7gkwwE=
44,10,BAeIqtNwAdD52mV0zBTTXtuZbVI=,9XIpvfgnbJcT6G2DgYNfC7gkwwE=
46,14,BAeIqtNwAdD52mV0zBTTXtuZbVI=,9XIpvfgnbJcT6G2DgYNfC7gkwwE=
43,10,BAeIqtNwAdD52mV0zBTTXtuZbVI=,9XIpvfgnbJcT6G2DgYNfC7gkwwE=
42,10,BAeIqtNwAdD52mV0zBTTXtuZbVI=,9XIpvfgnbJcT6G2DgYNfC7gkwwE=
47,9,BAeIqtNwAdD52mV0zBTTXtuZbVI=,9XIpvfgnbJcT6G2DgYNfC7gkwwE=
39,9,BAeIqtNwAdD52mV0zBTTXtuZbVI=,MKXbJWVshGxb7aOOfRmdMsZxFOE=
45,10,BAeIqtNwAdD52mV0zBTTXtuZbVI=,9XIpvfgnbJcT6G2DgYNfC7gkwwE=
41,10,BAeIqtNwAdD52mV0zBTTXtuZbVI=,9XIpvfgnbJcT6G2DgYNfC7gkwwE=
46,9,BAeIqtNwAdD52mV0zBTTXtuZbVI=,9XIpvfgnbJcT6G2DgYNfC7gkwwE=
45,9,BAeIqtNwAdD52mV0zBTTXtuZbVI=,9XIpvfgnbJcT6G2DgYNfC7gkwwE=
40,10,BAeIqtNwAdD52mV0zBTTXtuZbVI=,9XIpvfgnbJcT6G2DgYNfC7gkwwE=
44,9,BAeIqtNwAdD52mV0zBTTXtuZbVI=,9XIpvfgnbJcT6G2DgYNfC7gkwwE=
42,8,BAeIqtNwAdD52mV0zBTTXtuZbVI=,9XIpvfgnbJcT6G2DgYNfC7gkwwE=
39,12,BAeIqtNwAdD52mV0zBTTXtuZbVI=,MKXbJWVshGxb7aOOfRmdMsZxFOE=
43,9,BAeIqtNwAdD52mV0zBTTXtuZbVI=,9XIpvfgnbJcT6G2DgYNfC7gkwwE=
42,9,BAeIqtNwAdD52mV0zBTTXtuZbVI=,9XIpvfgnbJcT6G2DgYNfC7gkwwE=
47,14,BAeIqtNwAdD52mV0zBTTXtuZbVI=,9XIpvfgnbJcT6G2DgYNfC7gkwwE=
40,15,BAeIqtNwAdD52mV0zBTTXtuZbVI=,9XIpvfgnbJcT6G2DgYNfC7gkwwE=
41,15,BAeIqtNwAdD52mV0zBTTXtuZbVI=,9XIpvfgnbJcT6G2DgYNfC7gkwwE=
40,9,BAeIqtNwAdD52mV0zBTTXtuZbVI=,9XIpvfgnbJcT6G2DgYNfC7gkwwE=
41,9,BAeIqtNwAdD52mV0zBTTXtuZbVI=,9XIpvfgnbJcT6G2DgYNfC7gkwwE=
42,15,BAeIqtNwAdD52mV0zBTTXtuZbVI=,9XIpvfgnbJcT6G2DgYNfC7gkwwE=
39,11,BAeIqtNwAdD52mV0zBTTXtuZbVI=,MKXbJWVshGxb7aOOfRmdMsZxFOE=
43,8,BAeIqtNwAdD52mV0zBTTXtuZbVI=,9XIpvfgnbJcT6G2DgYNfC7gkwwE=
47,8,BAeIqtNwAdD52mV0zBTTXtuZbVI=,9XIpvfgnbJcT6G2DgYNfC7gkwwE=
46,8,BAeIqtNwAdD52mV0zBTTXtuZbVI=,9XIpvfgnbJcT6G2DgYNfC7gkwwE=
43,15,BAeIqtNwAdD52mV0zBTTXtuZbVI=,9XIpvfgnbJcT6G2DgYNfC7gkwwE=
44,8,BAeIqtNwAdD52mV0zBTTXtuZbVI=,9XIpvfgnbJcT6G2DgYNfC7gkwwE=
45,8,BAeIqtNwAdD52mV0zBTTXtuZbVI=,9XIpvfgnbJcT6G2DgYNfC7gkwwE=
44,15,BAeIqtNwAdD52mV0zBTTXtuZbVI=,9XIpvfgnbJcT6G2DgYNfC7gkwwE=
39,10,BAeIqtNwAdD52mV0zBTTXtuZbVI=,MKXbJWVshGxb7aOOfRmdMsZxFOE=
45,15,BAeIqtNwAdD52mV0zBTTXtuZbVI=,9XIpvfgnbJcT6G2DgYNfC7gkwwE=
46,15,BAeIqtNwAdD52mV0zBTTXtuZbVI=,9XIpvfgnbJcT6G2DgYNfC7gkwwE=
47,15,BAeIqtNwAdD52mV0zBTTXtuZbVI=,9XIpvfgnbJcT6G2DgYNfC7gkwwE=
42,12,BAeIqtNwAdD52mV0zBTTXtuZbVI=,9XIpvfgnbJcT6G2DgYNfC7gkwwE=
41,7,BAeIqtNwAdD52mV0zBTTXtuZbVI=,8RCIvgPQ7wewp//w/Ao2ufwGCp4=
36,3,BAeIqtNwAdD52mV0zBTTXtuZbVI=,0SHU4jgHeO+AamolFfWnOLvPaEo=
38,2,BAeIqtNwAdD52mV0zBTTXtuZbVI=,0SHU4jgHeO+AamolFfWnOLvPaEo=
39,7,BAeIqtNwAdD52mV0zBTTXtuZbVI=,0SHU4jgHeO+AamolFfWnOLvPaEo=
37,7,BAeIqtNwAdD52mV0zBTTXtuZbVI=,0SHU4jgHeO+AamolFfWnOLvPaEo=
35,3,BAeIqtNwAdD52mV0zBTTXtuZbVI=,0SHU4jgHeO+AamolFfWnOLvPaEo=
39,2,BAeIqtNwAdD52mV0zBTTXtuZbVI=,0SHU4jgHeO+AamolFfWnOLvPaEo=
34,3,BAeIqtNwAdD52mV0zBTTXtuZbVI=,0SHU4jgHeO+AamolFfWnOLvPaEo=
36,7,BAeIqtNwAdD52mV0zBTTXtuZbVI=,0SHU4jgHeO+AamolFfWnOLvPaEo=
40,3,BAeIqtNwAdD52mV0zBTTXtuZbVI=,8RCIvgPQ7wewp//w/Ao2ufwGCp4=
33,3,BAeIqtNwAdD52mV0zBTTXtuZbVI=,0SHU4jgHeO+AamolFfWnOLvPaEo=
35,0,BAeIqtNwAdD52mV0zBTTXtuZbVI=,0SHU4jgHeO+AamolFfWnOLvPaEo=
35,7,BAeIqtNwAdD52mV0zBTTXtuZbVI=,0SHU4jgHeO+AamolFfWnOLvPaEo=
32,3,BAeIqtNwAdD52mV0zBTTXtuZbVI=,0SHU4jgHeO+AamolFfWnOLvPaEo=
40,7,BAeIqtNwAdD52mV0zBTTXtuZbVI=,8RCIvgPQ7wewp//w/Ao2ufwGCp4=
36,2,BAeIqtNwAdD52mV0zBTTXtuZbVI=,0SHU4jgHeO+AamolFfWnOLvPaEo=
33,7,BAeIqtNwAdD52mV0zBTTXtuZbVI=,0SHU4jgHeO+AamolFfWnOLvPaEo=
32,2,BAeIqtNwAdD52mV0zBTTXtuZbVI=,0SHU4jgHeO+AamolFfWnOLvPaEo=
32,7,BAeIqtNwAdD52mV0zBTTXtuZbVI=,0SHU4jgHeO+AamolFfWnOLvPaEo=
39,6,BAeIqtNwAdD52mV0zBTTXtuZbVI=,0SHU4jgHeO+AamolFfWnOLvPaEo=
39,1,BAeIqtNwAdD52mV0zBTTXtuZbVI=,0SHU4jgHeO+AamolFfWnOLvPaEo=
37,6,BAeIqtNwAdD52mV0zBTTXtuZbVI=,0SHU4jgHeO+AamolFfWnOLvPaEo=
36,6,BAeIqtNwAdD52mV0zBTTXtuZbVI=,0SHU4jgHeO+AamolFfWnOLvPaEo=
34,6,BAeIqtNwAdD52mV0zBTTXtuZbVI=,0SHU4jgHeO+AamolFfWnOLvPaEo=
38,6,BAeIqtNwAdD52mV0zBTTXtuZbVI=,0SHU4jgHeO+AamolFfWnOLvPaEo=
33,0,BAeIqtNwAdD52mV0zBTTXtuZbVI=,0SHU4jgHeO+AamolFfWnOLvPaEo=
33,6,BAeIqtNwAdD52mV0zBTTXtuZbVI=,0SHU4jgHeO+AamolFfWnOLvPaEo=
34,1,BAeIqtNwAdD52mV0zBTTXtuZbVI=,0SHU4jgHeO+AamolFfWnOLvPaEo=
34,0,BAeIqtNwAdD52mV0zBTTXtuZbVI=,0SHU4jgHeO+AamolFfWnOLvPaEo=
38,5,BAeIqtNwAdD52mV0zBTTXtuZbVI=,0SHU4jgHeO+AamolFfWnOLvPaEo=
40,6,BAeIqtNwAdD52mV0zBTTXtuZbVI=,8RCIvgPQ7wewp//w/Ao2ufwGCp4=
39,5,BAeIqtNwAdD52mV0zBTTXtuZbVI=,0SHU4jgHeO+AamolFfWnOLvPaEo=
40,2,BAeIqtNwAdD52mV0zBTTXtuZbVI=,8RCIvgPQ7wewp//w/Ao2ufwGCp4=
37,5,BAeIqtNwAdD52mV0zBTTXtuZbVI=,0SHU4jgHeO+AamolFfWnOLvPaEo=
40,1,BAeIqtNwAdD52mV0zBTTXtuZbVI=,8RCIvgPQ7wewp//w/Ao2ufwGCp4=
36,5,BAeIqtNwAdD52mV0zBTTXtuZbVI=,0SHU4jgHeO+AamolFfWnOLvPaEo=
38,7,BAeIqtNwAdD52mV0zBTTXtuZbVI=,0SHU4jgHeO+AamolFfWnOLvPaEo=
34,5,BAeIqtNwAdD52mV0zBTTXtuZbVI=,0SHU4jgHeO+AamolFfWnOLvPaEo=
33,1,BAeIqtNwAdD52mV0zBTTXtuZbVI=,0SHU4jgHeO+AamolFfWnOLvPaEo=
38,1,BAeIqtNwAdD52mV0zBTTXtuZbVI=,0SHU4jgHeO+AamolFfWnOLvPaEo=
32,1,BAeIqtNwAdD52mV0zBTTXtuZbVI=,0SHU4jgHeO+AamolFfWnOLvPaEo=
35,2,BAeIqtNwAdD52mV0zBTTXtuZbVI=,0SHU4jgHeO+AamolFfWnOLvPaEo=
36,0,BAeIqtNwAdD52mV0zBTTXtuZbVI=,0SHU4jgHeO+AamolFfWnOLvPaEo=
33,5,BAeIqtNwAdD52mV0zBTTXtuZbVI=,0SHU4jgHeO+AamolFfWnOLvPaEo=
32,5,BAeIqtNwAdD52mV0zBTTXtuZbVI=,0SHU4jgHeO+AamolFfWnOLvPaEo=
37,3,BAeIqtNwAdD52mV0zBTTXtuZbVI=,0SHU4jgHeO+AamolFfWnOLvPaEo=
39,4,BAeIqtNwAdD52mV0zBTTXtuZbVI=,0SHU4jgHeO+AamolFfWnOLvPaEo=
40,4,BAeIqtNwAdD52mV0zBTTXtuZbVI=,8RCIvgPQ7wewp//w/Ao2ufwGCp4=
37,1,BAeIqtNwAdD52mV0zBTTXtuZbVI=,0SHU4jgHeO+AamolFfWnOLvPaEo=
38,4,BAeIqtNwAdD52mV0zBTTXtuZbVI=,0SHU4jgHeO+AamolFfWnOLvPaEo=
34,2,BAeIqtNwAdD52mV0zBTTXtuZbVI=,0SHU4jgHeO+AamolFfWnOLvPaEo=
40,5,BAeIqtNwAdD52mV0zBTTXtuZbVI=,8RCIvgPQ7wewp//w/Ao2ufwGCp4=
37,4,BAeIqtNwAdD52mV0zBTTXtuZbVI=,0SHU4jgHeO+AamolFfWnOLvPaEo=
40,8,BAeIqtNwAdD52mV0zBTTXtuZbVI=,9XIpvfgnbJcT6G2DgYNfC7gkwwE=
37,0,BAeIqtNwAdD52mV0zBTTXtuZbVI=,0SHU4jgHeO+AamolFfWnOLvPaEo=
39,0,BAeIqtNwAdD52mV0zBTTXtuZbVI=,0SHU4jgHeO+AamolFfWnOLvPaEo=
39,8,BAeIqtNwAdD52mV0zBTTXtuZbVI=,MKXbJWVshGxb7aOOfRmdMsZxFOE=
38,3,BAeIqtNwAdD52mV0zBTTXtuZbVI=,0SHU4jgHeO+AamolFfWnOLvPaEo=
38,8,BAeIqtNwAdD52mV0zBTTXtuZbVI=,MKXbJWVshGxb7aOOfRmdMsZxFOE=
39,3,BAeIqtNwAdD52mV0zBTTXtuZbVI=,0SHU4jgHeO+AamolFfWnOLvPaEo=
37,8,BAeIqtNwAdD52mV0zBTTXtuZbVI=,MKXbJWVshGxb7aOOfRmdMsZxFOE=
36,8,BAeIqtNwAdD52mV0zBTTXtuZbVI=,MKXbJWVshGxb7aOOfRmdMsZxFOE=
35,8,BAeIqtNwAdD52mV0zBTTXtuZbVI=,MKXbJWVshGxb7aOOfRmdMsZxFOE=
36,4,BAeIqtNwAdD52mV0zBTTXtuZbVI=,0SHU4jgHeO+AamolFfWnOLvPaEo=
32,4,BAeIqtNwAdD52mV0zBTTXtuZbVI=,0SHU4jgHeO+AamolFfWnOLvPaEo=
35,4,BAeIqtNwAdD52mV0zBTTXtuZbVI=,0SHU4jgHeO+AamolFfWnOLvPaEo=
38,0,BAeIqtNwAdD52mV0zBTTXtuZbVI=,0SHU4jgHeO+AamolFfWnOLvPaEo=
34,8,BAeIqtNwAdD52mV0zBTTXtuZbVI=,MKXbJWVshGxb7aOOfRmdMsZxFOE=
40,0,BAeIqtNwAdD52mV0zBTTXtuZbVI=,8RCIvgPQ7wewp//w/Ao2ufwGCp4=
36,1,BAeIqtNwAdD52mV0zBTTXtuZbVI=,0SHU4jgHeO+AamolFfWnOLvPaEo=
33,4,BAeIqtNwAdD52mV0zBTTXtuZbVI=,0SHU4jgHeO+AamolFfWnOLvPaEo=
32,0,BAeIqtNwAdD52mV0zBTTXtuZbVI=,0SHU4jgHeO+AamolFfWnOLvPaEo=
33,8,BAeIqtNwAdD52mV0zBTTXtuZbVI=,MKXbJWVshGxb7aOOfRmdMsZxFOE=
33,2,BAeIqtNwAdD52mV0zBTTXtuZbVI=,0SHU4jgHeO+AamolFfWnOLvPaEo=
35,1,BAeIqtNwAdD52mV0zBTTXtuZbVI=,0SHU4jgHeO+AamolFfWnOLvPaEo=
37,2,BAeIqtNwAdD52mV0zBTTXtuZbVI=,0SHU4jgHeO+AamolFfWnOLvPaEo=
34,7,BAeIqtNwAdD52mV0zBTTXtuZbVI=,0SHU4jgHeO+AamolFfWnOLvPaEo=
35,6,BAeIqtNwAdD52mV0zBTTXtuZbVI=,0SHU4jgHeO+AamolFfWnOLvPaEo=
32,6,BAeIqtNwAdD52mV0zBTTXtuZbVI=,0SHU4jgHeO+AamolFfWnOLvPaEo=
35,5,BAeIqtNwAdD52mV0zBTTXtuZbVI=,0SHU4jgHeO+AamolFfWnOLvPaEo=
32,8,BAeIqtNwAdD52mV0zBTTXtuZbVI=,MKXbJWVshGxb7aOOfRmdMsZxFOE=
34,4,BAeIqtNwAdD52mV0zBTTXtuZbVI=,0SHU4jgHeO+AamolFfWnOLvPaEo=
44,29,BAeIqtNwAdD52mV0zBTTXtuZbVI=,ePDAmGGXTgUmeCVBj3IllW9p8gg=
45,29,BAeIqtNwAdD52mV0zBTTXtuZbVI=,ePDAmGGXTgUmeCVBj3IllW9p8gg=
46,29,BAeIqtNwAdD52mV0zBTTXtuZbVI=,ePDAmGGXTgUmeCVBj3IllW9p8gg=
41,30,BAeIqtNwAdD52mV0zBTTXtuZbVI=,ePDAmGGXTgUmeCVBj3IllW9p8gg=
42,30,BAeIqtNwAdD52mV0zBTTXtuZbVI=,ePDAmGGXTgUmeCVBj3IllW9p8gg=
43,30,BAeIqtNwAdD52mV0zBTTXtuZbVI=,ePDAmGGXTgUmeCVBj3IllW9p8gg=
44,30,BAeIqtNwAdD52mV0zBTTXtuZbVI=,ePDAmGGXTgUmeCVBj3IllW9p8gg=
45,30,BAeIqtNwAdD52mV0zBTTXtuZbVI=,ePDAmGGXTgUmeCVBj3IllW9p8gg=
46,30,BAeIqtNwAdD52mV0zBTTXtuZbVI=,ePDAmGGXTgUmeCVBj3IllW9p8gg=
41,25,BAeIqtNwAdD52mV0zBTTXtuZbVI=,ePDAmGGXTgUmeCVBj3IllW9p8gg=
42,25,BAeIqtNwAdD52mV0zBTTXtuZbVI=,ePDAmGGXTgUmeCVBj3IllW9p8gg=
43,25,BAeIqtNwAdD52mV0zBTTXtuZbVI=,ePDAmGGXTgUmeCVBj3IllW9p8gg=
44,25,BAeIqtNwAdD52mV0zBTTXtuZbVI=,ePDAmGGXTgUmeCVBj3IllW9p8gg=
45,25,BAeIqtNwAdD52mV0zBTTXtuZbVI=,ePDAmGGXTgUmeCVBj3IllW9p8gg=
46,25,BAeIqtNwAdD52mV0zBTTXtuZbVI=,ePDAmGGXTgUmeCVBj3IllW9p8gg=
41,26,BAeIqtNwAdD52mV0zBTTXtuZbVI=,ePDAmGGXTgUmeCVBj3IllW9p8gg=
42,26,BAeIqtNwAdD52mV0zBTTXtuZbVI=,ePDAmGGXTgUmeCVBj3IllW9p8gg=
43,26,BAeIqtNwAdD52mV0zBTTXtuZbVI=,ePDAmGGXTgUmeCVBj3IllW9p8gg=
44,26,BAeIqtNwAdD52mV0zBTTXtuZbVI=,ePDAmGGXTgUmeCVBj3IllW9p8gg=
45,26,BAeIqtNwAdD52mV0zBTTXtuZbVI=,ePDAmGGXTgUmeCVBj3IllW9p8gg=
46,26,BAeIqtNwAdD52mV0zBTTXtuZbVI=,ePDAmGGXTgUmeCVBj3IllW9p8gg=
41,27,BAeIqtNwAdD52mV0zBTTXtuZbVI=,ePDAmGGXTgUmeCVBj3IllW9p8gg=
42,27,BAeIqtNwAdD52mV0zBTTXtuZbVI=,ePDAmGGXTgUmeCVBj3IllW9p8gg=
43,27,BAeIqtNwAdD52mV0zBTTXtuZbVI=,ePDAmGGXTgUmeCVBj3IllW9p8gg=
44,27,BAeIqtNwAdD52mV0zBTTXtuZbVI=,ePDAmGGXTgUmeCVBj3IllW9p8gg=
45,27,BAeIqtNwAdD52mV0zBTTXtuZbVI=,ePDAmGGXTgUmeCVBj3IllW9p8gg=
46,27,BAeIqtNwAdD52mV0zBTTXtuZbVI=,ePDAmGGXTgUmeCVBj3IllW9p8gg=
41,28,BAeIqtNwAdD52mV0zBTTXtuZbVI=,ePDAmGGXTgUmeCVBj3IllW9p8gg=
40,30,BAeIqtNwAdD52mV0zBTTXtuZbVI=,ePDAmGGXTgUmeCVBj3IllW9p8gg=
33,25,BAeIqtNwAdD52mV0zBTTXtuZbVI=,ioCeGkm7S0g8HIjvnVhMe6zjoas=
34,25,BAeIqtNwAdD52mV0zBTTXtuZbVI=,ioCeGkm7S0g8HIjvnVhMe6zjoas=
40,25,BAeIqtNwAdD52mV0zBTTXtuZbVI=,ePDAmGGXTgUmeCVBj3IllW9p8gg=
35,25,BAeIqtNwAdD52mV0zBTTXtuZbVI=,ioCeGkm7S0g8HIjvnVhMe6zjoas=
36,25,BAeIqtNwAdD52mV0zBTTXtuZbVI=,ioCeGkm7S0g8HIjvnVhMe6zjoas=
37,25,BAeIqtNwAdD52mV0zBTTXtuZbVI=,ioCeGkm7S0g8HIjvnVhMe6zjoas=
38,25,BAeIqtNwAdD52mV0zBTTXtuZbVI=,ioCeGkm7S0g8HIjvnVhMe6zjoas=
39,25,BAeIqtNwAdD52mV0zBTTXtuZbVI=,ioCeGkm7S0g8HIjvnVhMe6zjoas=
40,26,BAeIqtNwAdD52mV0zBTTXtuZbVI=,ePDAmGGXTgUmeCVBj3IllW9p8gg=
33,26,BAeIqtNwAdD52mV0zBTTXtuZbVI=,ioCeGkm7S0g8HIjvnVhMe6zjoas=
40,27,BAeIqtNwAdD52mV0zBTTXtuZbVI=,ePDAmGGXTgUmeCVBj3IllW9p8gg=
34,26,BAeIqtNwAdD52mV0zBTTXtuZbVI=,ioCeGkm7S0g8HIjvnVhMe6zjoas=
35,26,BAeIqtNwAdD52mV0zBTTXtuZbVI=,ioCeGkm7S0g8HIjvnVhMe6zjoas=
36,26,BAeIqtNwAdD52mV0zBTTXtuZbVI=,ioCeGkm7S0g8HIjvnVhMe6zjoas=
37,26,BAeIqtNwAdD52mV0zBTTXtuZbVI=,ioCeGkm7S0g8HIjvnVhMe6zjoas=
38,26,BAeIqtNwAdD52mV0zBTTXtuZbVI=,ioCeGkm7S0g8HIjvnVhMe6zjoas=
39,26,BAeIqtNwAdD52mV0zBTTXtuZbVI=,ioCeGkm7S0g8HIjvnVhMe6zjoas=
33,27,BAeIqtNwAdD52mV0zBTTXtuZbVI=,ioCeGkm7S0g8HIjvnVhMe6zjoas=
34,27,BAeIqtNwAdD52mV0zBTTXtuZbVI=,ioCeGkm7S0g8HIjvnVhMe6zjoas=
35,27,BAeIqtNwAdD52mV0zBTTXtuZbVI=,ioCeGkm7S0g8HIjvnVhMe6zjoas=
36,27,BAeIqtNwAdD52mV0zBTTXtuZbVI=,ioCeGkm7S0g8HIjvnVhMe6zjoas=
43,29,BAeIqtNwAdD52mV0zBTTXtuZbVI=,ePDAmGGXTgUmeCVBj3IllW9p8gg=
37,27,BAeIqtNwAdD52mV0zBTTXtuZbVI=,ioCeGkm7S0g8HIjvnVhMe6zjoas=
38,27,BAeIqtNwAdD52mV0zBTTXtuZbVI=,ioCeGkm7S0g8HIjvnVhMe6zjoas=
39,27,BAeIqtNwAdD52mV0zBTTXtuZbVI=,ioCeGkm7S0g8HIjvnVhMe6zjoas=
33,28,BAeIqtNwAdD52mV0zBTTXtuZbVI=,ioCeGkm7S0g8HIjvnVhMe6zjoas=
34,28,BAeIqtNwAdD52mV0zBTTXtuZbVI=,ioCeGkm7S0g8HIjvnVhMe6zjoas=
35,28,BAeIqtNwAdD52mV0zBTTXtuZbVI=,ioCeGkm7S0g8HIjvnVhMe6zjoas=
36,28,BAeIqtNwAdD52mV0zBTTXtuZbVI=,ioCeGkm7S0g8HIjvnVhMe6zjoas=
37,28,BAeIqtNwAdD52mV0zBTTXtuZbVI=,ioCeGkm7S0g8HIjvnVhMe6zjoas=
38,28,BAeIqtNwAdD52mV0zBTTXtuZbVI=,ioCeGkm7S0g8HIjvnVhMe6zjoas=
40,28,BAeIqtNwAdD52mV0zBTTXtuZbVI=,ePDAmGGXTgUmeCVBj3IllW9p8gg=
42,29,BAeIqtNwAdD52mV0zBTTXtuZbVI=,ePDAmGGXTgUmeCVBj3IllW9p8gg=
39,28,BAeIqtNwAdD52mV0zBTTXtuZbVI=,ioCeGkm7S0g8HIjvnVhMe6zjoas=
39,30,BAeIqtNwAdD52mV0zBTTXtuZbVI=,ioCeGkm7S0g8HIjvnVhMe6zjoas=
33,29,BAeIqtNwAdD52mV0zBTTXtuZbVI=,ioCeGkm7S0g8HIjvnVhMe6zjoas=
34,29,BAeIqtNwAdD52mV0zBTTXtuZbVI=,ioCeGkm7S0g8HIjvnVhMe6zjoas=
35,29,BAeIqtNwAdD52mV0zBTTXtuZbVI=,ioCeGkm7S0g8HIjvnVhMe6zjoas=
36,29,BAeIqtNwAdD52mV0zBTTXtuZbVI=,ioCeGkm7S0g8HIjvnVhMe6zjoas=
37,29,BAeIqtNwAdD52mV0zBTTXtuZbVI=,ioCeGkm7S0g8HIjvnVhMe6zjoas=
38,29,BAeIqtNwAdD52mV0zBTTXtuZbVI=,ioCeGkm7S0g8HIjvnVhMe6zjoas=
39,29,BAeIqtNwAdD52mV0zBTTXtuZbVI=,ioCeGkm7S0g8HIjvnVhMe6zjoas=
40,29,BAeIqtNwAdD52mV0zBTTXtuZbVI=,ePDAmGGXTgUmeCVBj3IllW9p8gg=
33,30,BAeIqtNwAdD52mV0zBTTXtuZbVI=,ioCeGkm7S0g8HIjvnVhMe6zjoas=
34,30,BAeIqtNwAdD52mV0zBTTXtuZbVI=,ioCeGkm7S0g8HIjvnVhMe6zjoas=
35,30,BAeIqtNwAdD52mV0zBTTXtuZbVI=,ioCeGkm7S0g8HIjvnVhMe6zjoas=
36,30,BAeIqtNwAdD52mV0zBTTXtuZbVI=,ioCeGkm7S0g8HIjvnVhMe6zjoas=
37,30,BAeIqtNwAdD52mV0zBTTXtuZbVI=,ioCeGkm7S0g8HIjvnVhMe6zjoas=
41,29,BAeIqtNwAdD52mV0zBTTXtuZbVI=,ePDAmGGXTgUmeCVBj3IllW9p8gg=
45,28,BAeIqtNwAdD52mV0zBTTXtuZbVI=,ePDAmGGXTgUmeCVBj3IllW9p8gg=
44,28,BAeIqtNwAdD52mV0zBTTXtuZbVI=,ePDAmGGXTgUmeCVBj3IllW9p8gg=
43,28,BAeIqtNwAdD52mV0zBTTXtuZbVI=,ePDAmGGXTgUmeCVBj3IllW9p8gg=
42,28,BAeIqtNwAdD52mV0zBTTXtuZbVI=,ePDAmGGXTgUmeCVBj3IllW9p8gg=
38,30,BAeIqtNwAdD52mV0zBTTXtuZbVI=,ioCeGkm7S0g8HIjvnVhMe6zjoas=
46,28,BAeIqtNwAdD52mV0zBTTXtuZbVI=,ePDAmGGXTgUmeCVBj3IllW9p8gg=
36,23,BAeIqtNwAdD52mV0zBTTXtuZbVI=,jszI9FYO+1R9Jrx4dAQI9nqdX7w=
36,17,BAeIqtNwAdD52mV0zBTTXtuZbVI=,jszI9FYO+1R9Jrx4dAQI9nqdX7w=
37,17,BAeIqtNwAdD52mV0zBTTXtuZbVI=,jszI9FYO+1R9Jrx4dAQI9nqdX7w=
34,20,BAeIqtNwAdD52mV0zBTTXtuZbVI=,jszI9FYO+1R9Jrx4dAQI9nqdX7w=
37,23,BAeIqtNwAdD52mV0zBTTXtuZbVI=,jszI9FYO+1R9Jrx4dAQI9nqdX7w=
35,20,BAeIqtNwAdD52mV0zBTTXtuZbVI=,jszI9FYO+1R9Jrx4dAQI9nqdX7w=
38,17,BAeIqtNwAdD52mV0zBTTXtuZbVI=,jszI9FYO+1R9Jrx4dAQI9nqdX7w=
38,23,BAeIqtNwAdD52mV0zBTTXtuZbVI=,jszI9FYO+1R9Jrx4dAQI9nqdX7w=
38,21,BAeIqtNwAdD52mV0zBTTXtuZbVI=,jszI9FYO+1R9Jrx4dAQI9nqdX7w=
38,22,BAeIqtNwAdD52mV0zBTTXtuZbVI=,jszI9FYO+1R9Jrx4dAQI9nqdX7w=
33,21,BAeIqtNwAdD52mV0zBTTXtuZbVI=,jszI9FYO+1R9Jrx4dAQI9nqdX7w=
36,20,BAeIqtNwAdD52mV0zBTTXtuZbVI=,jszI9FYO+1R9Jrx4dAQI9nqdX7w=
34,21,BAeIqtNwAdD52mV0zBTTXtuZbVI=,jszI9FYO+1R9Jrx4dAQI9nqdX7w=
33,24,BAeIqtNwAdD52mV0zBTTXtuZbVI=,ioCeGkm7S0g8HIjvnVhMe6zjoas=
34,24,BAeIqtNwAdD52mV0zBTTXtuZbVI=,ioCeGkm7S0g8HIjvnVhMe6zjoas=
35,24,BAeIqtNwAdD52mV0zBTTXtuZbVI=,ioCeGkm7S0g8HIjvnVhMe6zjoas=
36,24,BAeIqtNwAdD52mV0zBTTXtuZbVI=,ioCeGkm7S0g8HIjvnVhMe6zjoas=
37,24,BAeIqtNwAdD52mV0zBTTXtuZbVI=,ioCeGkm7S0g8HIjvnVhMe6zjoas=
38,24,BAeIqtNwAdD52mV0zBTTXtuZbVI=,ioCeGkm7S0g8HIjvnVhMe6zjoas=
34,19,BAeIqtNwAdD52mV0zBTTXtuZbVI=,jszI9FYO+1R9Jrx4dAQI9nqdX7w=
36,31,BAeIqtNwAdD52mV0zBTTXtuZbVI=,ioCeGkm7S0g8HIjvnVhMe6zjoas=
36,18,BAeIqtNwAdD52mV0zBTTXtuZbVI=,jszI9FYO+1R9Jrx4dAQI9nqdX7w=
37,31,BAeIqtNwAdD52mV0zBTTXtuZbVI=,ioCeGkm7S0g8HIjvnVhMe6zjoas=
37,18,BAeIqtNwAdD52mV0zBTTXtuZbVI=,jszI9FYO+1R9Jrx4dAQI9nqdX7w=
38,31,BAeIqtNwAdD52mV0zBTTXtuZbVI=,ioCeGkm7S0g8HIjvnVhMe6zjoas=
38,18,BAeIqtNwAdD52mV0zBTTXtuZbVI=,jszI9FYO+1R9Jrx4dAQI9nqdX7w=
37,20,BAeIqtNwAdD52mV0zBTTXtuZbVI=,jszI9FYO+1R9Jrx4dAQI9nqdX7w=
33,19,BAeIqtNwAdD52mV0zBTTXtuZbVI=,jszI9FYO+1R9Jrx4dAQI9nqdX7w=
33,31,BAeIqtNwAdD52mV0zBTTXtuZbVI=,ioCeGkm7S0g8HIjvnVhMe6zjoas=
35,19,BAeIqtNwAdD52mV0zBTTXtuZbVI=,jszI9FYO+1R9Jrx4dAQI9nqdX7w=
36,19,BAeIqtNwAdD52mV0zBTTXtuZbVI=,jszI9FYO+1R9Jrx4dAQI9nqdX7w=
34,31,BAeIqtNwAdD52mV0zBTTXtuZbVI=,ioCeGkm7S0g8HIjvnVhMe6zjoas=
37,19,BAeIqtNwAdD52mV0zBTTXtuZbVI=,jszI9FYO+1R9Jrx4dAQI9nqdX7w=
35,31,BAeIqtNwAdD52mV0zBTTXtuZbVI=,ioCeGkm7S0g8HIjvnVhMe6zjoas=
38,19,BAeIqtNwAdD52mV0zBTTXtuZbVI=,jszI9FYO+1R9Jrx4dAQI9nqdX7w=
38,20,BAeIqtNwAdD52mV0zBTTXtuZbVI=,jszI9FYO+1R9Jrx4dAQI9nqdX7w=
33,20,BAeIqtNwAdD52mV0zBTTXtuZbVI=,jszI9FYO+1R9Jrx4dAQI9nqdX7w=
33,17,BAeIqtNwAdD52mV0zBTTXtuZbVI=,jszI9FYO+1R9Jrx4dAQI9nqdX7w=
33,23,BAeIqtNwAdD52mV0zBTTXtuZbVI=,jszI9FYO+1R9Jrx4dAQI9nqdX7w=
35,21,BAeIqtNwAdD52mV0zBTTXtuZbVI=,jszI9FYO+1R9Jrx4dAQI9nqdX7w=
33,22,BAeIqtNwAdD52mV0zBTTXtuZbVI=,jszI9FYO+1R9Jrx4dAQI9nqdX7w=
36,21,BAeIqtNwAdD52mV0zBTTXtuZbVI=,jszI9FYO+1R9Jrx4dAQI9nqdX7w=
34,22,BAeIqtNwAdD52mV0zBTTXtuZbVI=,jszI9FYO+1R9Jrx4dAQI9nqdX7w=
34,17,BAeIqtNwAdD52mV0zBTTXtuZbVI=,jszI9FYO+1R9Jrx4dAQI9nqdX7w=
35,17,BAeIqtNwAdD52mV0zBTTXtuZbVI=,jszI9FYO+1R9Jrx4dAQI9nqdX7w=
35,22,BAeIqtNwAdD52mV0zBTTXtuZbVI=,jszI9FYO+1R9Jrx4dAQI9nqdX7w=
34,23,BAeIqtNwAdD52mV0zBTTXtuZbVI=,jszI9FYO+1R9Jrx4dAQI9nqdX7w=
35,23,BAeIqtNwAdD52mV0zBTTXtuZbVI=,jszI9FYO+1R9Jrx4dAQI9nqdX7w=
37,21,BAeIqtNwAdD52mV0zBTTXtuZbVI=,jszI9FYO+1R9Jrx4dAQI9nqdX7w=
36,22,BAeIqtNwAdD52mV0zBTTXtuZbVI=,jszI9FYO+1R9Jrx4dAQI9nqdX7w=
33,18,BAeIqtNwAdD52mV0zBTTXtuZbVI=,jszI9FYO+1R9Jrx4dAQI9nqdX7w=
34,18,BAeIqtNwAdD52mV0zBTTXtuZbVI=,jszI9FYO+1R9Jrx4dAQI9nqdX7w=
35,18,BAeIqtNwAdD52mV0zBTTXtuZbVI=,jszI9FYO+1R9Jrx4dAQI9nqdX7w=
37,22,BAeIqtNwAdD52mV0zBTTXtuZbVI=,jszI9FYO+1R9Jrx4dAQI9nqdX7w=
33,16,BAeIqtNwAdD52mV0zBTTXtuZbVI=,jszI9FYO+1R9Jrx4dAQI9nqdX7w=
36,16,BAeIqtNwAdD52mV0zBTTXtuZbVI=,jszI9FYO+1R9Jrx4dAQI9nqdX7w=
37,16,BAeIqtNwAdD52mV0zBTTXtuZbVI=,jszI9FYO+1R9Jrx4dAQI9nqdX7w=
38,16,BAeIqtNwAdD52mV0zBTTXtuZbVI=,jszI9FYO+1R9Jrx4dAQI9nqdX7w=
34,16,BAeIqtNwAdD52mV0zBTTXtuZbVI=,jszI9FYO+1R9Jrx4dAQI9nqdX7w=
35,16,BAeIqtNwAdD52mV0zBTTXtuZbVI=,jszI9FYO+1R9Jrx4dAQI9nqdX7w=
47,29,BAeIqtNwAdD52mV0zBTTXtuZbVI=,ePDAmGGXTgUmeCVBj3IllW9p8gg=
47,30,BAeIqtNwAdD52mV0zBTTXtuZbVI=,ePDAmGGXTgUmeCVBj3IllW9p8gg=
47,25,BAeIqtNwAdD52mV0zBTTXtuZbVI=,ePDAmGGXTgUmeCVBj3IllW9p8gg=
47,26,BAeIqtNwAdD52mV0zBTTXtuZbVI=,ePDAmGGXTgUmeCVBj3IllW9p8gg=
47,27,BAeIqtNwAdD52mV0zBTTXtuZbVI=,ePDAmGGXTgUmeCVBj3IllW9p8gg=
47,28,BAeIqtNwAdD52mV0zBTTXtuZbVI=,ePDAmGGXTgUmeCVBj3IllW9p8gg=
32,25,BAeIqtNwAdD52mV0zBTTXtuZbVI=,ioCeGkm7S0g8HIjvnVhMe6zjoas=
32,26,BAeIqtNwAdD52mV0zBTTXtuZbVI=,ioCeGkm7S0g8HIjvnVhMe6zjoas=
32,27,BAeIqtNwAdD52mV0zBTTXtuZbVI=,ioCeGkm7S0g8HIjvnVhMe6zjoas=
32,30,BAeIqtNwAdD52mV0zBTTXtuZbVI=,ioCeGkm7S0g8HIjvnVhMe6zjoas=
32,28,BAeIqtNwAdD52mV0zBTTXtuZbVI=,ioCeGkm7S0g8HIjvnVhMe6zjoas=
32,31,BAeIqtNwAdD52mV0zBTTXtuZbVI=,ioCeGkm7S0g8HIjvnVhMe6zjoas=
32,29,BAeIqtNwAdD52mV0zBTTXtuZbVI=,ioCeGkm7S0g8HIjvnVhMe6zjoas=
39,31,BAeIqtNwAdD52mV0zBTTXtuZbVI=,ioCeGkm7S0g8HIjvnVhMe6zjoas=
40,31,BAeIqtNwAdD52mV0zBTTXtuZbVI=,ePDAmGGXTgUmeCVBj3IllW9p8gg=
41,31,BAeIqtNwAdD52mV0zBTTXtuZbVI=,ePDAmGGXTgUmeCVBj3IllW9p8gg=
42,31,BAeIqtNwAdD52mV0zBTTXtuZbVI=,ePDAmGGXTgUmeCVBj3IllW9p8gg=
43,31,BAeIqtNwAdD52mV0zBTTXtuZbVI=,ePDAmGGXTgUmeCVBj3IllW9p8gg=
46,31,BAeIqtNwAdD52mV0zBTTXtuZbVI=,ePDAmGGXTgUmeCVBj3IllW9p8gg=
44,31,BAeIqtNwAdD52mV0zBTTXtuZbVI=,ePDAmGGXTgUmeCVBj3IllW9p8gg=
32,21,BAeIqtNwAdD52mV0zBTTXtuZbVI=,jszI9FYO+1R9Jrx4dAQI9nqdX7w=
45,31,BAeIqtNwAdD52mV0zBTTXtuZbVI=,ePDAmGGXTgUmeCVBj3IllW9p8gg=
47,31,BAeIqtNwAdD52mV0zBTTXtuZbVI=,ePDAmGGXTgUmeCVBj3IllW9p8gg=
32,24,BAeIqtNwAdD52mV0zBTTXtuZbVI=,ioCeGkm7S0g8HIjvnVhMe6zjoas=
32,16,BAeIqtNwAdD52mV0zBTTXtuZbVI=,jszI9FYO+1R9Jrx4dAQI9nqdX7w=
32,23,BAeIqtNwAdD52mV0zBTTXtuZbVI=,jszI9FYO+1R9Jrx4dAQI9nqdX7w=
32,18,BAeIqtNwAdD52mV0zBTTXtuZbVI=,jszI9FYO+1R9Jrx4dAQI9nqdX7w=
32,17,BAeIqtNwAdD52mV0zBTTXtuZbVI=,jszI9FYO+1R9Jrx4dAQI9nqdX7w=
32,19,BAeIqtNwAdD52mV0zBTTXtuZbVI=,jszI9FYO+1R9Jrx4dAQI9nqdX7w=
32,20,BAeIqtNwAdD52mV0zBTTXtuZbVI=,jszI9FYO+1R9Jrx4dAQI9nqdX7w=
32,22,BAeIqtNwAdD52mV0zBTTXtuZbVI=,jszI9FYO+1R9Jrx4dAQI9nqdX7w=
47,23,BAeIqtNwAdD52mV0zBTTXtuZbVI=,1QPQZwf15o24YD+6XIbGugjD26U=
44,23,BAeIqtNwAdD52mV0zBTTXtuZbVI=,1QPQZwf15o24YD+6XIbGugjD26U=
42,19,BAeIqtNwAdD52mV0zBTTXtuZbVI=,1QPQZwf15o24YD+6XIbGugjD26U=
40,19,BAeIqtNwAdD52mV0zBTTXtuZbVI=,1QPQZwf15o24YD+6XIbGugjD26U=
47,18,BAeIqtNwAdD52mV0zBTTXtuZbVI=,1QPQZwf15o24YD+6XIbGugjD26U=
43,23,BAeIqtNwAdD52mV0zBTTXtuZbVI=,1QPQZwf15o24YD+6XIbGugjD26U=
43,18,BAeIqtNwAdD52mV0zBTTXtuZbVI=,1QPQZwf15o24YD+6XIbGugjD26U=
46,18,BAeIqtNwAdD52mV0zBTTXtuZbVI=,1QPQZwf15o24YD+6XIbGugjD26U=
42,18,BAeIqtNwAdD52mV0zBTTXtuZbVI=,1QPQZwf15o24YD+6XIbGugjD26U=
41,18,BAeIqtNwAdD52mV0zBTTXtuZbVI=,1QPQZwf15o24YD+6XIbGugjD26U=
40,18,BAeIqtNwAdD52mV0zBTTXtuZbVI=,1QPQZwf15o24YD+6XIbGugjD26U=
47,17,BAeIqtNwAdD52mV0zBTTXtuZbVI=,1QPQZwf15o24YD+6XIbGugjD26U=
44,18,BAeIqtNwAdD52mV0zBTTXtuZbVI=,1QPQZwf15o24YD+6XIbGugjD26U=
44,19,BAeIqtNwAdD52mV0zBTTXtuZbVI=,1QPQZwf15o24YD+6XIbGugjD26U=
45,18,BAeIqtNwAdD52mV0zBTTXtuZbVI=,1QPQZwf15o24YD+6XIbGugjD26U=
46,17,BAeIqtNwAdD52mV0zBTTXtuZbVI=,1QPQZwf15o24YD+6XIbGugjD26U=
42,23,BAeIqtNwAdD52mV0zBTTXtuZbVI=,1QPQZwf15o24YD+6XIbGugjD26U=
43,19,BAeIqtNwAdD52mV0zBTTXtuZbVI=,1QPQZwf15o24YD+6XIbGugjD26U=
45,23,BAeIqtNwAdD52mV0zBTTXtuZbVI=,1QPQZwf15o24YD+6XIbGugjD26U=
47,22,BAeIqtNwAdD52mV0zBTTXtuZbVI=,1QPQZwf15o24YD+6XIbGugjD26U=
41,19,BAeIqtNwAdD52mV0zBTTXtuZbVI=,1QPQZwf15o24YD+6XIbGugjD26U=
43,17,BAeIqtNwAdD52mV0zBTTXtuZbVI=,1QPQZwf15o24YD+6XIbGugjD26U=
46,22,BAeIqtNwAdD52mV0zBTTXtuZbVI=,1QPQZwf15o24YD+6XIbGugjD26U=
45,17,BAeIqtNwAdD52mV0zBTTXtuZbVI=,1QPQZwf15o24YD+6XIbGugjD26U=
40,17,BAeIqtNwAdD52mV0zBTTXtuZbVI=,1QPQZwf15o24YD+6XIbGugjD26U=
41,17,BAeIqtNwAdD52mV0zBTTXtuZbVI=,1QPQZwf15o24YD+6XIbGugjD26U=
45,22,BAeIqtNwAdD52mV0zBTTXtuZbVI=,1QPQZwf15o24YD+6XIbGugjD26U=
44,17,BAeIqtNwAdD52mV0zBTTXtuZbVI=,1QPQZwf15o24YD+6XIbGugjD26U=
42,17,BAeIqtNwAdD52mV0zBTTXtuZbVI=,1QPQZwf15o24YD+6XIbGugjD26U=
47,16,BAeIqtNwAdD52mV0zBTTXtuZbVI=,1QPQZwf15o24YD+6XIbGugjD26U=
43,16,BAeIqtNwAdD52mV0zBTTXtuZbVI=,1QPQZwf15o24YD+6XIbGugjD26U=
46,16,BAeIqtNwAdD52mV0zBTTXtuZbVI=,1QPQZwf15o24YD+6XIbGugjD26U=
45,19,BAeIqtNwAdD52mV0zBTTXtuZbVI=,1QPQZwf15o24YD+6XIbGugjD26U=
42,16,BAeIqtNwAdD52mV0zBTTXtuZbVI=,1QPQZwf15o24YD+6XIbGugjD26U=
39,20,BAeIqtNwAdD52mV0zBTTXtuZbVI=,jszI9FYO+1R9Jrx4dAQI9nqdX7w=
45,16,BAeIqtNwAdD52mV0zBTTXtuZbVI=,1QPQZwf15o24YD+6XIbGugjD26U=
40,16,BAeIqtNwAdD52mV0zBTTXtuZbVI=,1QPQZwf15o24YD+6XIbGugjD26U=
41,23,BAeIqtNwAdD52mV0zBTTXtuZbVI=,1QPQZwf15o24YD+6XIbGugjD26U=
46,19,BAeIqtNwAdD52mV0zBTTXtuZbVI=,1QPQZwf15o24YD+6XIbGugjD26U=
42,22,BAeIqtNwAdD52mV0zBTTXtuZbVI=,1QPQZwf15o24YD+6XIbGugjD26U=
47,19,BAeIqtNwAdD52mV0zBTTXtuZbVI=,1QPQZwf15o24YD+6XIbGugjD26U=
41,22,BAeIqtNwAdD52mV0zBTTXtuZbVI=,1QPQZwf15o24YD+6XIbGugjD26U=
39,23,BAeIqtNwAdD52mV0zBTTXtuZbVI=,jszI9FYO+1R9Jrx4dAQI9nqdX7w=
41,16,BAeIqtNwAdD52mV0zBTTXtuZbVI=,1QPQZwf15o24YD+6XIbGugjD26U=
45,21,BAeIqtNwAdD52mV0zBTTXtuZbVI=,1QPQZwf15o24YD+6XIbGugjD26U=
47,21,BAeIqtNwAdD52mV0zBTTXtuZbVI=,1QPQZwf15o24YD+6XIbGugjD26U=
40,23,BAeIqtNwAdD52mV0zBTTXtuZbVI=,1QPQZwf15o24YD+6XIbGugjD26U=
40,20,BAeIqtNwAdD52mV0zBTTXtuZbVI=,1QPQZwf15o24YD+6XIbGugjD26U=
46,23,BAeIqtNwAdD52mV0zBTTXtuZbVI=,1QPQZwf15o24YD+6XIbGugjD26U=
44,21,BAeIqtNwAdD52mV0zBTTXtuZbVI=,1QPQZwf15o24YD+6XIbGugjD26U=
44,22,BAeIqtNwAdD52mV0zBTTXtuZbVI=,1QPQZwf15o24YD+6XIbGugjD26U=
43,22,BAeIqtNwAdD52mV0zBTTXtuZbVI=,1QPQZwf15o24YD+6XIbGugjD26U=
41,20,BAeIqtNwAdD52mV0zBTTXtuZbVI=,1QPQZwf15o24YD+6XIbGugjD26U=
39,18,BAeIqtNwAdD52mV0zBTTXtuZbVI=,jszI9FYO+1R9Jrx4dAQI9nqdX7w=
43,21,BAeIqtNwAdD52mV0zBTTXtuZbVI=,1QPQZwf15o24YD+6XIbGugjD26U=
40,22,BAeIqtNwAdD52mV0zBTTXtuZbVI=,1QPQZwf15o24YD+6XIbGugjD26U=
44,16,BAeIqtNwAdD52mV0zBTTXtuZbVI=,1QPQZwf15o24YD+6XIbGugjD26U=
39,19,BAeIqtNwAdD52mV0zBTTXtuZbVI=,jszI9FYO+1R9Jrx4dAQI9nqdX7w=
46,21,BAeIqtNwAdD52mV0zBTTXtuZbVI=,1QPQZwf15o24YD+6XIbGugjD26U=
42,20,BAeIqtNwAdD52mV0zBTTXtuZbVI=,1QPQZwf15o24YD+6XIbGugjD26U=
42,21,BAeIqtNwAdD52mV0zBTTXtuZbVI=,1QPQZwf15o24YD+6XIbGugjD26U=
41,21,BAeIqtNwAdD52mV0zBTTXtuZbVI=,1QPQZwf15o24YD+6XIbGugjD26U=
39,21,BAeIqtNwAdD52mV0zBTTXtuZbVI=,jszI9FYO+1R9Jrx4dAQI9nqdX7w=
39,22,BAeIqtNwAdD52mV0zBTTXtuZbVI=,jszI9FYO+1R9Jrx4dAQI9nqdX7w=
39,24,BAeIqtNwAdD52mV0zBTTXtuZbVI=,ioCeGkm7S0g8HIjvnVhMe6zjoas=
44,24,BAeIqtNwAdD52mV0zBTTXtuZbVI=,ePDAmGGXTgUmeCVBj3IllW9p8gg=
47,24,BAeIqtNwAdD52mV0zBTTXtuZbVI=,ePDAmGGXTgUmeCVBj3IllW9p8gg=
46,24,BAeIqtNwAdD52mV0zBTTXtuZbVI=,ePDAmGGXTgUmeCVBj3IllW9p8gg=
42,24,BAeIqtNwAdD52mV0zBTTXtuZbVI=,ePDAmGGXTgUmeCVBj3IllW9p8gg=
39,16,BAeIqtNwAdD52mV0zBTTXtuZbVI=,jszI9FYO+1R9Jrx4dAQI9nqdX7w=
40,24,BAeIqtNwAdD52mV0zBTTXtuZbVI=,ePDAmGGXTgUmeCVBj3IllW9p8gg=
40,21,BAeIqtNwAdD52mV0zBTTXtuZbVI=,1QPQZwf15o24YD+6XIbGugjD26U=
39,17,BAeIqtNwAdD52mV0zBTTXtuZbVI=,jszI9FYO+1R9Jrx4dAQI9nqdX7w=
47,20,BAeIqtNwAdD52mV0zBTTXtuZbVI=,1QPQZwf15o24YD+6XIbGugjD26U=
41,24,BAeIqtNwAdD52mV0zBTTXtuZbVI=,ePDAmGGXTgUmeCVBj3IllW9p8gg=
43,24,BAeIqtNwAdD52mV0zBTTXtuZbVI=,ePDAmGGXTgUmeCVBj3IllW9p8gg=
43,20,BAeIqtNwAdD52mV0zBTTXtuZbVI=,1QPQZwf15o24YD+6XIbGugjD26U=
44,20,BAeIqtNwAdD52mV0zBTTXtuZbVI=,1QPQZwf15o24YD+6XIbGugjD26U=
46,20,BAeIqtNwAdD52mV0zBTTXtuZbVI=,1QPQZwf15o24YD+6XIbGugjD26U=
45,24,BAeIqtNwAdD52mV0zBTTXtuZbVI=,ePDAmGGXTgUmeCVBj3IllW9p8gg=
45,20,BAeIqtNwAdD52mV0zBTTXtuZbVI=,1QPQZwf15o24YD+6XIbGugjD26U=
52,16,PfsQwpX++AhvUBu8UhQImvVz8hY=,uV1BmETHck4RMy2l6hTs/puZ+CE=
49,16,PfsQwpX++AhvUBu8UhQImvVz8hY=,uV1BmETHck4RMy2l6hTs/puZ+CE=
54,20,PfsQwpX++AhvUBu8UhQImvVz8hY=,uV1BmETHck4RMy2l6hTs/puZ+CE=
52,17,PfsQwpX++AhvUBu8UhQImvVz8hY=,uV1BmETHck4RMy2l6hTs/puZ+CE=
48,20,PfsQwpX++AhvUBu8UhQImvVz8hY=,uV1BmETHck4RMy2l6hTs/puZ+CE=
53,22,PfsQwpX++AhvUBu8UhQImvVz8hY=,uV1BmETHck4RMy2l6hTs/puZ+CE=
51,17,PfsQwpX++AhvUBu8UhQImvVz8hY=,uV1BmETHck4RMy2l6hTs/puZ+CE=
50,18,PfsQwpX++AhvUBu8UhQImvVz8hY=,uV1BmETHck4RMy2l6hTs/puZ+CE=
53,20,PfsQwpX++AhvUBu8UhQImvVz8hY=,uV1BmETHck4RMy2l6hTs/puZ+CE=
52,20,PfsQwpX++AhvUBu8UhQImvVz8hY=,uV1BmETHck4RMy2l6hTs/puZ+CE=
49,18,PfsQwpX++AhvUBu8UhQImvVz8hY=,uV1BmETHck4RMy2l6hTs/puZ+CE=
51,20,PfsQwpX++AhvUBu8UhQImvVz8hY=,uV1BmETHck4RMy2l6hTs/puZ+CE=
55,20,PfsQwpX++AhvUBu8UhQImvVz8hY=,uV1BmETHck4RMy2l6hTs/puZ+CE=
52,22,PfsQwpX++AhvUBu8UhQImvVz8hY=,uV1BmETHck4RMy2l6hTs/puZ+CE=
53,16,PfsQwpX++AhvUBu8UhQImvVz8hY=,uV1BmETHck4RMy2l6hTs/puZ+CE=
51,16,PfsQwpX++AhvUBu8UhQImvVz8hY=,uV1BmETHck4RMy2l6hTs/puZ+CE=
51,22,PfsQwpX++AhvUBu8UhQImvVz8hY=,uV1BmETHck4RMy2l6hTs/puZ+CE=
55,19,PfsQwpX++AhvUBu8UhQImvVz8hY=,uV1BmETHck4RMy2l6hTs/puZ+CE=
50,17,PfsQwpX++AhvUBu8UhQImvVz8hY=,uV1BmETHck4RMy2l6hTs/puZ+CE=
49,22,PfsQwpX++AhvUBu8UhQImvVz8hY=,uV1BmETHck4RMy2l6hTs/puZ+CE=
54,16,PfsQwpX++AhvUBu8UhQImvVz8hY=,uV1BmETHck4RMy2l6hTs/puZ+CE=
50,20,PfsQwpX++AhvUBu8UhQImvVz8hY=,uV1BmETHck4RMy2l6hTs/puZ+CE=
50,22,PfsQwpX++AhvUBu8UhQImvVz8hY=,uV1BmETHck4RMy2l6hTs/puZ+CE=
50,19,PfsQwpX++AhvUBu8UhQImvVz8hY=,uV1BmETHck4RMy2l6hTs/puZ+CE=
48,22,PfsQwpX++AhvUBu8UhQImvVz8hY=,uV1BmETHck4RMy2l6hTs/puZ+CE=
48,21,PfsQwpX++AhvUBu8UhQImvVz8hY=,uV1BmETHck4RMy2l6hTs/puZ+CE=
48,18,PfsQwpX++AhvUBu8UhQImvVz8hY=,uV1BmETHck4RMy2l6hTs/puZ+CE=
54,19,PfsQwpX++AhvUBu8UhQImvVz8hY=,uV1BmETHck4RMy2l6hTs/puZ+CE=
54,21,PfsQwpX++AhvUBu8UhQImvVz8hY=,uV1BmETHck4RMy2l6hTs/puZ+CE=
53,21,PfsQwpX++AhvUBu8UhQImvVz8hY=,uV1BmETHck4RMy2l6hTs/puZ+CE=
55,21,PfsQwpX++AhvUBu8UhQImvVz8hY=,uV1BmETHck4RMy2l6hTs/puZ+CE=
55,16,PfsQwpX++AhvUBu8UhQImvVz8hY=,uV1BmETHck4RMy2l6hTs/puZ+CE=
48,19,PfsQwpX++AhvUBu8UhQImvVz8hY=,uV1BmETHck4RMy2l6hTs/puZ+CE=
54,22,PfsQwpX++AhvUBu8UhQImvVz8hY=,uV1BmETHck4RMy2l6hTs/puZ+CE=
55,17,PfsQwpX++AhvUBu8UhQImvVz8hY=,uV1BmETHck4RMy2l6hTs/puZ+CE=
49,19,PfsQwpX++AhvUBu8UhQImvVz8hY=,uV1BmETHck4RMy2l6hTs/puZ+CE=
55,18,PfsQwpX++AhvUBu8UhQImvVz8hY=,uV1BmETHck4RMy2l6hTs/puZ+CE=
53,19,PfsQwpX++AhvUBu8UhQImvVz8hY=,uV1BmETHck4RMy2l6hTs/puZ+CE=
51,19,PfsQwpX++AhvUBu8UhQImvVz8hY=,uV1BmETHck4RMy2l6hTs/puZ+CE=
49,20,PfsQwpX++AhvUBu8UhQImvVz8hY=,uV1BmETHck4RMy2l6hTs/puZ+CE=
54,18,PfsQwpX++AhvUBu8UhQImvVz8hY=,uV1BmETHck4RMy2l6hTs/puZ+CE=
49,17,PfsQwpX++AhvUBu8UhQImvVz8hY=,uV1BmETHck4RMy2l6hTs/puZ+CE=
53,18,PfsQwpX++AhvUBu8UhQImvVz8hY=,uV1BmETHck4RMy2l6hTs/puZ+CE=
54,17,PfsQwpX++AhvUBu8UhQImvVz8hY=,uV1BmETHck4RMy2l6hTs/puZ+CE=
55,23,PfsQwpX++AhvUBu8UhQImvVz8hY=,uV1BmETHck4RMy2l6hTs/puZ+CE=
52,18,PfsQwpX++AhvUBu8UhQImvVz8hY=,uV1BmETHck4RMy2l6hTs/puZ+CE=
53,23,PfsQwpX++AhvUBu8UhQImvVz8hY=,uV1BmETHck4RMy2l6hTs/puZ+CE=
54,23,PfsQwpX++AhvUBu8UhQImvVz8hY=,uV1BmETHck4RMy2l6hTs/puZ+CE=
52,23,PfsQwpX++AhvUBu8UhQImvVz8hY=,uV1BmETHck4RMy2l6hTs/puZ+CE=
51,18,PfsQwpX++AhvUBu8UhQImvVz8hY=,uV1BmETHck4RMy2l6hTs/puZ+CE=
50,16,PfsQwpX++AhvUBu8UhQImvVz8hY=,uV1BmETHck4RMy2l6hTs/puZ+CE=
51,21,PfsQwpX++AhvUBu8UhQImvVz8hY=,uV1BmETHck4RMy2l6hTs/puZ+CE=
52,21,PfsQwpX++AhvUBu8UhQImvVz8hY=,uV1BmETHck4RMy2l6hTs/puZ+CE=
51,23,PfsQwpX++AhvUBu8UhQImvVz8hY=,uV1BmETHck4RMy2l6hTs/puZ+CE=
50,23,PfsQwpX++AhvUBu8UhQImvVz8hY=,uV1BmETHck4RMy2l6hTs/puZ+CE=
49,23,PfsQwpX++AhvUBu8UhQImvVz8hY=,uV1BmETHck4RMy2l6hTs/puZ+CE=
49,21,PfsQwpX++AhvUBu8UhQImvVz8hY=,uV1BmETHck4RMy2l6hTs/puZ+CE=
48,17,PfsQwpX++AhvUBu8UhQImvVz8hY=,uV1BmETHck4RMy2l6hTs/puZ+CE=
55,22,PfsQwpX++AhvUBu8UhQImvVz8hY=,uV1BmETHck4RMy2l6hTs/puZ+CE=
53,17,PfsQwpX++AhvUBu8UhQImvVz8hY=,uV1BmETHck4RMy2l6hTs/puZ+CE=
48,16,PfsQwpX++AhvUBu8UhQImvVz8hY=,uV1BmETHck4RMy2l6hTs/puZ+CE=
50,21,PfsQwpX++AhvUBu8UhQImvVz8hY=,uV1BmETHck4RMy2l6hTs/puZ+CE=
48,23,PfsQwpX++AhvUBu8UhQImvVz8hY=,uV1BmETHck4RMy2l6hTs/puZ+CE=
52,19,PfsQwpX++AhvUBu8UhQImvVz8hY=,uV1BmETHck4RMy2l6hTs/puZ+CE=
54,12,PfsQwpX++AhvUBu8UhQImvVz8hY=,K7OB60NlO9phDR8hrKD9K17WWrI=
53,12,PfsQwpX++AhvUBu8UhQImvVz8hY=,K7OB60NlO9phDR8hrKD9K17WWrI=
52,12,PfsQwpX++AhvUBu8UhQImvVz8hY=,K7OB60NlO9phDR8hrKD9K17WWrI=
51,12,PfsQwpX++AhvUBu8UhQImvVz8hY=,K7OB60NlO9phDR8hrKD9K17WWrI=
50,12,PfsQwpX++AhvUBu8UhQImvVz8hY=,K7OB60NlO9phDR8hrKD9K17WWrI=
49,12,PfsQwpX++AhvUBu8UhQImvVz8hY=,K7OB60NlO9phDR8hrKD9K17WWrI=
48,12,PfsQwpX++AhvUBu8UhQImvVz8hY=,K7OB60NlO9phDR8hrKD9K17WWrI=
55,11,PfsQwpX++AhvUBu8UhQImvVz8hY=,K7OB60NlO9phDR8hrKD9K17WWrI=
54,11,sh5QI1JOfXXKvJnRLSsnP3Tzzzc=,K7OB60NlO9phDR8hrKD9K17WWrI=
53,11,sh5QI1JOfXXKvJnRLSsnP3Tzzzc=,K7OB60NlO9phDR8hrKD9K17WWrI=
52,11,sh5QI1JOfXXKvJnRLSsnP3Tzzzc=,K7OB60NlO9phDR8hrKD9K17WWrI=
51,11,sh5QI1JOfXXKvJnRLSsnP3Tzzzc=,K7OB60NlO9phDR8hrKD9K17WWrI=
49,11,sh5QI1JOfXXKvJnRLSsnP3Tzzzc=,K7OB60NlO9phDR8hrKD9K17WWrI=
55,10,sh5QI1JOfXXKvJnRLSsnP3Tzzzc=,K7OB60NlO9phDR8hrKD9K17WWrI=
53,10,sh5QI1JOfXXKvJnRLSsnP3Tzzzc=,K7OB60NlO9phDR8hrKD9K17WWrI=
54,10,sh5QI1JOfXXKvJnRLSsnP3Tzzzc=,K7OB60NlO9phDR8hrKD9K17WWrI=
52,10,sh5QI1JOfXXKvJnRLSsnP3Tzzzc=,K7OB60NlO9phDR8hrKD9K17WWrI=
51,10,sh5QI1JOfXXKvJnRLSsnP3Tzzzc=,K7OB60NlO9phDR8hrKD9K17WWrI=
50,10,sh5QI1JOfXXKvJnRLSsnP3Tzzzc=,K7OB60NlO9phDR8hrKD9K17WWrI=
49,10,sh5QI1JOfXXKvJnRLSsnP3Tzzzc=,K7OB60NlO9phDR8hrKD9K17WWrI=
48,10,sh5QI1JOfXXKvJnRLSsnP3Tzzzc=,K7OB60NlO9phDR8hrKD9K17WWrI=
55,9,sh5QI1JOfXXKvJnRLSsnP3Tzzzc=,K7OB60NlO9phDR8hrKD9K17WWrI=
54,9,sh5QI1JOfXXKvJnRLSsnP3Tzzzc=,K7OB60NlO9phDR8hrKD9K17WWrI=
53,9,sh5QI1JOfXXKvJnRLSsnP3Tzzzc=,K7OB60NlO9phDR8hrKD9K17WWrI=
52,9,sh5QI1JOfXXKvJnRLSsnP3Tzzzc=,K7OB60NlO9phDR8hrKD9K17WWrI=
51,9,sh5QI1JOfXXKvJnRLSsnP3Tzzzc=,K7OB60NlO9phDR8hrKD9K17WWrI=
54,15,sh5QI1JOfXXKvJnRLSsnP3Tzzzc=,K7OB60NlO9phDR8hrKD9K17WWrI=
55,15,sh5QI1JOfXXKvJnRLSsnP3Tzzzc=,K7OB60NlO9phDR8hrKD9K17WWrI=
50,9,sh5QI1JOfXXKvJnRLSsnP3Tzzzc=,K7OB60NlO9phDR8hrKD9K17WWrI=
49,9,sh5QI1JOfXXKvJnRLSsnP3Tzzzc=,K7OB60NlO9phDR8hrKD9K17WWrI=
53,15,sh5QI1JOfXXKvJnRLSsnP3Tzzzc=,K7OB60NlO9phDR8hrKD9K17WWrI=
52,15,sh5QI1JOfXXKvJnRLSsnP3Tzzzc=,K7OB60NlO9phDR8hrKD9K17WWrI=
51,15,sh5QI1JOfXXKvJnRLSsnP3Tzzzc=,K7OB60NlO9phDR8hrKD9K17WWrI=
48,9,sh5QI1JOfXXKvJnRLSsnP3Tzzzc=,K7OB60NlO9phDR8hrKD9K17WWrI=
50,15,sh5QI1JOfXXKvJnRLSsnP3Tzzzc=,K7OB60NlO9phDR8hrKD9K17WWrI=
49,15,sh5QI1JOfXXKvJnRLSsnP3Tzzzc=,K7OB60NlO9phDR8hrKD9K17WWrI=
48,15,sh5QI1JOfXXKvJnRLSsnP3Tzzzc=,K7OB60NlO9phDR8hrKD9K17WWrI=
55,14,sh5QI1JOfXXKvJnRLSsnP3Tzzzc=,K7OB60NlO9phDR8hrKD9K17WWrI=
54,14,sh5QI1JOfXXKvJnRLSsnP3Tzzzc=,K7OB60NlO9phDR8hrKD9K17WWrI=
53,14,sh5QI1JOfXXKvJnRLSsnP3Tzzzc=,K7OB60NlO9phDR8hrKD9K17WWrI=
52,14,sh5QI1JOfXXKvJnRLSsnP3Tzzzc=,K7OB60NlO9phDR8hrKD9K17WWrI=
51,14,sh5QI1JOfXXKvJnRLSsnP3Tzzzc=,K7OB60NlO9phDR8hrKD9K17WWrI=
50,14,sh5QI1JOfXXKvJnRLSsnP3Tzzzc=,K7OB60NlO9phDR8hrKD9K17WWrI=
55,13,sh5QI1JOfXXKvJnRLSsnP3Tzzzc=,K7OB60NlO9phDR8hrKD9K17WWrI=
54,13,sh5QI1JOfXXKvJnRLSsnP3Tzzzc=,K7OB60NlO9phDR8hrKD9K17WWrI=
53,13,sh5QI1JOfXXKvJnRLSsnP3Tzzzc=,K7OB60NlO9phDR8hrKD9K17WWrI=
49,14,sh5QI1JOfXXKvJnRLSsnP3Tzzzc=,K7OB60NlO9phDR8hrKD9K17WWrI=
52,13,sh5QI1JOfXXKvJnRLSsnP3Tzzzc=,K7OB60NlO9phDR8hrKD9K17WWrI=
51,13,sh5QI1JOfXXKvJnRLSsnP3Tzzzc=,K7OB60NlO9phDR8hrKD9K17WWrI=
50,13,sh5QI1JOfXXKvJnRLSsnP3Tzzzc=,K7OB60NlO9phDR8hrKD9K17WWrI=
49,13,sh5QI1JOfXXKvJnRLSsnP3Tzzzc=,K7OB60NlO9phDR8hrKD9K17WWrI=
48,13,sh5QI1JOfXXKvJnRLSsnP3Tzzzc=,K7OB60NlO9phDR8hrKD9K17WWrI=
55,12,sh5QI1JOfXXKvJnRLSsnP3Tzzzc=,K7OB60NlO9phDR8hrKD9K17WWrI=
50,11,sh5QI1JOfXXKvJnRLSsnP3Tzzzc=,K7OB60NlO9phDR8hrKD9K17WWrI=
48,11,sh5QI1JOfXXKvJnRLSsnP3Tzzzc=,K7OB60NlO9phDR8hrKD9K17WWrI=
48,14,sh5QI1JOfXXKvJnRLSsnP3Tzzzc=,K7OB60NlO9phDR8hrKD9K17WWrI=
53,7,sh5QI1JOfXXKvJnRLSsnP3Tzzzc=,iotAHspspEvw01uJ8oDLSn9J5BA=
54,7,sh5QI1JOfXXKvJnRLSsnP3Tzzzc=,iotAHspspEvw01uJ8oDLSn9J5BA=
55,7,sh5QI1JOfXXKvJnRLSsnP3Tzzzc=,iotAHspspEvw01uJ8oDLSn9J5BA=
50,7,sh5QI1JOfXXKvJnRLSsnP3Tzzzc=,iotAHspspEvw01uJ8oDLSn9J5BA=
49,7,sh5QI1JOfXXKvJnRLSsnP3Tzzzc=,iotAHspspEvw01uJ8oDLSn9J5BA=
53,2,sh5QI1JOfXXKvJnRLSsnP3Tzzzc=,iotAHspspEvw01uJ8oDLSn9J5BA=
48,7,sh5QI1JOfXXKvJnRLSsnP3Tzzzc=,iotAHspspEvw01uJ8oDLSn9J5BA=
54,6,sh5QI1JOfXXKvJnRLSsnP3Tzzzc=,iotAHspspEvw01uJ8oDLSn9J5BA=
55,1,sh5QI1JOfXXKvJnRLSsnP3Tzzzc=,iotAHspspEvw01uJ8oDLSn9J5BA=
52,7,sh5QI1JOfXXKvJnRLSsnP3Tzzzc=,iotAHspspEvw01uJ8oDLSn9J5BA=
53,6,sh5QI1JOfXXKvJnRLSsnP3Tzzzc=,iotAHspspEvw01uJ8oDLSn9J5BA=
51,7,sh5QI1JOfXXKvJnRLSsnP3Tzzzc=,iotAHspspEvw01uJ8oDLSn9J5BA=
52,6,sh5QI1JOfXXKvJnRLSsnP3Tzzzc=,iotAHspspEvw01uJ8oDLSn9J5BA=
55,6,sh5QI1JOfXXKvJnRLSsnP3Tzzzc=,iotAHspspEvw01uJ8oDLSn9J5BA=
51,6,sh5QI1JOfXXKvJnRLSsnP3Tzzzc=,iotAHspspEvw01uJ8oDLSn9J5BA=
49,6,sh5QI1JOfXXKvJnRLSsnP3Tzzzc=,iotAHspspEvw01uJ8oDLSn9J5BA=
50,6,sh5QI1JOfXXKvJnRLSsnP3Tzzzc=,iotAHspspEvw01uJ8oDLSn9J5BA=
48,6,sh5QI1JOfXXKvJnRLSsnP3Tzzzc=,iotAHspspEvw01uJ8oDLSn9J5BA=
50,1,sh5QI1JOfXXKvJnRLSsnP3Tzzzc=,iotAHspspEvw01uJ8oDLSn9J5BA=
54,2,sh5QI1JOfXXKvJnRLSsnP3Tzzzc=,iotAHspspEvw01uJ8oDLSn9J5BA=
52,5,sh5QI1JOfXXKvJnRLSsnP3Tzzzc=,iotAHspspEvw01uJ8oDLSn9J5BA=
53,5,sh5QI1JOfXXKvJnRLSsnP3Tzzzc=,iotAHspspEvw01uJ8oDLSn9J5BA=
51,5,sh5QI1JOfXXKvJnRLSsnP3Tzzzc=,iotAHspspEvw01uJ8oDLSn9J5BA=
55,2,sh5QI1JOfXXKvJnRLSsnP3Tzzzc=,iotAHspspEvw01uJ8oDLSn9J5BA=
54,1,sh5QI1JOfXXKvJnRLSsnP3Tzzzc=,iotAHspspEvw01uJ8oDLSn9J5BA=
50,5,sh5QI1JOfXXKvJnRLSsnP3Tzzzc=,iotAHspspEvw01uJ8oDLSn9J5BA=
49,5,sh5QI1JOfXXKvJnRLSsnP3Tzzzc=,iotAHspspEvw01uJ8oDLSn9J5BA=
54,5,sh5QI1JOfXXKvJnRLSsnP3Tzzzc=,iotAHspspEvw01uJ8oDLSn9J5BA=
51,2,sh5QI1JOfXXKvJnRLSsnP3Tzzzc=,iotAHspspEvw01uJ8oDLSn9J5BA=
48,5,sh5QI1JOfXXKvJnRLSsnP3Tzzzc=,iotAHspspEvw01uJ8oDLSn9J5BA=
55,5,sh5QI1JOfXXKvJnRLSsnP3Tzzzc=,iotAHspspEvw01uJ8oDLSn9J5BA=
52,2,sh5QI1JOfXXKvJnRLSsnP3Tzzzc=,iotAHspspEvw01uJ8oDLSn9J5BA=
54,8,sh5QI1JOfXXKvJnRLSsnP3Tzzzc=,K7OB60NlO9phDR8hrKD9K17WWrI=
53,8,sh5QI1JOfXXKvJnRLSsnP3Tzzzc=,K7OB60NlO9phDR8hrKD9K17WWrI=
53,1,sh5QI1JOfXXKvJnRLSsnP3Tzzzc=,iotAHspspEvw01uJ8oDLSn9J5BA=
55,8,sh5QI1JOfXXKvJnRLSsnP3Tzzzc=,K7OB60NlO9phDR8hrKD9K17WWrI=
52,8,sh5QI1JOfXXKvJnRLSsnP3Tzzzc=,K7OB60NlO9phDR8hrKD9K17WWrI=
48,2,sh5QI1JOfXXKvJnRLSsnP3Tzzzc=,iotAHspspEvw01uJ8oDLSn9J5BA=
54,4,sh5QI1JOfXXKvJnRLSsnP3Tzzzc=,iotAHspspEvw01uJ8oDLSn9J5BA=
55,4,sh5QI1JOfXXKvJnRLSsnP3Tzzzc=,iotAHspspEvw01uJ8oDLSn9J5BA=
53,4,sh5QI1JOfXXKvJnRLSsnP3Tzzzc=,iotAHspspEvw01uJ8oDLSn9J5BA=
52,4,sh5QI1JOfXXKvJnRLSsnP3Tzzzc=,iotAHspspEvw01uJ8oDLSn9J5BA=
49,8,sh5QI1JOfXXKvJnRLSsnP3Tzzzc=,K7OB60NlO9phDR8hrKD9K17WWrI=
51,4,sh5QI1JOfXXKvJnRLSsnP3Tzzzc=,iotAHspspEvw01uJ8oDLSn9J5BA=
50,2,sh5QI1JOfXXKvJnRLSsnP3Tzzzc=,iotAHspspEvw01uJ8oDLSn9J5BA=
50,4,sh5QI1JOfXXKvJnRLSsnP3Tzzzc=,iotAHspspEvw01uJ8oDLSn9J5BA=
52,1,sh5QI1JOfXXKvJnRLSsnP3Tzzzc=,iotAHspspEvw01uJ8oDLSn9J5BA=
48,8,sh5QI1JOfXXKvJnRLSsnP3Tzzzc=,K7OB60NlO9phDR8hrKD9K17WWrI=
48,0,sh5QI1JOfXXKvJnRLSsnP3Tzzzc=,iotAHspspEvw01uJ8oDLSn9J5BA=
49,4,sh5QI1JOfXXKvJnRLSsnP3Tzzzc=,iotAHspspEvw01uJ8oDLSn9J5BA=
51,8,sh5QI1JOfXXKvJnRLSsnP3Tzzzc=,K7OB60NlO9phDR8hrKD9K17WWrI=
48,1,sh5QI1JOfXXKvJnRLSsnP3Tzzzc=,iotAHspspEvw01uJ8oDLSn9J5BA=
51,0,sh5QI1JOfXXKvJnRLSsnP3Tzzzc=,iotAHspspEvw01uJ8oDLSn9J5BA=
50,8,sh5QI1JOfXXKvJnRLSsnP3Tzzzc=,K7OB60NlO9phDR8hrKD9K17WWrI=
49,1,sh5QI1JOfXXKvJnRLSsnP3Tzzzc=,iotAHspspEvw01uJ8oDLSn9J5BA=
48,4,sh5QI1JOfXXKvJnRLSsnP3Tzzzc=,iotAHspspEvw01uJ8oDLSn9J5BA=
54,0,sh5QI1JOfXXKvJnRLSsnP3Tzzzc=,iotAHspspEvw01uJ8oDLSn9J5BA=
55,3,sh5QI1JOfXXKvJnRLSsnP3Tzzzc=,iotAHspspEvw01uJ8oDLSn9J5BA=
54,3,sh5QI1JOfXXKvJnRLSsnP3Tzzzc=,iotAHspspEvw01uJ8oDLSn9J5BA=
53,3,sh5QI1JOfXXKvJnRLSsnP3Tzzzc=,iotAHspspEvw01uJ8oDLSn9J5BA=
50,0,sh5QI1JOfXXKvJnRLSsnP3Tzzzc=,iotAHspspEvw01uJ8oDLSn9J5BA=
48,3,sh5QI1JOfXXKvJnRLSsnP3Tzzzc=,iotAHspspEvw01uJ8oDLSn9J5BA=
52,0,sh5QI1JOfXXKvJnRLSsnP3Tzzzc=,iotAHspspEvw01uJ8oDLSn9J5BA=
49,0,sh5QI1JOfXXKvJnRLSsnP3Tzzzc=,iotAHspspEvw01uJ8oDLSn9J5BA=
51,3,sh5QI1JOfXXKvJnRLSsnP3Tzzzc=,iotAHspspEvw01uJ8oDLSn9J5BA=
52,3,sh5QI1JOfXXKvJnRLSsnP3Tzzzc=,iotAHspspEvw01uJ8oDLSn9J5BA=
55,0,sh5QI1JOfXXKvJnRLSsnP3Tzzzc=,iotAHspspEvw01uJ8oDLSn9J5BA=
49,2,sh5QI1JOfXXKvJnRLSsnP3Tzzzc=,iotAHspspEvw01uJ8oDLSn9J5BA=
53,0,sh5QI1JOfXXKvJnRLSsnP3Tzzzc=,iotAHspspEvw01uJ8oDLSn9J5BA=
51,1,sh5QI1JOfXXKvJnRLSsnP3Tzzzc=,iotAHspspEvw01uJ8oDLSn9J5BA=
49,3,sh5QI1JOfXXKvJnRLSsnP3Tzzzc=,iotAHspspEvw01uJ8oDLSn9J5BA=
50,3,sh5QI1JOfXXKvJnRLSsnP3Tzzzc=,iotAHspspEvw01uJ8oDLSn9J5BA=
