-24,-14,2OCt4/Mnjm7U6ljG/ujYoZWicjQ=,zDl4wAh7ax3xgID+ACYvijk3wE8=
-18,-9,2OCt4/Mnjm7U6ljG/ujYoZWicjQ=,zDl4wAh7ax3xgID+ACYvijk3wE8=
-17,-9,2OCt4/Mnjm7U6ljG/ujYoZWicjQ=,zDl4wAh7ax3xgID+ACYvijk3wE8=
-19,-9,2OCt4/Mnjm7U6ljG/ujYoZWicjQ=,zDl4wAh7ax3xgID+ACYvijk3wE8=
-20,-9,2OCt4/Mnjm7U6ljG/ujYoZWicjQ=,zDl4wAh7ax3xgID+ACYvijk3wE8=
-21,-9,2OCt4/Mnjm7U6ljG/ujYoZWicjQ=,zDl4wAh7ax3xgID+ACYvijk3wE8=
-22,-9,2OCt4/Mnjm7U6ljG/ujYoZWicjQ=,zDl4wAh7ax3xgID+ACYvijk3wE8=
-17,-15,2OCt4/Mnjm7U6ljG/ujYoZWicjQ=,zDl4wAh7ax3xgID+ACYvijk3wE8=
-23,-9,2OCt4/Mnjm7U6ljG/ujYoZWicjQ=,zDl4wAh7ax3xgID+ACYvijk3wE8=
-19,-14,2OCt4/Mnjm7U6ljG/ujYoZWicjQ=,zDl4wAh7ax3xgID+ACYvijk3wE8=
-19,-10,2OCt4/Mnjm7U6ljG/ujYoZWicjQ=,zDl4wAh7ax3xgID+ACYvijk3wE8=
-24,-9,2OCt4/Mnjm7U6ljG/ujYoZWicjQ=,zDl4wAh7ax3xgID+ACYvijk3wE8=
-18,-10,2OCt4/Mnjm7U6ljG/ujYoZWicjQ=,zDl4wAh7ax3xgID+ACYvijk3wE8=
-20,-14,2OCt4/Mnjm7U6ljG/ujYoZWicjQ=,zDl4wAh7ax3xgID+ACYvijk3wE8=
-18,-15,2OCt4/Mnjm7U6ljG/ujYoZWicjQ=,zDl4wAh7ax3xgID+ACYvijk3wE8=
-20,-10,2OCt4/Mnjm7U6ljG/ujYoZWicjQ=,zDl4wAh7ax3xgID+ACYvijk3wE8=
-21,-14,2OCt4/Mnjm7U6ljG/ujYoZWicjQ=,zDl4wAh7ax3xgID+ACYvijk3wE8=
-21,-10,2OCt4/Mnjm7U6ljG/ujYoZWicjQ=,zDl4wAh7ax3xgID+ACYvijk3wE8=
-22,-10,2OCt4/Mnjm7U6ljG/ujYoZWicjQ=,zDl4wAh7ax3xgID+ACYvijk3wE8=
-17,-10,2OCt4/Mnjm7U6ljG/ujYoZWicjQ=,zDl4wAh7ax3xgID+ACYvijk3wE8=
-23,-10,2OCt4/Mnjm7U6ljG/ujYoZWicjQ=,zDl4wAh7ax3xgID+ACYvijk3wE8=
-22,-16,2OCt4/Mnjm7U6ljG/ujYoZWicjQ=,zDl4wAh7ax3xgID+ACYvijk3wE8=
-21,-16,2OCt4/Mnjm7U6ljG/ujYoZWicjQ=,zDl4wAh7ax3xgID+ACYvijk3wE8=
-17,-16,2OCt4/Mnjm7U6ljG/ujYoZWicjQ=,zDl4wAh7ax3xgID+ACYvijk3wE8=
-24,-15,2OCt4/Mnjm7U6ljG/ujYoZWicjQ=,zDl4wAh7ax3xgID+ACYvijk3wE8=
-18,-16,2OCt4/Mnjm7U6ljG/ujYoZWicjQ=,zDl4wAh7ax3xgID+ACYvijk3wE8=
-20,-16,2OCt4/Mnjm7U6ljG/ujYoZWicjQ=,zDl4wAh7ax3xgID+ACYvijk3wE8=
-19,-16,2OCt4/Mnjm7U6ljG/ujYoZWicjQ=,zDl4wAh7ax3xgID+ACYvijk3wE8=
-24,-10,2OCt4/Mnjm7U6ljG/ujYoZWicjQ=,zDl4wAh7ax3xgID+ACYvijk3wE8=
-20,-15,2OCt4/Mnjm7U6ljG/ujYoZWicjQ=,zDl4wAh7ax3xgID+ACYvijk3wE8=
-18,-11,2OCt4/Mnjm7U6ljG/ujYoZWicjQ=,zDl4wAh7ax3xgID+ACYvijk3wE8=
-17,-11,2OCt4/Mnjm7U6ljG/ujYoZWicjQ=,zDl4wAh7ax3xgID+ACYvijk3wE8=
-19,-11,2OCt4/Mnjm7U6ljG/ujYoZWicjQ=,zDl4wAh7ax3xgID+ACYvijk3wE8=
-20,-11,2OCt4/Mnjm7U6ljG/ujYoZWicjQ=,zDl4wAh7ax3xgID+ACYvijk3wE8=
-21,-11,2OCt4/Mnjm7U6ljG/ujYoZWicjQ=,zDl4wAh7ax3xgID+ACYvijk3wE8=
-22,-11,2OCt4/Mnjm7U6ljG/ujYoZWicjQ=,zDl4wAh7ax3xgID+ACYvijk3wE8=
-23,-11,2OCt4/Mnjm7U6ljG/ujYoZWicjQ=,zDl4wAh7ax3xgID+ACYvijk3wE8=
-24,-11,2OCt4/Mnjm7U6ljG/ujYoZWicjQ=,zDl4wAh7ax3xgID+ACYvijk3wE8=
-19,-15,2OCt4/Mnjm7U6ljG/ujYoZWicjQ=,zDl4wAh7ax3xgID+ACYvijk3wE8=
-17,-12,2OCt4/Mnjm7U6ljG/ujYoZWicjQ=,zDl4wAh7ax3xgID+ACYvijk3wE8=
-21,-15,2OCt4/Mnjm7U6ljG/ujYoZWicjQ=,zDl4wAh7ax3xgID+ACYvijk3wE8=
-18,-12,2OCt4/Mnjm7U6ljG/ujYoZWicjQ=,zDl4wAh7ax3xgID+ACYvijk3wE8=
-20,-12,2OCt4/Mnjm7U6ljG/ujYoZWicjQ=,zDl4wAh7ax3xgID+ACYvijk3wE8=
-19,-12,2OCt4/Mnjm7U6ljG/ujYoZWicjQ=,zDl4wAh7ax3xgID+ACYvijk3wE8=
-21,-12,2OCt4/Mnjm7U6ljG/ujYoZWicjQ=,zDl4wAh7ax3xgID+ACYvijk3wE8=
-22,-12,2OCt4/Mnjm7U6ljG/ujYoZWicjQ=,zDl4wAh7ax3xgID+ACYvijk3wE8=
-22,-14,2OCt4/Mnjm7U6ljG/ujYoZWicjQ=,zDl4wAh7ax3xgID+ACYvijk3wE8=
-23,-14,2OCt4/Mnjm7U6ljG/ujYoZWicjQ=,zDl4wAh7ax3xgID+ACYvijk3wE8=
-22,-15,2OCt4/Mnjm7U6ljG/ujYoZWicjQ=,zDl4wAh7ax3xgID+ACYvijk3wE8=
-23,-12,2OCt4/Mnjm7U6ljG/ujYoZWicjQ=,zDl4wAh7ax3xgID+ACYvijk3wE8=
-24,-12,2OCt4/Mnjm7U6ljG/ujYoZWicjQ=,zDl4wAh7ax3xgID+ACYvijk3wE8=
-19,-13,2OCt4/Mnjm7U6ljG/ujYoZWicjQ=,zDl4wAh7ax3xgID+ACYvijk3wE8=
-18,-13,2OCt4/Mnjm7U6ljG/ujYoZWicjQ=,zDl4wAh7ax3xgID+ACYvijk3wE8=
-24,-16,2OCt4/Mnjm7U6ljG/ujYoZWicjQ=,zDl4wAh7ax3xgID+ACYvijk3wE8=
-20,-13,2OCt4/Mnjm7U6ljG/ujYoZWicjQ=,zDl4wAh7ax3xgID+ACYvijk3wE8=
-22,-13,2OCt4/Mnjm7U6ljG/ujYoZWicjQ=,zDl4wAh7ax3xgID+ACYvijk3wE8=
-17,-14,2OCt4/Mnjm7U6ljG/ujYoZWicjQ=,zDl4wAh7ax3xgID+ACYvijk3wE8=
-24,-13,2OCt4/Mnjm7U6ljG/ujYoZWicjQ=,zDl4wAh7ax3xgID+ACYvijk3wE8=
-23,-13,2OCt4/Mnjm7U6ljG/ujYoZWicjQ=,zDl4wAh7ax3xgID+ACYvijk3wE8=
-21,-13,2OCt4/Mnjm7U6ljG/ujYoZWicjQ=,zDl4wAh7ax3xgID+ACYvijk3wE8=
-18,-14,2OCt4/Mnjm7U6ljG/ujYoZWicjQ=,zDl4wAh7ax3xgID+ACYvijk3wE8=
-23,-15,2OCt4/Mnjm7U6ljG/ujYoZWicjQ=,zDl4wAh7ax3xgID+ACYvijk3wE8=
-23,-16,2OCt4/Mnjm7U6ljG/ujYoZWicjQ=,zDl4wAh7ax3xgID+ACYvijk3wE8=
-17,-13,2OCt4/Mnjm7U6ljG/ujYoZWicjQ=,zDl4wAh7ax3xgID+ACYvijk3wE8=
-14,-15,fARVkoFcRWpuTssG2KgCaH9z3sI=,BEoNlCTp+SvfKB+2g8Q5E+gPpKA=
-16,-12,fARVkoFcRWpuTssG2KgCaH9z3sI=,BEoNlCTp+SvfKB+2g8Q5E+gPpKA=
-16,-11,fARVkoFcRWpuTssG2KgCaH9z3sI=,BEoNlCTp+SvfKB+2g8Q5E+gPpKA=
-16,-13,fARVkoFcRWpuTssG2KgCaH9z3sI=,BEoNlCTp+SvfKB+2g8Q5E+gPpKA=
-16,-10,fARVkoFcRWpuTssG2KgCaH9z3sI=,BEoNlCTp+SvfKB+2g8Q5E+gPpKA=
-16,-15,fARVkoFcRWpuTssG2KgCaH9z3sI=,BEoNlCTp+SvfKB+2g8Q5E+gPpKA=
-16,-14,fARVkoFcRWpuTssG2KgCaH9z3sI=,BEoNlCTp+SvfKB+2g8Q5E+gPpKA=
-13,-16,fARVkoFcRWpuTssG2KgCaH9z3sI=,BEoNlCTp+SvfKB+2g8Q5E+gPpKA=
-11,-14,fARVkoFcRWpuTssG2KgCaH9z3sI=,BEoNlCTp+SvfKB+2g8Q5E+gPpKA=
-12,-14,fARVkoFcRWpuTssG2KgCaH9z3sI=,BEoNlCTp+SvfKB+2g8Q5E+gPpKA=
-13,-14,fARVkoFcRWpuTssG2KgCaH9z3sI=,BEoNlCTp+SvfKB+2g8Q5E+gPpKA=
-14,-14,fARVkoFcRWpuTssG2KgCaH9z3sI=,BEoNlCTp+SvfKB+2g8Q5E+gPpKA=
-15,-14,fARVkoFcRWpuTssG2KgCaH9z3sI=,BEoNlCTp+SvfKB+2g8Q5E+gPpKA=
-13,-13,fARVkoFcRWpuTssG2KgCaH9z3sI=,BEoNlCTp+SvfKB+2g8Q5E+gPpKA=
-14,-13,fARVkoFcRWpuTssG2KgCaH9z3sI=,BEoNlCTp+SvfKB+2g8Q5E+gPpKA=
-9,-10,fARVkoFcRWpuTssG2KgCaH9z3sI=,BEoNlCTp+SvfKB+2g8Q5E+gPpKA=
-10,-10,fARVkoFcRWpuTssG2KgCaH9z3sI=,BEoNlCTp+SvfKB+2g8Q5E+gPpKA=
-15,-15,fARVkoFcRWpuTssG2KgCaH9z3sI=,BEoNlCTp+SvfKB+2g8Q5E+gPpKA=
-11,-10,fARVkoFcRWpuTssG2KgCaH9z3sI=,BEoNlCTp+SvfKB+2g8Q5E+gPpKA=
-12,-10,fARVkoFcRWpuTssG2KgCaH9z3sI=,BEoNlCTp+SvfKB+2g8Q5E+gPpKA=
-9,-15,fARVkoFcRWpuTssG2KgCaH9z3sI=,BEoNlCTp+SvfKB+2g8Q5E+gPpKA=
-15,-16,fARVkoFcRWpuTssG2KgCaH9z3sI=,BEoNlCTp+SvfKB+2g8Q5E+gPpKA=
-10,-16,fARVkoFcRWpuTssG2KgCaH9z3sI=,BEoNlCTp+SvfKB+2g8Q5E+gPpKA=
-11,-16,fARVkoFcRWpuTssG2KgCaH9z3sI=,BEoNlCTp+SvfKB+2g8Q5E+gPpKA=
-12,-16,fARVkoFcRWpuTssG2KgCaH9z3sI=,BEoNlCTp+SvfKB+2g8Q5E+gPpKA=
-10,-15,fARVkoFcRWpuTssG2KgCaH9z3sI=,BEoNlCTp+SvfKB+2g8Q5E+gPpKA=
-15,-13,fARVkoFcRWpuTssG2KgCaH9z3sI=,BEoNlCTp+SvfKB+2g8Q5E+gPpKA=
-13,-10,fARVkoFcRWpuTssG2KgCaH9z3sI=,BEoNlCTp+SvfKB+2g8Q5E+gPpKA=
-14,-16,fARVkoFcRWpuTssG2KgCaH9z3sI=,BEoNlCTp+SvfKB+2g8Q5E+gPpKA=
-14,-10,fARVkoFcRWpuTssG2KgCaH9z3sI=,BEoNlCTp+SvfKB+2g8Q5E+gPpKA=
-15,-10,fARVkoFcRWpuTssG2KgCaH9z3sI=,BEoNlCTp+SvfKB+2g8Q5E+gPpKA=
-9,-11,fARVkoFcRWpuTssG2KgCaH9z3sI=,BEoNlCTp+SvfKB+2g8Q5E+gPpKA=
-10,-11,fARVkoFcRWpuTssG2KgCaH9z3sI=,BEoNlCTp+SvfKB+2g8Q5E+gPpKA=
-11,-15,fARVkoFcRWpuTssG2KgCaH9z3sI=,BEoNlCTp+SvfKB+2g8Q5E+gPpKA=
-9,-16,fARVkoFcRWpuTssG2KgCaH9z3sI=,BEoNlCTp+SvfKB+2g8Q5E+gPpKA=
-16,-16,fARVkoFcRWpuTssG2KgCaH9z3sI=,BEoNlCTp+SvfKB+2g8Q5E+gPpKA=
-11,-11,fARVkoFcRWpuTssG2KgCaH9z3sI=,BEoNlCTp+SvfKB+2g8Q5E+gPpKA=
-12,-11,fARVkoFcRWpuTssG2KgCaH9z3sI=,BEoNlCTp+SvfKB+2g8Q5E+gPpKA=
-13,-11,fARVkoFcRWpuTssG2KgCaH9z3sI=,BEoNlCTp+SvfKB+2g8Q5E+gPpKA=
-14,-11,fARVkoFcRWpuTssG2KgCaH9z3sI=,BEoNlCTp+SvfKB+2g8Q5E+gPpKA=
-9,-12,fARVkoFcRWpuTssG2KgCaH9z3sI=,BEoNlCTp+SvfKB+2g8Q5E+gPpKA=
-10,-12,fARVkoFcRWpuTssG2KgCaH9z3sI=,BEoNlCTp+SvfKB+2g8Q5E+gPpKA=
-11,-12,fARVkoFcRWpuTssG2KgCaH9z3sI=,BEoNlCTp+SvfKB+2g8Q5E+gPpKA=
-12,-12,fARVkoFcRWpuTssG2KgCaH9z3sI=,BEoNlCTp+SvfKB+2g8Q5E+gPpKA=
-15,-11,fARVkoFcRWpuTssG2KgCaH9z3sI=,BEoNlCTp+SvfKB+2g8Q5E+gPpKA=
-12,-15,fARVkoFcRWpuTssG2KgCaH9z3sI=,BEoNlCTp+SvfKB+2g8Q5E+gPpKA=
-13,-12,fARVkoFcRWpuTssG2KgCaH9z3sI=,BEoNlCTp+SvfKB+2g8Q5E+gPpKA=
-9,-14,fARVkoFcRWpuTssG2KgCaH9z3sI=,BEoNlCTp+SvfKB+2g8Q5E+gPpKA=
-12,-5,fARVkoFcRWpuTssG2KgCaH9z3sI=,NPpWSSfVEip4ulrNqbVhe6PXq6A=
-11,-5,fARVkoFcRWpuTssG2KgCaH9z3sI=,NPpWSSfVEip4ulrNqbVhe6PXq6A=
-14,-12,fARVkoFcRWpuTssG2KgCaH9z3sI=,BEoNlCTp+SvfKB+2g8Q5E+gPpKA=
-10,-5,fARVkoFcRWpuTssG2KgCaH9z3sI=,NPpWSSfVEip4ulrNqbVhe6PXq6A=
-16,-4,fARVkoFcRWpuTssG2KgCaH9z3sI=,NPpWSSfVEip4ulrNqbVhe6PXq6A=
-15,-4,fARVkoFcRWpuTssG2KgCaH9z3sI=,NPpWSSfVEip4ulrNqbVhe6PXq6A=
-14,-4,fARVkoFcRWpuTssG2KgCaH9z3sI=,NPpWSSfVEip4ulrNqbVhe6PXq6A=
-13,-4,fARVkoFcRWpuTssG2KgCaH9z3sI=,NPpWSSfVEip4ulrNqbVhe6PXq6A=
-12,-4,fARVkoFcRWpuTssG2KgCaH9z3sI=,NPpWSSfVEip4ulrNqbVhe6PXq6A=
-11,-4,fARVkoFcRWpuTssG2KgCaH9z3sI=,NPpWSSfVEip4ulrNqbVhe6PXq6A=
-10,-4,fARVkoFcRWpuTssG2KgCaH9z3sI=,NPpWSSfVEip4ulrNqbVhe6PXq6A=
-16,-3,fARVkoFcRWpuTssG2KgCaH9z3sI=,NPpWSSfVEip4ulrNqbVhe6PXq6A=
-15,-3,fARVkoFcRWpuTssG2KgCaH9z3sI=,NPpWSSfVEip4ulrNqbVhe6PXq6A=
-14,-3,fARVkoFcRWpuTssG2KgCaH9z3sI=,NPpWSSfVEip4ulrNqbVhe6PXq6A=
-13,-3,fARVkoFcRWpuTssG2KgCaH9z3sI=,NPpWSSfVEip4ulrNqbVhe6PXq6A=
-12,-3,fARVkoFcRWpuTssG2KgCaH9z3sI=,NPpWSSfVEip4ulrNqbVhe6PXq6A=
-11,-3,fARVkoFcRWpuTssG2KgCaH9z3sI=,NPpWSSfVEip4ulrNqbVhe6PXq6A=
-10,-3,fARVkoFcRWpuTssG2KgCaH9z3sI=,NPpWSSfVEip4ulrNqbVhe6PXq6A=
-16,-2,fARVkoFcRWpuTssG2KgCaH9z3sI=,NPpWSSfVEip4ulrNqbVhe6PXq6A=
-15,-2,fARVkoFcRWpuTssG2KgCaH9z3sI=,NPpWSSfVEip4ulrNqbVhe6PXq6A=
-14,-2,fARVkoFcRWpuTssG2KgCaH9z3sI=,NPpWSSfVEip4ulrNqbVhe6PXq6A=
-13,-2,fARVkoFcRWpuTssG2KgCaH9z3sI=,NPpWSSfVEip4ulrNqbVhe6PXq6A=
-12,-2,fARVkoFcRWpuTssG2KgCaH9z3sI=,NPpWSSfVEip4ulrNqbVhe6PXq6A=
-11,-2,fARVkoFcRWpuTssG2KgCaH9z3sI=,NPpWSSfVEip4ulrNqbVhe6PXq6A=
-16,-8,fARVkoFcRWpuTssG2KgCaH9z3sI=,NPpWSSfVEip4ulrNqbVhe6PXq6A=
-15,-8,fARVkoFcRWpuTssG2KgCaH9z3sI=,NPpWSSfVEip4ulrNqbVhe6PXq6A=
-14,-8,fARVkoFcRWpuTssG2KgCaH9z3sI=,NPpWSSfVEip4ulrNqbVhe6PXq6A=
-13,-8,fARVkoFcRWpuTssG2KgCaH9z3sI=,NPpWSSfVEip4ulrNqbVhe6PXq6A=
-12,-8,fARVkoFcRWpuTssG2KgCaH9z3sI=,NPpWSSfVEip4ulrNqbVhe6PXq6A=
-11,-8,fARVkoFcRWpuTssG2KgCaH9z3sI=,NPpWSSfVEip4ulrNqbVhe6PXq6A=
-10,-2,fARVkoFcRWpuTssG2KgCaH9z3sI=,NPpWSSfVEip4ulrNqbVhe6PXq6A=
-10,-8,fARVkoFcRWpuTssG2KgCaH9z3sI=,NPpWSSfVEip4ulrNqbVhe6PXq6A=
-16,-7,fARVkoFcRWpuTssG2KgCaH9z3sI=,NPpWSSfVEip4ulrNqbVhe6PXq6A=
-15,-7,fARVkoFcRWpuTssG2KgCaH9z3sI=,NPpWSSfVEip4ulrNqbVhe6PXq6A=
-14,-7,fARVkoFcRWpuTssG2KgCaH9z3sI=,NPpWSSfVEip4ulrNqbVhe6PXq6A=
-16,-1,fARVkoFcRWpuTssG2KgCaH9z3sI=,NPpWSSfVEip4ulrNqbVhe6PXq6A=
-13,-7,fARVkoFcRWpuTssG2KgCaH9z3sI=,NPpWSSfVEip4ulrNqbVhe6PXq6A=
-12,-7,fARVkoFcRWpuTssG2KgCaH9z3sI=,NPpWSSfVEip4ulrNqbVhe6PXq6A=
-11,-7,fARVkoFcRWpuTssG2KgCaH9z3sI=,NPpWSSfVEip4ulrNqbVhe6PXq6A=
-10,-7,fARVkoFcRWpuTssG2KgCaH9z3sI=,NPpWSSfVEip4ulrNqbVhe6PXq6A=
-15,-1,fARVkoFcRWpuTssG2KgCaH9z3sI=,NPpWSSfVEip4ulrNqbVhe6PXq6A=
-16,-6,fARVkoFcRWpuTssG2KgCaH9z3sI=,NPpWSSfVEip4ulrNqbVhe6PXq6A=
-14,-1,fARVkoFcRWpuTssG2KgCaH9z3sI=,NPpWSSfVEip4ulrNqbVhe6PXq6A=
-15,-6,fARVkoFcRWpuTssG2KgCaH9z3sI=,NPpWSSfVEip4ulrNqbVhe6PXq6A=
-14,-6,fARVkoFcRWpuTssG2KgCaH9z3sI=,NPpWSSfVEip4ulrNqbVhe6PXq6A=
-13,-1,fARVkoFcRWpuTssG2KgCaH9z3sI=,NPpWSSfVEip4ulrNqbVhe6PXq6A=
-13,-6,fARVkoFcRWpuTssG2KgCaH9z3sI=,NPpWSSfVEip4ulrNqbVhe6PXq6A=
-12,-6,fARVkoFcRWpuTssG2KgCaH9z3sI=,NPpWSSfVEip4ulrNqbVhe6PXq6A=
-16,-9,fARVkoFcRWpuTssG2KgCaH9z3sI=,BEoNlCTp+SvfKB+2g8Q5E+gPpKA=
-12,-1,fARVkoFcRWpuTssG2KgCaH9z3sI=,NPpWSSfVEip4ulrNqbVhe6PXq6A=
-11,-6,fARVkoFcRWpuTssG2KgCaH9z3sI=,NPpWSSfVEip4ulrNqbVhe6PXq6A=
-10,-6,fARVkoFcRWpuTssG2KgCaH9z3sI=,NPpWSSfVEip4ulrNqbVhe6PXq6A=
-15,-9,fARVkoFcRWpuTssG2KgCaH9z3sI=,BEoNlCTp+SvfKB+2g8Q5E+gPpKA=
-14,-9,fARVkoFcRWpuTssG2KgCaH9z3sI=,BEoNlCTp+SvfKB+2g8Q5E+gPpKA=
-13,-9,fARVkoFcRWpuTssG2KgCaH9z3sI=,BEoNlCTp+SvfKB+2g8Q5E+gPpKA=
-12,-9,fARVkoFcRWpuTssG2KgCaH9z3sI=,BEoNlCTp+SvfKB+2g8Q5E+gPpKA=
-11,-9,fARVkoFcRWpuTssG2KgCaH9z3sI=,BEoNlCTp+SvfKB+2g8Q5E+gPpKA=
-10,-9,fARVkoFcRWpuTssG2KgCaH9z3sI=,BEoNlCTp+SvfKB+2g8Q5E+gPpKA=
-11,-1,fARVkoFcRWpuTssG2KgCaH9z3sI=,NPpWSSfVEip4ulrNqbVhe6PXq6A=
-16,-5,fARVkoFcRWpuTssG2KgCaH9z3sI=,NPpWSSfVEip4ulrNqbVhe6PXq6A=
-15,-5,fARVkoFcRWpuTssG2KgCaH9z3sI=,NPpWSSfVEip4ulrNqbVhe6PXq6A=
-15,-12,fARVkoFcRWpuTssG2KgCaH9z3sI=,BEoNlCTp+SvfKB+2g8Q5E+gPpKA=
-9,-13,fARVkoFcRWpuTssG2KgCaH9z3sI=,BEoNlCTp+SvfKB+2g8Q5E+gPpKA=
-10,-1,fARVkoFcRWpuTssG2KgCaH9z3sI=,NPpWSSfVEip4ulrNqbVhe6PXq6A=
-10,-13,fARVkoFcRWpuTssG2KgCaH9z3sI=,BEoNlCTp+SvfKB+2g8Q5E+gPpKA=
-14,-5,fARVkoFcRWpuTssG2KgCaH9z3sI=,NPpWSSfVEip4ulrNqbVhe6PXq6A=
-13,-5,fARVkoFcRWpuTssG2KgCaH9z3sI=,NPpWSSfVEip4ulrNqbVhe6PXq6A=
-11,-13,fARVkoFcRWpuTssG2KgCaH9z3sI=,BEoNlCTp+SvfKB+2g8Q5E+gPpKA=
-13,-15,fARVkoFcRWpuTssG2KgCaH9z3sI=,BEoNlCTp+SvfKB+2g8Q5E+gPpKA=
-10,-14,fARVkoFcRWpuTssG2KgCaH9z3sI=,BEoNlCTp+SvfKB+2g8Q5E+gPpKA=
-12,-13,fARVkoFcRWpuTssG2KgCaH9z3sI=,BEoNlCTp+SvfKB+2g8Q5E+gPpKA=
-9,-9,0JYhUE8rmHQA9S0Kbs7Ohg/RYCM=,BEoNlCTp+SvfKB+2g8Q5E+gPpKA=
-9,-6,0JYhUE8rmHQA9S0Kbs7Ohg/RYCM=,NPpWSSfVEip4ulrNqbVhe6PXq6A=
-9,-1,0JYhUE8rmHQA9S0Kbs7Ohg/RYCM=,NPpWSSfVEip4ulrNqbVhe6PXq6A=
-1,-1,0JYhUE8rmHQA9S0Kbs7Ohg/RYCM=,OtlQ7rxR8K5SjSXQIZrs9yDle1A=
-9,-7,0JYhUE8rmHQA9S0Kbs7Ohg/RYCM=,NPpWSSfVEip4ulrNqbVhe6PXq6A=
-9,-3,0JYhUE8rmHQA9S0Kbs7Ohg/RYCM=,NPpWSSfVEip4ulrNqbVhe6PXq6A=
-9,-4,0JYhUE8rmHQA9S0Kbs7Ohg/RYCM=,NPpWSSfVEip4ulrNqbVhe6PXq6A=
-9,-8,0JYhUE8rmHQA9S0Kbs7Ohg/RYCM=,NPpWSSfVEip4ulrNqbVhe6PXq6A=
-9,-2,0JYhUE8rmHQA9S0Kbs7Ohg/RYCM=,NPpWSSfVEip4ulrNqbVhe6PXq6A=
-7,-8,0JYhUE8rmHQA9S0Kbs7Ohg/RYCM=,OtlQ7rxR8K5SjSXQIZrs9yDle1A=
-8,-8,0JYhUE8rmHQA9S0Kbs7Ohg/RYCM=,OtlQ7rxR8K5SjSXQIZrs9yDle1A=
-6,-8,0JYhUE8rmHQA9S0Kbs7Ohg/RYCM=,OtlQ7rxR8K5SjSXQIZrs9yDle1A=
-5,-8,0JYhUE8rmHQA9S0Kbs7Ohg/RYCM=,OtlQ7rxR8K5SjSXQIZrs9yDle1A=
-9,-5,0JYhUE8rmHQA9S0Kbs7Ohg/RYCM=,NPpWSSfVEip4ulrNqbVhe6PXq6A=
-7,-7,0JYhUE8rmHQA9S0Kbs7Ohg/RYCM=,OtlQ7rxR8K5SjSXQIZrs9yDle1A=
-2,-1,0JYhUE8rmHQA9S0Kbs7Ohg/RYCM=,OtlQ7rxR8K5SjSXQIZrs9yDle1A=
-6,-7,0JYhUE8rmHQA9S0Kbs7Ohg/RYCM=,OtlQ7rxR8K5SjSXQIZrs9yDle1A=
-4,-7,0JYhUE8rmHQA9S0Kbs7Ohg/RYCM=,OtlQ7rxR8K5SjSXQIZrs9yDle1A=
-3,-7,0JYhUE8rmHQA9S0Kbs7Ohg/RYCM=,OtlQ7rxR8K5SjSXQIZrs9yDle1A=
-2,-7,0JYhUE8rmHQA9S0Kbs7Ohg/RYCM=,OtlQ7rxR8K5SjSXQIZrs9yDle1A=
-1,-7,0JYhUE8rmHQA9S0Kbs7Ohg/RYCM=,OtlQ7rxR8K5SjSXQIZrs9yDle1A=
-8,-6,0JYhUE8rmHQA9S0Kbs7Ohg/RYCM=,OtlQ7rxR8K5SjSXQIZrs9yDle1A=
-5,-7,0JYhUE8rmHQA9S0Kbs7Ohg/RYCM=,OtlQ7rxR8K5SjSXQIZrs9yDle1A=
-3,-1,0JYhUE8rmHQA9S0Kbs7Ohg/RYCM=,OtlQ7rxR8K5SjSXQIZrs9yDle1A=
-5,-6,0JYhUE8rmHQA9S0Kbs7Ohg/RYCM=,OtlQ7rxR8K5SjSXQIZrs9yDle1A=
-6,-6,0JYhUE8rmHQA9S0Kbs7Ohg/RYCM=,OtlQ7rxR8K5SjSXQIZrs9yDle1A=
-2,-6,0JYhUE8rmHQA9S0Kbs7Ohg/RYCM=,OtlQ7rxR8K5SjSXQIZrs9yDle1A=
-1,-6,0JYhUE8rmHQA9S0Kbs7Ohg/RYCM=,OtlQ7rxR8K5SjSXQIZrs9yDle1A=
-3,-8,0JYhUE8rmHQA9S0Kbs7Ohg/RYCM=,OtlQ7rxR8K5SjSXQIZrs9yDle1A=
-7,-6,0JYhUE8rmHQA9S0Kbs7Ohg/RYCM=,OtlQ7rxR8K5SjSXQIZrs9yDle1A=
-8,-5,0JYhUE8rmHQA9S0Kbs7Ohg/RYCM=,OtlQ7rxR8K5SjSXQIZrs9yDle1A=
-3,-6,0JYhUE8rmHQA9S0Kbs7Ohg/RYCM=,OtlQ7rxR8K5SjSXQIZrs9yDle1A=
-2,-8,0JYhUE8rmHQA9S0Kbs7Ohg/RYCM=,OtlQ7rxR8K5SjSXQIZrs9yDle1A=
-4,-1,0JYhUE8rmHQA9S0Kbs7Ohg/RYCM=,OtlQ7rxR8K5SjSXQIZrs9yDle1A=
-5,-5,0JYhUE8rmHQA9S0Kbs7Ohg/RYCM=,OtlQ7rxR8K5SjSXQIZrs9yDle1A=
-6,-5,0JYhUE8rmHQA9S0Kbs7Ohg/RYCM=,OtlQ7rxR8K5SjSXQIZrs9yDle1A=
-4,-5,0JYhUE8rmHQA9S0Kbs7Ohg/RYCM=,OtlQ7rxR8K5SjSXQIZrs9yDle1A=
-1,-5,0JYhUE8rmHQA9S0Kbs7Ohg/RYCM=,OtlQ7rxR8K5SjSXQIZrs9yDle1A=
-6,-4,0JYhUE8rmHQA9S0Kbs7Ohg/RYCM=,OtlQ7rxR8K5SjSXQIZrs9yDle1A=
-5,-1,0JYhUE8rmHQA9S0Kbs7Ohg/RYCM=,OtlQ7rxR8K5SjSXQIZrs9yDle1A=
-1,-8,0JYhUE8rmHQA9S0Kbs7Ohg/RYCM=,OtlQ7rxR8K5SjSXQIZrs9yDle1A=
-5,-4,0JYhUE8rmHQA9S0Kbs7Ohg/RYCM=,OtlQ7rxR8K5SjSXQIZrs9yDle1A=
-2,-4,0JYhUE8rmHQA9S0Kbs7Ohg/RYCM=,OtlQ7rxR8K5SjSXQIZrs9yDle1A=
-3,-4,0JYhUE8rmHQA9S0Kbs7Ohg/RYCM=,OtlQ7rxR8K5SjSXQIZrs9yDle1A=
-6,-1,0JYhUE8rmHQA9S0Kbs7Ohg/RYCM=,OtlQ7rxR8K5SjSXQIZrs9yDle1A=
-4,-4,0JYhUE8rmHQA9S0Kbs7Ohg/RYCM=,OtlQ7rxR8K5SjSXQIZrs9yDle1A=
-1,-4,0JYhUE8rmHQA9S0Kbs7Ohg/RYCM=,OtlQ7rxR8K5SjSXQIZrs9yDle1A=
-7,-1,0JYhUE8rmHQA9S0Kbs7Ohg/RYCM=,OtlQ7rxR8K5SjSXQIZrs9yDle1A=
-6,-3,0JYhUE8rmHQA9S0Kbs7Ohg/RYCM=,OtlQ7rxR8K5SjSXQIZrs9yDle1A=
-5,-3,0JYhUE8rmHQA9S0Kbs7Ohg/RYCM=,OtlQ7rxR8K5SjSXQIZrs9yDle1A=
-4,-8,0JYhUE8rmHQA9S0Kbs7Ohg/RYCM=,OtlQ7rxR8K5SjSXQIZrs9yDle1A=
-8,-1,0JYhUE8rmHQA9S0Kbs7Ohg/RYCM=,OtlQ7rxR8K5SjSXQIZrs9yDle1A=
-3,-5,0JYhUE8rmHQA9S0Kbs7Ohg/RYCM=,OtlQ7rxR8K5SjSXQIZrs9yDle1A=
-1,-2,0JYhUE8rmHQA9S0Kbs7Ohg/RYCM=,OtlQ7rxR8K5SjSXQIZrs9yDle1A=
-3,-3,0JYhUE8rmHQA9S0Kbs7Ohg/RYCM=,OtlQ7rxR8K5SjSXQIZrs9yDle1A=
-4,-3,0JYhUE8rmHQA9S0Kbs7Ohg/RYCM=,OtlQ7rxR8K5SjSXQIZrs9yDle1A=
-8,-7,0JYhUE8rmHQA9S0Kbs7Ohg/RYCM=,OtlQ7rxR8K5SjSXQIZrs9yDle1A=
-2,-3,0JYhUE8rmHQA9S0Kbs7Ohg/RYCM=,OtlQ7rxR8K5SjSXQIZrs9yDle1A=
-8,-2,0JYhUE8rmHQA9S0Kbs7Ohg/RYCM=,OtlQ7rxR8K5SjSXQIZrs9yDle1A=
-7,-2,0JYhUE8rmHQA9S0Kbs7Ohg/RYCM=,OtlQ7rxR8K5SjSXQIZrs9yDle1A=
-7,-5,0JYhUE8rmHQA9S0Kbs7Ohg/RYCM=,OtlQ7rxR8K5SjSXQIZrs9yDle1A=
-2,-2,0JYhUE8rmHQA9S0Kbs7Ohg/RYCM=,OtlQ7rxR8K5SjSXQIZrs9yDle1A=
-8,-4,0JYhUE8rmHQA9S0Kbs7Ohg/RYCM=,OtlQ7rxR8K5SjSXQIZrs9yDle1A=
-2,-5,0JYhUE8rmHQA9S0Kbs7Ohg/RYCM=,OtlQ7rxR8K5SjSXQIZrs9yDle1A=
-7,-3,0JYhUE8rmHQA9S0Kbs7Ohg/RYCM=,OtlQ7rxR8K5SjSXQIZrs9yDle1A=
-4,-2,0JYhUE8rmHQA9S0Kbs7Ohg/RYCM=,OtlQ7rxR8K5SjSXQIZrs9yDle1A=
-4,-6,0JYhUE8rmHQA9S0Kbs7Ohg/RYCM=,OtlQ7rxR8K5SjSXQIZrs9yDle1A=
-8,-3,0JYhUE8rmHQA9S0Kbs7Ohg/RYCM=,OtlQ7rxR8K5SjSXQIZrs9yDle1A=
-7,-4,0JYhUE8rmHQA9S0Kbs7Ohg/RYCM=,OtlQ7rxR8K5SjSXQIZrs9yDle1A=
-1,-3,0JYhUE8rmHQA9S0Kbs7Ohg/RYCM=,OtlQ7rxR8K5SjSXQIZrs9yDle1A=
-6,-2,0JYhUE8rmHQA9S0Kbs7Ohg/RYCM=,OtlQ7rxR8K5SjSXQIZrs9yDle1A=
-5,-2,0JYhUE8rmHQA9S0Kbs7Ohg/RYCM=,OtlQ7rxR8K5SjSXQIZrs9yDle1A=
-3,-2,0JYhUE8rmHQA9S0Kbs7Ohg/RYCM=,OtlQ7rxR8K5SjSXQIZrs9yDle1A=
