0,-8,qCa8InQbGaDvClSJJ407fpw3E1E=,YG7asbc9sa0eGIsmlw7X3wexn2s=
5,-5,qCa8InQbGaDvClSJJ407fpw3E1E=,YG7asbc9sa0eGIsmlw7X3wexn2s=
6,-7,qCa8InQbGaDvClSJJ407fpw3E1E=,YG7asbc9sa0eGIsmlw7X3wexn2s=
7,-7,qCa8InQbGaDvClSJJ407fpw3E1E=,YG7asbc9sa0eGIsmlw7X3wexn2s=
5,-7,qCa8InQbGaDvClSJJ407fpw3E1E=,YG7asbc9sa0eGIsmlw7X3wexn2s=
7,-6,qCa8InQbGaDvClSJJ407fpw3E1E=,YG7asbc9sa0eGIsmlw7X3wexn2s=
4,-7,qCa8InQbGaDvClSJJ407fpw3E1E=,YG7asbc9sa0eGIsmlw7X3wexn2s=
3,-8,qCa8InQbGaDvClSJJ407fpw3E1E=,YG7asbc9sa0eGIsmlw7X3wexn2s=
3,-7,qCa8InQbGaDvClSJJ407fpw3E1E=,YG7asbc9sa0eGIsmlw7X3wexn2s=
5,-4,qCa8InQbGaDvClSJJ407fpw3E1E=,YG7asbc9sa0eGIsmlw7X3wexn2s=
3,-3,qCa8InQbGaDvClSJJ407fpw3E1E=,YG7asbc9sa0eGIsmlw7X3wexn2s=
2,-8,qCa8InQbGaDvClSJJ407fpw3E1E=,YG7asbc9sa0eGIsmlw7X3wexn2s=
2,-7,qCa8InQbGaDvClSJJ407fpw3E1E=,YG7asbc9sa0eGIsmlw7X3wexn2s=
2,-3,qCa8InQbGaDvClSJJ407fpw3E1E=,YG7asbc9sa0eGIsmlw7X3wexn2s=
4,-5,qCa8InQbGaDvClSJJ407fpw3E1E=,YG7asbc9sa0eGIsmlw7X3wexn2s=
3,-5,qCa8InQbGaDvClSJJ407fpw3E1E=,YG7asbc9sa0eGIsmlw7X3wexn2s=
1,-5,qCa8InQbGaDvClSJJ407fpw3E1E=,YG7asbc9sa0eGIsmlw7X3wexn2s=
2,-5,qCa8InQbGaDvClSJJ407fpw3E1E=,YG7asbc9sa0eGIsmlw7X3wexn2s=
0,-5,qCa8InQbGaDvClSJJ407fpw3E1E=,YG7asbc9sa0eGIsmlw7X3wexn2s=
7,-4,qCa8InQbGaDvClSJJ407fpw3E1E=,YG7asbc9sa0eGIsmlw7X3wexn2s=
6,-6,qCa8InQbGaDvClSJJ407fpw3E1E=,YG7asbc9sa0eGIsmlw7X3wexn2s=
5,-6,qCa8InQbGaDvClSJJ407fpw3E1E=,YG7asbc9sa0eGIsmlw7X3wexn2s=
6,-4,qCa8InQbGaDvClSJJ407fpw3E1E=,YG7asbc9sa0eGIsmlw7X3wexn2s=
3,-4,qCa8InQbGaDvClSJJ407fpw3E1E=,YG7asbc9sa0eGIsmlw7X3wexn2s=
4,-4,qCa8InQbGaDvClSJJ407fpw3E1E=,YG7asbc9sa0eGIsmlw7X3wexn2s=
1,-3,qCa8InQbGaDvClSJJ407fpw3E1E=,YG7asbc9sa0eGIsmlw7X3wexn2s=
2,-4,qCa8InQbGaDvClSJJ407fpw3E1E=,YG7asbc9sa0eGIsmlw7X3wexn2s=
3,-6,qCa8InQbGaDvClSJJ407fpw3E1E=,YG7asbc9sa0eGIsmlw7X3wexn2s=
4,-6,qCa8InQbGaDvClSJJ407fpw3E1E=,YG7asbc9sa0eGIsmlw7X3wexn2s=
0,-3,qCa8InQbGaDvClSJJ407fpw3E1E=,YG7asbc9sa0eGIsmlw7X3wexn2s=
2,-6,qCa8InQbGaDvClSJJ407fpw3E1E=,YG7asbc9sa0eGIsmlw7X3wexn2s=
6,-1,qCa8InQbGaDvClSJJ407fpw3E1E=,YG7asbc9sa0eGIsmlw7X3wexn2s=
1,-4,qCa8InQbGaDvClSJJ407fpw3E1E=,YG7asbc9sa0eGIsmlw7X3wexn2s=
4,-8,qCa8InQbGaDvClSJJ407fpw3E1E=,YG7asbc9sa0eGIsmlw7X3wexn2s=
5,-8,qCa8InQbGaDvClSJJ407fpw3E1E=,YG7asbc9sa0eGIsmlw7X3wexn2s=
6,-8,qCa8InQbGaDvClSJJ407fpw3E1E=,YG7asbc9sa0eGIsmlw7X3wexn2s=
7,-8,qCa8InQbGaDvClSJJ407fpw3E1E=,YG7asbc9sa0eGIsmlw7X3wexn2s=
7,-1,qCa8InQbGaDvClSJJ407fpw3E1E=,YG7asbc9sa0eGIsmlw7X3wexn2s=
0,-7,qCa8InQbGaDvClSJJ407fpw3E1E=,YG7asbc9sa0eGIsmlw7X3wexn2s=
1,-8,qCa8InQbGaDvClSJJ407fpw3E1E=,YG7asbc9sa0eGIsmlw7X3wexn2s=
5,-1,qCa8InQbGaDvClSJJ407fpw3E1E=,YG7asbc9sa0eGIsmlw7X3wexn2s=
6,-5,qCa8InQbGaDvClSJJ407fpw3E1E=,YG7asbc9sa0eGIsmlw7X3wexn2s=
1,-7,qCa8InQbGaDvClSJJ407fpw3E1E=,YG7asbc9sa0eGIsmlw7X3wexn2s=
6,-3,qCa8InQbGaDvClSJJ407fpw3E1E=,YG7asbc9sa0eGIsmlw7X3wexn2s=
5,-3,qCa8InQbGaDvClSJJ407fpw3E1E=,YG7asbc9sa0eGIsmlw7X3wexn2s=
4,-1,qCa8InQbGaDvClSJJ407fpw3E1E=,YG7asbc9sa0eGIsmlw7X3wexn2s=
4,-3,qCa8InQbGaDvClSJJ407fpw3E1E=,YG7asbc9sa0eGIsmlw7X3wexn2s=
0,-6,qCa8InQbGaDvClSJJ407fpw3E1E=,YG7asbc9sa0eGIsmlw7X3wexn2s=
7,-5,qCa8InQbGaDvClSJJ407fpw3E1E=,YG7asbc9sa0eGIsmlw7X3wexn2s=
6,-2,qCa8InQbGaDvClSJJ407fpw3E1E=,YG7asbc9sa0eGIsmlw7X3wexn2s=
5,-2,qCa8InQbGaDvClSJJ407fpw3E1E=,YG7asbc9sa0eGIsmlw7X3wexn2s=
4,-2,qCa8InQbGaDvClSJJ407fpw3E1E=,YG7asbc9sa0eGIsmlw7X3wexn2s=
1,-2,qCa8InQbGaDvClSJJ407fpw3E1E=,YG7asbc9sa0eGIsmlw7X3wexn2s=
2,-2,qCa8InQbGaDvClSJJ407fpw3E1E=,YG7asbc9sa0eGIsmlw7X3wexn2s=
7,-2,qCa8InQbGaDvClSJJ407fpw3E1E=,YG7asbc9sa0eGIsmlw7X3wexn2s=
0,-2,qCa8InQbGaDvClSJJ407fpw3E1E=,YG7asbc9sa0eGIsmlw7X3wexn2s=
1,-6,qCa8InQbGaDvClSJJ407fpw3E1E=,YG7asbc9sa0eGIsmlw7X3wexn2s=
3,-2,qCa8InQbGaDvClSJJ407fpw3E1E=,YG7asbc9sa0eGIsmlw7X3wexn2s=
0,-4,qCa8InQbGaDvClSJJ407fpw3E1E=,YG7asbc9sa0eGIsmlw7X3wexn2s=
7,-3,qCa8InQbGaDvClSJJ407fpw3E1E=,YG7asbc9sa0eGIsmlw7X3wexn2s=
0,-1,qCa8InQbGaDvClSJJ407fpw3E1E=,YG7asbc9sa0eGIsmlw7X3wexn2s=
2,-1,qCa8InQbGaDvClSJJ407fpw3E1E=,YG7asbc9sa0eGIsmlw7X3wexn2s=
1,-1,qCa8InQbGaDvClSJJ407fpw3E1E=,YG7asbc9sa0eGIsmlw7X3wexn2s=
3,-1,qCa8InQbGaDvClSJJ407fpw3E1E=,YG7asbc9sa0eGIsmlw7X3wexn2s=
